approach,attack_type,trust_mode,trial,seed,n_rounds,final_nsw_ratio,final_nsw_legit,offline_nsw,final_min_util,final_fairness_gap,final_detection_rate,final_fp_rate,final_fn_rate,final_algorithm1_detection_rate,final_algorithm1_fp_rate,avg_malicious_resource_share,final_malicious_resource_share,avg_malicious_trusted_count,final_malicious_trusted_count,avg_alpha_t,avg_expert_defensive_weight,avg_expert_aggressive_weight,avg_expert_gm_weight
adaptive_alpha,burst,algorithm1,0,42,400,0.6801547214622788,5.4333897136257425,7.988461363532675,4.783926717002123,1.3833466307423006,1.0,0.0,0.0,1.0,0.0,0.13054742030006253,0.0,1.285,0.0,0.3361665939648646,,,
adaptive_alpha,burst,algorithm1,1,55,400,0.7224669020353486,5.788053314987218,8.011513466819027,5.210006948503837,1.101661008507488,1.0,0.0,0.0,1.0,0.0,0.09442412137825604,0.0,0.935,0.0,0.31691537498161926,,,
adaptive_alpha,burst,algorithm1,2,68,400,0.7195000622995035,5.587268465929594,7.76548711903211,4.983725686002192,1.70207789723331,1.0,0.0,0.0,1.0,0.0,0.08124982859513753,0.0,0.7325,0.0,0.33944677132353346,,,
adaptive_alpha,burst,algorithm1,3,81,400,0.7258096191733755,5.615960726503055,7.737512121841362,5.097150464342741,1.0860547625040065,1.0,0.0,0.0,1.0,0.0,0.07204282251235301,0.0,0.635,0.0,0.3507602361479876,,,
adaptive_alpha,burst,algorithm1,4,94,400,0.746223341607911,5.866256908323259,7.8612616106098345,5.303774310136115,1.3451995525125824,1.0,0.0,0.0,1.0,0.0,0.04677048940088366,0.0,0.33,0.0,0.3364574744772061,,,
adaptive_alpha,burst,algorithm1,5,107,400,0.6814089486957724,5.307055585930031,7.788356164220942,4.729474390773476,1.3129260321861835,1.0,0.0,0.0,1.0,0.0,0.12609800626727372,0.0,1.12,0.0,0.35035599828320746,,,
adaptive_alpha,burst,algorithm1,6,120,400,0.6959824089076401,5.402812920119983,7.762858444367607,4.877778270248097,1.0261677353364744,1.0,0.0,0.0,1.0,0.0,0.11886827881818281,0.0,1.1875,0.0,0.336354505819031,,,
adaptive_alpha,burst,algorithm1,7,133,400,0.7128079880766954,5.617455868766702,7.880742026928976,4.944508479479288,1.3690051634804465,1.0,0.0,0.0,1.0,0.0,0.11147832086273457,0.0,1.125,0.0,0.32626140724386515,,,
adaptive_alpha,burst,algorithm1,8,146,400,0.7003444377392367,5.497672933295381,7.849955874629737,5.029813280277535,1.1025400495632756,1.0,0.0,0.0,1.0,0.0,0.11743154818973381,0.0,0.8975,0.0,0.3330875820992098,,,
adaptive_alpha,burst,algorithm1,9,159,400,0.7282664463054924,5.744548332079759,7.887976112619147,4.956218569982216,2.083526308663699,1.0,0.0,0.0,1.0,0.0,0.05672410613461685,0.0,0.58,0.0,0.35049392689580644,,,
adaptive_alpha,burst,algorithm1,10,172,400,0.7052253161773586,5.492555015082159,7.7883690348133,4.624105126329527,1.5583278387920192,1.0,0.0,0.0,1.0,0.0,0.10679526456508368,0.0,1.0475,0.0,0.342101303293491,,,
adaptive_alpha,burst,algorithm1,11,185,400,0.7460555659043802,5.8820017886154785,7.8841336455753455,5.183212012829809,1.5578858630114594,1.0,0.0,0.0,1.0,0.0,0.05284640404245209,0.0,0.5125,0.0,0.3376347756823648,,,
adaptive_alpha,burst,algorithm1,12,198,400,0.6991609453762276,5.572030880493348,7.969596867992914,4.923913869610545,1.4258338557680386,1.0,0.0,0.0,1.0,0.0,0.10702084344095684,0.0,1.085,0.0,0.3469593745490773,,,
adaptive_alpha,burst,algorithm1,13,211,400,0.7466266554365889,5.685182522480045,7.614491769190376,4.718119691937408,2.0615958139184754,1.0,0.0,0.0,1.0,0.0,0.059476371330350615,0.0,0.45,0.0,0.32738099719062963,,,
adaptive_alpha,burst,algorithm1,14,224,400,0.7285437702030608,5.571233181405613,7.647080943198224,5.100511684653352,0.9770442624377242,1.0,0.0,0.0,1.0,0.0,0.06096005317337504,0.0,0.5075,0.0,0.35445538972310553,,,
adaptive_alpha,burst,algorithm1,15,237,400,0.7003218341915128,5.302184553335283,7.571068463767654,4.435020710134484,1.6243406661873925,1.0,0.0,0.0,1.0,0.0,0.10021641080926046,0.0,0.8525,0.0,0.3507944916223591,,,
adaptive_alpha,burst,algorithm1,16,250,400,0.6793925748140487,5.3279374133203055,7.842207305221983,4.94565120636911,0.8566477813036997,1.0,0.0,0.0,1.0,0.0,0.13457269495108576,0.0,1.08,0.0,0.3448722796374528,,,
adaptive_alpha,burst,algorithm1,17,263,400,0.7191737633675189,5.783695439617269,8.042139096586634,5.192485055185113,1.307820362185967,1.0,0.0,0.0,1.0,0.0,0.08430110904520989,0.0,0.7175,0.0,0.3280588707401088,,,
adaptive_alpha,burst,algorithm1,18,276,400,0.7390344256542604,5.857674899671763,7.92611913103509,5.232840248430419,1.3542339443747062,1.0,0.0,0.0,1.0,0.0,0.06847919806169735,0.0,0.535,0.0,0.3306031562842342,,,
adaptive_alpha,burst,algorithm1,19,289,400,0.7066982139770009,5.613434361191477,7.943184587380553,4.860316895641046,1.4367030935819454,1.0,0.0,0.0,1.0,0.0,0.08630522944320716,0.0,0.62,0.0,0.3552271093551003,,,
adaptive_alpha,burst,algorithm1,20,302,400,0.729445176591039,5.603219353164437,7.681481121515268,4.882903811692663,1.1162163242929628,1.0,0.0,0.0,1.0,0.0,0.06524789171645375,0.0,0.52,0.0,0.3463394890403406,,,
adaptive_alpha,burst,algorithm1,21,315,400,0.699716130083637,5.3761858436756915,7.6833813206979755,4.902826605238717,1.1543913635830716,1.0,0.0,0.0,1.0,0.0,0.11904500262495744,0.0,0.9475,0.0,0.3382035376760153,,,
adaptive_alpha,burst,algorithm1,22,328,400,0.7253059376189472,5.819453819114068,8.02344709629473,5.134744563349346,1.37115549574668,1.0,0.0,0.0,1.0,0.0,0.07668418168682187,0.0,0.7825,0.0,0.3464169809407976,,,
adaptive_alpha,burst,algorithm1,23,341,400,0.6870720372068154,5.364463761042702,7.807716615642074,4.698602313344171,1.0768637140504866,1.0,0.0,0.0,1.0,0.0,0.1366401793980626,0.0,1.32,0.0,0.33389546081723753,,,
adaptive_alpha,burst,algorithm1,24,354,400,0.6778353627458401,5.294594700026903,7.811033461841021,4.4082704192214015,1.517542437664181,1.0,0.0,0.0,1.0,0.0,0.13861200621722225,0.0,1.2625,0.0,0.34225488269689136,,,
adaptive_alpha,burst,no_trust,0,42,400,0.5120906839230589,4.090816643144379,7.988461363532675,3.517954385802043,1.0351450004312244,0.0,0.0,1.0,1.0,0.0,0.36069883463647734,0.07379114986036504,4.0,4.0,0.33816677827138636,,,
adaptive_alpha,burst,no_trust,1,55,400,0.5180803464170922,4.150607672214801,8.011513466819027,3.7768255546716176,1.0323135296558563,0.0,0.0,1.0,1.0,0.0,0.36878985081918586,0.07405900521363262,4.0,4.0,0.31915350162257883,,,
adaptive_alpha,burst,no_trust,2,68,400,0.518866089709522,4.029247936141852,7.76548711903211,3.4755416593053745,1.3224838431137602,0.0,0.0,1.0,1.0,0.0,0.36682628943514733,0.07731508750653579,4.0,4.0,0.34240229775865033,,,
adaptive_alpha,burst,no_trust,3,81,400,0.5213592855101725,4.034023791469512,7.737512121841362,3.530324321897952,0.8428634379974227,0.0,0.0,1.0,1.0,0.0,0.35827465049696927,0.08538961022351509,4.0,4.0,0.3539207542406399,,,
adaptive_alpha,burst,no_trust,4,94,400,0.5273267068335307,4.145453196679742,7.8612616106098345,3.60909916979612,1.2372431781994742,0.0,0.0,1.0,1.0,0.0,0.3621859811074847,0.07807575272848877,4.0,4.0,0.3391991501505693,,,
adaptive_alpha,burst,no_trust,5,107,400,0.5209976241362885,4.057715057486328,7.788356164220942,3.7172183348930483,0.8858471732682087,0.0,0.0,1.0,1.0,0.0,0.3609692308377563,0.8050765663395517,4.0,4.0,0.352650371609848,,,
adaptive_alpha,burst,no_trust,6,120,400,0.5137159290512656,3.987904037841768,7.762858444367607,3.210076879705991,1.2878849863141482,0.0,0.0,1.0,1.0,0.0,0.3638102510354602,0.07519711478803949,4.0,4.0,0.33822077250113725,,,
adaptive_alpha,burst,no_trust,7,133,400,0.5307545602878518,4.182739769244683,7.880742026928976,3.4290930251015213,1.385145351098156,0.0,0.0,1.0,1.0,0.0,0.35934530347515886,0.07143432514959924,4.0,4.0,0.3287563629208622,,,
adaptive_alpha,burst,no_trust,8,146,400,0.5317694988017767,4.174367101067918,7.849955874629737,3.7362740248014368,0.793461713528623,0.0,0.0,1.0,1.0,0.0,0.3619656924322946,0.0780253055931976,4.0,4.0,0.3354383431450104,,,
adaptive_alpha,burst,no_trust,9,159,400,0.5040156425688115,3.9756633489691753,7.887976112619147,3.3387201666956536,1.7347919029362306,0.0,0.0,1.0,1.0,0.0,0.3618909575061883,0.07380845282466326,4.0,4.0,0.35277134379119773,,,
adaptive_alpha,burst,no_trust,10,172,400,0.51579966581552,4.017238145404644,7.7883690348133,3.1839698763488666,1.6213464883403512,0.0,0.0,1.0,1.0,0.0,0.3709827368721712,0.8126491031687757,4.0,4.0,0.34414953146990784,,,
adaptive_alpha,burst,no_trust,11,185,400,0.5266764750519413,4.1523877172900345,7.8841336455753455,3.655066026641935,1.030623253301044,0.0,0.0,1.0,1.0,0.0,0.35192271550455884,0.8024457957726097,4.0,4.0,0.34039096636223465,,,
adaptive_alpha,burst,no_trust,12,198,400,0.5141656962340259,4.097693322336089,7.969596867992914,3.418795997841749,1.179820392028157,0.0,0.0,1.0,1.0,0.0,0.36120984992597477,0.07965645937623277,4.0,4.0,0.349452407836513,,,
adaptive_alpha,burst,no_trust,13,211,400,0.5262485402760835,4.007115178480688,7.614491769190376,3.367843345536245,1.2791474476014248,0.0,0.0,1.0,1.0,0.0,0.36132741586693284,0.07237746526941324,4.0,4.0,0.3299105399928658,,,
adaptive_alpha,burst,no_trust,14,224,400,0.513095144355596,3.92368010044922,7.647080943198224,3.5198697640238863,1.002410412541272,0.0,0.0,1.0,1.0,0.0,0.36278572193305025,0.7841107427640949,4.0,4.0,0.3574260890205423,,,
adaptive_alpha,burst,no_trust,15,237,400,0.5189582938206105,3.929068772355893,7.571068463767654,3.4503939786146702,1.2176744402314723,0.0,0.0,1.0,1.0,0.0,0.3581874011084261,0.08626955765137494,4.0,4.0,0.35340829057751294,,,
adaptive_alpha,burst,no_trust,16,250,400,0.5217576613105382,4.09173174308504,7.842207305221983,3.6084759633015886,1.2820399894345962,0.0,0.0,1.0,1.0,0.0,0.3560956623779792,0.07815552541255322,4.0,4.0,0.3473246290496067,,,
adaptive_alpha,burst,no_trust,17,263,400,0.5204130294008078,4.185233970117326,8.042139096586634,3.715866668775919,1.4714451943582887,0.0,0.0,1.0,1.0,0.0,0.36385041257200895,0.8092917372675303,4.0,4.0,0.33070622732632726,,,
adaptive_alpha,burst,no_trust,18,276,400,0.5244639797161461,4.156963983166945,7.92611913103509,3.678393814216394,0.9181858232043782,0.0,0.0,1.0,1.0,0.0,0.3647569609862819,0.07672470173031233,4.0,4.0,0.33381800259109906,,,
adaptive_alpha,burst,no_trust,19,289,400,0.5047532018787834,4.009347853594536,7.943184587380553,3.139652952196257,1.371740584992768,0.0,0.0,1.0,1.0,0.0,0.3689166375791229,0.08330350519483047,4.0,4.0,0.35744217326727734,,,
adaptive_alpha,burst,no_trust,20,302,400,0.5181723610347994,3.9803312089798046,7.681481121515268,3.602230730897651,0.6295174019332408,0.0,0.0,1.0,1.0,0.0,0.3657706668497241,0.10518561500346206,4.0,4.0,0.34948660480107774,,,
adaptive_alpha,burst,no_trust,21,315,400,0.5234284916604273,4.021700695544843,7.6833813206979755,3.574464273076613,1.123681770562261,0.0,0.0,1.0,1.0,0.0,0.3587393841477431,0.8131519905544514,4.0,4.0,0.34052263209881145,,,
adaptive_alpha,burst,no_trust,22,328,400,0.5163522655572006,4.142925085750126,8.02344709629473,3.632930900176891,1.3333318941863284,0.0,0.0,1.0,1.0,0.0,0.36993897147808563,0.80709007036114,4.0,4.0,0.34870591723409544,,,
adaptive_alpha,burst,no_trust,23,341,400,0.5221258884587335,4.076610974776134,7.807716615642074,3.723059324954753,0.7491064727941534,0.0,0.0,1.0,1.0,0.0,0.3643751208861184,0.07754998359146623,4.0,4.0,0.3360819314520289,,,
adaptive_alpha,burst,no_trust,24,354,400,0.5133572113725396,4.009850355908301,7.811033461841021,3.4298320975427665,1.1235366078071558,0.0,0.0,1.0,1.0,0.0,0.3622438321998014,0.07842596700355586,4.0,4.0,0.3447059995249632,,,
adaptive_alpha,burst,oracle,0,42,400,0.7799012756348842,6.23021120777912,7.988461363532675,5.441410780205647,1.6458157318276925,1.0,0.0,0.0,1.0,0.0,0.0,0.0,0.0,0.0,0.3345824971105687,,,
adaptive_alpha,burst,oracle,1,55,400,0.7926287988843238,6.350156296450351,8.011513466819027,5.792539927738672,1.0962739896701903,1.0,0.0,0.0,1.0,0.0,0.0,0.0,0.0,0.0,0.3157993576347793,,,
adaptive_alpha,burst,oracle,2,68,400,0.7801218223646993,6.058025962848928,7.76548711903211,5.468301325758376,1.7155666620779666,1.0,0.0,0.0,1.0,0.0,0.0,0.0,0.0,0.0,0.33892056709350143,,,
adaptive_alpha,burst,oracle,3,81,400,0.7745313728120393,5.992945885879585,7.737512121841362,5.536291028845857,1.0763028243313153,1.0,0.0,0.0,1.0,0.0,0.0,0.0,0.0,0.0,0.35043307755350595,,,
adaptive_alpha,burst,oracle,4,94,400,0.7804312325504825,6.135174088170024,7.8612616106098345,5.594157335474949,1.3394166254608777,1.0,0.0,0.0,1.0,0.0,0.0,0.0,0.0,0.0,0.33605914991954305,,,
adaptive_alpha,burst,oracle,5,107,400,0.7728471810611061,6.019209106618044,7.788356164220942,5.346386080198829,1.4138395865065485,1.0,0.0,0.0,1.0,0.0,0.0,0.0,0.0,0.0,0.34952061150500113,,,
adaptive_alpha,burst,oracle,6,120,400,0.7830555536703219,6.07874941721861,7.762858444367607,5.53006846208672,1.1259591748682416,1.0,0.0,0.0,1.0,0.0,0.0,0.0,0.0,0.0,0.33578862720665276,,,
adaptive_alpha,burst,oracle,7,133,400,0.7865358494585815,6.198486124514525,7.880742026928976,5.502028367406185,1.587237887606336,1.0,0.0,0.0,1.0,0.0,0.0,0.0,0.0,0.0,0.32536480169059173,,,
adaptive_alpha,burst,oracle,8,146,400,0.7844172142871144,6.157640519453827,7.849955874629737,5.64102658833626,1.2579886803503664,1.0,0.0,0.0,1.0,0.0,0.0,0.0,0.0,0.0,0.3326593670580906,,,
adaptive_alpha,burst,oracle,9,159,400,0.769418176546222,6.069152197211581,7.887976112619147,5.29253212898074,2.2385024482851774,1.0,0.0,0.0,1.0,0.0,0.0,0.0,0.0,0.0,0.3501549735639149,,,
adaptive_alpha,burst,oracle,10,172,400,0.7804856809524157,6.078710509644967,7.7883690348133,5.139295449204802,1.7429927266909298,1.0,0.0,0.0,1.0,0.0,0.0,0.0,0.0,0.0,0.34157543438773386,,,
adaptive_alpha,burst,oracle,11,185,400,0.781511905226533,6.1615443064142,7.8841336455753455,5.437364432914823,1.5550266297585695,1.0,0.0,0.0,1.0,0.0,0.0,0.0,0.0,0.0,0.336838589262401,,,
adaptive_alpha,burst,oracle,12,198,400,0.7714265505484654,6.147958621137628,7.969596867992914,5.491783231607359,1.4047012089335302,1.0,0.0,0.0,1.0,0.0,0.0,0.0,0.0,0.0,0.34598833093103004,,,
adaptive_alpha,burst,oracle,13,211,400,0.790996676649866,6.023037683807346,7.614491769190376,5.041361644854989,2.1285565226814667,1.0,0.0,0.0,1.0,0.0,0.0,0.0,0.0,0.0,0.326823586132961,,,
adaptive_alpha,burst,oracle,14,224,400,0.7718414427711068,5.902333988185553,7.647080943198224,5.373932995987343,1.0334863685550388,1.0,0.0,0.0,1.0,0.0,0.0,0.0,0.0,0.0,0.3539418292884093,,,
adaptive_alpha,burst,oracle,15,237,400,0.7729510168311005,5.852065067567086,7.571068463767654,4.940449091796672,1.7857152857446872,1.0,0.0,0.0,1.0,0.0,0.0,0.0,0.0,0.0,0.35006764019763476,,,
adaptive_alpha,burst,oracle,16,250,400,0.7779736418633013,6.1010305774905325,7.842207305221983,5.655501844484584,0.8922966314873779,1.0,0.0,0.0,1.0,0.0,0.0,0.0,0.0,0.0,0.3440738315281528,,,
adaptive_alpha,burst,oracle,17,263,400,0.7849811904909396,6.312927922132306,8.042139096586634,5.654639783789733,1.4564343693917978,1.0,0.0,0.0,1.0,0.0,0.0,0.0,0.0,0.0,0.3276499854651695,,,
adaptive_alpha,burst,oracle,18,276,400,0.7855671629213576,6.226498918743933,7.92611913103509,5.555535480573228,1.3836102028460626,1.0,0.0,0.0,1.0,0.0,0.0,0.0,0.0,0.0,0.3301570724125962,,,
adaptive_alpha,burst,oracle,19,289,400,0.7708436603470545,6.122953482148733,7.943184587380553,5.300360062133514,1.5885259877930613,1.0,0.0,0.0,1.0,0.0,0.0,0.0,0.0,0.0,0.3546138558816155,,,
adaptive_alpha,burst,oracle,20,302,400,0.775669997619792,5.958294443242226,7.681481121515268,5.282037133119447,1.0501508681638185,1.0,0.0,0.0,1.0,0.0,0.0,0.0,0.0,0.0,0.3462638078220545,,,
adaptive_alpha,burst,oracle,21,315,400,0.7857692790734626,6.0373650012113576,7.6833813206979755,5.548264210932712,1.1114320510225832,1.0,0.0,0.0,1.0,0.0,0.0,0.0,0.0,0.0,0.3374005748657262,,,
adaptive_alpha,burst,oracle,22,328,400,0.775065437834944,6.218696536635185,8.02344709629473,5.498288528526361,1.481193504417024,1.0,0.0,0.0,1.0,0.0,0.0,0.0,0.0,0.0,0.34585294202700095,,,
adaptive_alpha,burst,oracle,23,341,400,0.7870311354679717,6.144916073420931,7.807716615642074,5.450058603058492,1.0188149148736096,1.0,0.0,0.0,1.0,0.0,0.0,0.0,0.0,0.0,0.3330055685485356,,,
adaptive_alpha,burst,oracle,24,354,400,0.7778360172958125,6.075703158922742,7.811033461841021,5.045804013345265,1.7686467027251735,1.0,0.0,0.0,1.0,0.0,0.0,0.0,0.0,0.0,0.34160297981148313,,,
adaptive_alpha,burst,sparse_online,0,42,400,0.7779484370124164,6.2146110318943215,7.988461363532675,5.426287054336688,1.6512722548360443,1.0,0.0,0.0,1.0,0.0,0.0013299758637884485,0.0,0.0025,0.0,0.3346190124886575,,,
adaptive_alpha,burst,sparse_online,1,55,400,0.7910338308134783,6.337378188271625,8.011513466819027,5.781847192695561,1.0948305458404164,1.0,0.0,0.0,1.0,0.0,0.000524814376591142,0.0,0.01,0.0,0.3157537418927131,,,
adaptive_alpha,burst,sparse_online,2,68,400,0.7759448748134352,6.025589930442714,7.76548711903211,5.436905789881861,1.7354980373887665,1.0,0.0,0.0,1.0,0.0,0.0041557912701310155,0.0,0.0125,0.0,0.33891835849551255,,,
adaptive_alpha,burst,sparse_online,3,81,400,0.7745767719887576,5.993297162559765,7.737512121841362,5.536851532422137,1.0762591872356806,1.0,0.0,0.0,1.0,0.0,0.0,0.0,0.0,0.0,0.3504171854753899,,,
adaptive_alpha,burst,sparse_online,4,94,400,0.7804871625958366,6.1356137688884465,7.8612616106098345,5.592564946700635,1.3422434648132118,1.0,0.0,0.0,1.0,0.0,0.0,0.0,0.0,0.0,0.33605856488782565,,,
adaptive_alpha,burst,sparse_online,5,107,400,0.7728523470754322,6.019249341377565,7.788356164220942,5.347360995619074,1.4133994910007974,1.0,0.0,0.0,1.0,0.0,0.0,0.0,0.0,0.0,0.3495192734584839,,,
adaptive_alpha,burst,sparse_online,6,120,400,0.7831366867162851,6.079379241569583,7.762858444367607,5.530307094781205,1.1242017825975106,1.0,0.0,0.0,1.0,0.0,0.0,0.0,0.0,0.0,0.3357640615995796,,,
adaptive_alpha,burst,sparse_online,7,133,400,0.7861639172473247,6.195555022706105,7.880742026928976,5.498083960085209,1.5807607565882735,1.0,0.0,0.0,1.0,0.0,0.0,0.0,0.0,0.0,0.3253140505128518,,,
adaptive_alpha,burst,sparse_online,8,146,400,0.7834726028130878,6.15022536106405,7.849955874629737,5.640173063168082,1.2510030178449263,1.0,0.0,0.0,1.0,0.0,0.0016224103160272319,0.0,0.01,0.0,0.3326364198466868,,,
adaptive_alpha,burst,sparse_online,9,159,400,0.7688505051792931,6.064674419029427,7.887976112619147,5.291778354605491,2.2355659402465564,1.0,0.0,0.0,1.0,0.0,0.0,0.0,0.0,0.0,0.35015241646894407,,,
adaptive_alpha,burst,sparse_online,10,172,400,0.7769860538448405,6.051454122246936,7.7883690348133,5.118312743868006,1.7510590956522263,1.0,0.0,0.0,1.0,0.0,0.004094745903588093,0.0,0.01,0.0,0.34157839475365587,,,
adaptive_alpha,burst,sparse_online,11,185,400,0.7808276357946303,6.156149434763497,7.8841336455753455,5.431104045906483,1.5594777697684128,1.0,0.0,0.0,1.0,0.0,0.0,0.0,0.0,0.0,0.3368317738972894,,,
adaptive_alpha,burst,sparse_online,12,198,400,0.7696580657481342,6.133864510211815,7.969596867992914,5.471214847094278,1.418716134749996,1.0,0.0,0.0,1.0,0.0,0.0019090762722622679,0.0,0.0175,0.0,0.3459799339025615,,,
adaptive_alpha,burst,sparse_online,13,211,400,0.7907743527563492,6.021344800350068,7.614491769190376,5.046505685691099,2.122107113183011,1.0,0.0,0.0,1.0,0.0,0.0005142506111188196,0.0,0.01,0.0,0.32680424408461706,,,
adaptive_alpha,burst,sparse_online,14,224,400,0.7704488696411819,5.891684868741695,7.647080943198224,5.371941959839523,1.0258595653214417,1.0,0.0,0.0,1.0,0.0,0.0013341717552307578,0.0,0.0025,0.0,0.35399230187043584,,,
adaptive_alpha,burst,sparse_online,15,237,400,0.7728693589968608,5.851446830513455,7.571068463767654,4.940608915842123,1.7739429785895897,1.0,0.0,0.0,1.0,0.0,0.0,0.0,0.0,0.0,0.3500654547298108,,,
adaptive_alpha,burst,sparse_online,16,250,400,0.7769491816900042,6.092996548435592,7.842207305221983,5.651487067630137,0.8909312170554875,1.0,0.0,0.0,1.0,0.0,0.0020580799639471382,0.0,0.0175,0.0,0.34395541038974176,,,
adaptive_alpha,burst,sparse_online,17,263,400,0.7820584421468699,6.289422773404979,8.042139096586634,5.62753665015243,1.444864999024018,1.0,0.0,0.0,1.0,0.0,0.0029952946581582574,0.0,0.0125,0.0,0.3277088620163033,,,
adaptive_alpha,burst,sparse_online,18,276,400,0.7853630794957558,6.224881329199943,7.92611913103509,5.563405657696962,1.3753704687197734,1.0,0.0,0.0,1.0,0.0,0.00013946645456527126,0.0,0.0025,0.0,0.33014616796253404,,,
adaptive_alpha,burst,sparse_online,19,289,400,0.7695180520588116,6.112423930824658,7.943184587380553,5.288846555902534,1.581783439340513,1.0,0.0,0.0,1.0,0.0,0.0016780849840971764,0.0,0.01,0.0,0.3546106276922184,,,
adaptive_alpha,burst,sparse_online,20,302,400,0.7757073382271081,5.958581274412389,7.681481121515268,5.276347312406946,1.057326158778336,1.0,0.0,0.0,1.0,0.0,0.0,0.0,0.0,0.0,0.34623018189531046,,,
adaptive_alpha,burst,sparse_online,21,315,400,0.7847428283345574,6.029478388777437,7.6833813206979755,5.543495599663153,1.1090792712866024,1.0,0.0,0.0,1.0,0.0,0.0015444250022978363,0.0,0.0075,0.0,0.33745177270112153,,,
adaptive_alpha,burst,sparse_online,22,328,400,0.772635053388782,6.199196475607747,8.02344709629473,5.4785239385120965,1.4945421073648735,1.0,0.0,0.0,1.0,0.0,0.002559519025365774,0.0,0.005,0.0,0.3458650860931815,,,
adaptive_alpha,burst,sparse_online,23,341,400,0.7851857215248265,6.130507604314298,7.807716615642074,5.435370315412759,1.0226097462960464,1.0,0.0,0.0,1.0,0.0,0.0028574929173012004,0.0,0.01,0.0,0.3330660247968883,,,
adaptive_alpha,burst,sparse_online,24,354,400,0.7758456785075428,6.0601565560471675,7.811033461841021,5.035134504927517,1.7556547172058368,1.0,0.0,0.0,1.0,0.0,0.0016264011068823408,0.0,0.01,0.0,0.34161917352461296,,,
adaptive_alpha,byzantine,algorithm1,0,42,400,0.798179141842035,6.3762232357827635,7.988461363532675,5.64821388337074,1.5871180073245714,1.0,0.0,0.0,1.0,0.0,0.020775864755352296,0.0,0.0925,0.0,0.27802887021146633,,,
adaptive_alpha,byzantine,algorithm1,1,55,400,0.8033530979200646,6.436074162597382,8.011513466819027,5.887684898898244,1.0924752218019638,1.0,0.0,0.0,1.0,0.0,0.01735633347090651,0.0,0.0825,0.0,0.2761083004853369,,,
adaptive_alpha,byzantine,algorithm1,2,68,400,0.8089732690563884,6.282071500498682,7.76548711903211,5.621303203344028,1.7705965873101013,1.0,0.0,0.0,1.0,0.0,0.0028204501147909115,0.0,0.01,0.0,0.28699098358375985,,,
adaptive_alpha,byzantine,algorithm1,3,81,400,0.8073661487921802,6.24700536304387,7.737512121841362,5.746308311475734,1.1327403804432237,1.0,0.0,0.0,1.0,0.0,0.002067371382875931,0.0,0.0175,0.0,0.29301505554533647,,,
adaptive_alpha,byzantine,algorithm1,4,94,400,0.8109593184732572,6.3751633580801315,7.8612616106098345,5.813381249285799,1.3814023759436225,1.0,0.0,0.0,1.0,0.0,0.0015964308586521533,0.0,0.0075,0.0,0.2861451462925002,,,
adaptive_alpha,byzantine,algorithm1,5,107,400,0.8053159643070039,6.272087554755986,7.788356164220942,5.536727416995945,1.5423802756191414,1.0,0.0,0.0,1.0,0.0,0.010357036716878407,0.0,0.04,0.0,0.2839709053563321,,,
adaptive_alpha,byzantine,algorithm1,6,120,400,0.8123500786811991,6.306158668073037,7.762858444367607,5.77258046724578,1.162723591637124,1.0,0.0,0.0,1.0,0.0,0.006232862822257362,0.0,0.035,0.0,0.28132264823480496,,,
adaptive_alpha,byzantine,algorithm1,7,133,400,0.8085474610691407,6.371953957214297,7.880742026928976,5.632327674906706,1.6586262168134756,1.0,0.0,0.0,1.0,0.0,0.008923492285117216,0.0,0.065,0.0,0.278134975031028,,,
adaptive_alpha,byzantine,algorithm1,8,146,400,0.8045667739439761,6.315813673653411,7.849955874629737,5.775800359027693,1.2832446050845903,1.0,0.0,0.0,1.0,0.0,0.011848229785561189,0.0,0.055,0.0,0.28125594846261787,,,
adaptive_alpha,byzantine,algorithm1,9,159,400,0.797706370125657,6.29228879243531,7.887976112619147,5.475068724240597,2.331380760464069,1.0,0.0,0.0,1.0,0.0,0.014716442631911955,0.0,0.06,0.0,0.2870590177956023,,,
adaptive_alpha,byzantine,algorithm1,10,172,400,0.8029161217280926,6.2534070600194624,7.7883690348133,5.295667240251166,1.7765151235585686,1.0,0.0,0.0,1.0,0.0,0.013876914510815453,0.0,0.0575,0.0,0.2870689103319275,,,
adaptive_alpha,byzantine,algorithm1,11,185,400,0.8068779053801972,6.361533241679373,7.8841336455753455,5.642209008164752,1.5231098830825678,1.0,0.0,0.0,1.0,0.0,0.008028032687812305,0.0,0.04,0.0,0.28785473128904043,,,
adaptive_alpha,byzantine,algorithm1,12,198,400,0.795865575269996,6.342727796015139,7.969596867992914,5.587880406709761,1.5646925270359047,1.0,0.0,0.0,1.0,0.0,0.015294174813632704,0.0,0.08,0.0,0.28413403229979617,,,
adaptive_alpha,byzantine,algorithm1,13,211,400,0.8151878694665788,6.2072413223971035,7.614491769190376,5.2101928153248265,2.1651306879660455,1.0,0.0,0.0,1.0,0.0,0.007282062185916847,0.0,0.03,0.0,0.2794276920598704,,,
adaptive_alpha,byzantine,algorithm1,14,224,400,0.8078222371642302,6.177482035310341,7.647080943198224,5.675106195996258,1.0184167448763581,1.0,0.0,0.0,1.0,0.0,0.007014175421885225,0.0,0.045,0.0,0.2854508511710482,,,
adaptive_alpha,byzantine,algorithm1,15,237,400,0.7996721939991027,6.054372929338496,7.571068463767654,5.126864536809483,1.7977306091423495,1.0,0.0,0.0,1.0,0.0,0.006583419092867289,0.0,0.045,0.0,0.29783378423670787,,,
adaptive_alpha,byzantine,algorithm1,16,250,400,0.8074053299059571,6.331839976463662,7.842207305221983,5.857865523612839,0.9107021020142421,1.0,0.0,0.0,1.0,0.0,0.011023000132088602,0.0,0.06,0.0,0.28288015857040094,,,
adaptive_alpha,byzantine,algorithm1,17,263,400,0.7899541780376499,6.352921379708543,8.042139096586634,5.691021174035409,1.4856016584274494,1.0,0.0,0.0,1.0,0.0,0.028224457254018568,0.0,0.1,0.0,0.28370525859012263,,,
adaptive_alpha,byzantine,algorithm1,18,276,400,0.8068114815718673,6.394883919225543,7.92611913103509,5.690078681926816,1.4841552167329661,1.0,0.0,0.0,1.0,0.0,0.012256823515342645,0.0,0.0625,0.0,0.2812876118041462,,,
adaptive_alpha,byzantine,algorithm1,19,289,400,0.8003598206835204,6.357405792012002,7.943184587380553,5.521106810236544,1.6216199199281505,1.0,0.0,0.0,1.0,0.0,0.005337194562405425,0.0,0.025,0.0,0.298727430254397,,,
adaptive_alpha,byzantine,algorithm1,20,302,400,0.804033520209327,6.17616830655341,7.681481121515268,5.447651811418182,1.1645984586716969,1.0,0.0,0.0,1.0,0.0,0.003104589926335727,0.0,0.0175,0.0,0.2945273354857037,,,
adaptive_alpha,byzantine,algorithm1,21,315,400,0.8187987115038786,6.291142725380472,7.6833813206979755,5.718947105295151,1.1759712489472083,1.0,0.0,0.0,1.0,0.0,0.0015124563453239798,0.0,0.0075,0.0,0.2792527419773789,,,
adaptive_alpha,byzantine,algorithm1,22,328,400,0.7997293621470993,6.416586228540781,8.02344709629473,5.685402468827985,1.5492064685195182,1.0,0.0,0.0,1.0,0.0,0.008332045469233447,0.0,0.0325,0.0,0.2975872366049643,,,
adaptive_alpha,byzantine,algorithm1,23,341,400,0.8071394412791032,6.301916026814914,7.807716615642074,5.6201075090384265,1.068607953533287,1.0,0.0,0.0,1.0,0.0,0.014871466874558195,0.0,0.0875,0.0,0.27763262490218715,,,
adaptive_alpha,byzantine,algorithm1,24,354,400,0.8009915032984881,6.256571434914833,7.811033461841021,5.193684221468738,1.788474153483496,1.0,0.0,0.0,1.0,0.0,0.011425697796744974,0.0,0.0725,0.0,0.2855194318713031,,,
adaptive_alpha,byzantine,no_trust,0,42,400,0.38972482190347657,3.1133016821855755,7.988461363532675,2.6206138855124825,0.947247822807896,0.0,0.0,1.0,1.0,0.0,0.5345614148114147,0.8122672000543095,4.0,4.0,0.2859390055236248,,,
adaptive_alpha,byzantine,no_trust,1,55,400,0.4006457761535459,3.2097790310782943,8.011513466819027,2.697491532883057,1.1266351735633728,0.0,0.0,1.0,1.0,0.0,0.526678483037152,0.07561454333317855,4.0,4.0,0.2841374128068562,,,
adaptive_alpha,byzantine,no_trust,2,68,400,0.3928993721653352,3.0510550136257137,7.76548711903211,2.3508667229677314,2.015948358089093,0.0,0.0,1.0,1.0,0.0,0.5221269653606325,0.8000017545389045,4.0,4.0,0.294470469200882,,,
adaptive_alpha,byzantine,no_trust,3,81,400,0.41980227908012047,3.2482252231590625,7.737512121841362,2.7479354335690918,0.9629315994336785,0.0,0.0,1.0,1.0,0.0,0.5090340624164627,0.7931642212655573,4.0,4.0,0.3002527685392868,,,
adaptive_alpha,byzantine,no_trust,4,94,400,0.39769947292037466,3.126419599028707,7.8612616106098345,2.7243688577580225,1.2897997778013504,0.0,0.0,1.0,1.0,0.0,0.5261666009339376,0.7998338783012798,4.0,4.0,0.29266969183497027,,,
adaptive_alpha,byzantine,no_trust,5,107,400,0.40807731899747557,3.1782515028927447,7.788356164220942,2.789797475013194,0.9533897118475942,0.0,0.0,1.0,1.0,0.0,0.5172696716878469,0.8100325190344873,4.0,4.0,0.2918094978761399,,,
adaptive_alpha,byzantine,no_trust,6,120,400,0.39562471341141375,3.071178647306308,7.762858444367607,2.661090347775616,0.6484928140935655,0.0,0.0,1.0,1.0,0.0,0.5169706570753749,0.0769255684849234,4.0,4.0,0.2886071057717551,,,
adaptive_alpha,byzantine,no_trust,7,133,400,0.3946353636005673,3.110019495239388,7.880742026928976,2.6532988365269725,1.237890360811289,0.0,0.0,1.0,1.0,0.0,0.5286040979621878,0.07540307455608358,4.0,4.0,0.2866095327165244,,,
adaptive_alpha,byzantine,no_trust,8,146,400,0.4060195776549455,3.187235768827124,7.849955874629737,2.7875427859046678,0.8811505764586354,0.0,0.0,1.0,1.0,0.0,0.528670423269198,0.07843628883613074,4.0,4.0,0.28907637944501124,,,
adaptive_alpha,byzantine,no_trust,9,159,400,0.38587007202232265,3.043733910686711,7.887976112619147,2.4737767809250335,1.8864253038262544,0.0,0.0,1.0,1.0,0.0,0.5372063744722869,0.8120791866410334,4.0,4.0,0.295086864797475,,,
adaptive_alpha,byzantine,no_trust,10,172,400,0.3987240162525931,3.1054097816180914,7.7883690348133,2.5156837056206856,1.257039351303217,0.0,0.0,1.0,1.0,0.0,0.5204935645720381,0.8124687775979952,4.0,4.0,0.29475408322042074,,,
adaptive_alpha,byzantine,no_trust,11,185,400,0.39750270700414114,3.133964466498628,7.8841336455753455,2.4271579654712316,1.369240683830609,0.0,0.0,1.0,1.0,0.0,0.5182999287816743,0.7998976089311532,4.0,4.0,0.2954149321877959,,,
adaptive_alpha,byzantine,no_trust,12,198,400,0.3958270499089674,3.154582017221381,7.969596867992914,2.9022518398612114,0.9834310492205414,0.0,0.0,1.0,1.0,0.0,0.5339970428433893,0.8102247659425131,4.0,4.0,0.29209475716681105,,,
adaptive_alpha,byzantine,no_trust,13,211,400,0.3745903702021637,2.8523152907223515,7.614491769190376,2.2027899056075935,1.2664717609854397,0.0,0.0,1.0,1.0,0.0,0.5468427193499189,0.8144156214976396,4.0,4.0,0.2867044700214242,,,
adaptive_alpha,byzantine,no_trust,14,224,400,0.4151931170634458,3.175015373242946,7.647080943198224,2.7736524048573283,0.6956240283527935,0.0,0.0,1.0,1.0,0.0,0.5165603415232819,0.801101478936661,4.0,4.0,0.2926794878909875,,,
adaptive_alpha,byzantine,no_trust,15,237,400,0.3922871937403359,2.970033201267369,7.571068463767654,2.639782772273245,1.0665542466676197,0.0,0.0,1.0,1.0,0.0,0.5285847059332758,0.7826472051675956,4.0,4.0,0.30485642544791813,,,
adaptive_alpha,byzantine,no_trust,16,250,400,0.4132122519292213,3.2404961406865658,7.842207305221983,2.8051562105665147,0.9006663664461443,0.0,0.0,1.0,1.0,0.0,0.5066403512438643,0.0761054841954414,4.0,4.0,0.2908496194564549,,,
adaptive_alpha,byzantine,no_trust,17,263,400,0.40617307670351427,3.266500380138214,8.042139096586634,2.730243640029691,1.2912907964075861,0.0,0.0,1.0,1.0,0.0,0.5212430791353164,0.8060220703733744,4.0,4.0,0.2906790371104575,,,
adaptive_alpha,byzantine,no_trust,18,276,400,0.4162311852912687,3.299097960670536,7.92611913103509,2.733500843958704,1.0019252957687117,0.0,0.0,1.0,1.0,0.0,0.5159874331823697,0.8070201150399401,4.0,4.0,0.28896670841552946,,,
adaptive_alpha,byzantine,no_trust,19,289,400,0.3776252651638862,2.9995471860552754,7.943184587380553,2.6607366479633696,0.7639000181614386,0.0,0.0,1.0,1.0,0.0,0.5398238067239238,0.08197866179068611,4.0,4.0,0.30606982501480173,,,
adaptive_alpha,byzantine,no_trust,20,302,400,0.39137339955741607,3.0063273801635435,7.681481121515268,2.747179826334866,0.6995876632591775,0.0,0.0,1.0,1.0,0.0,0.5210913528834457,0.8011970071717075,4.0,4.0,0.3026645814108392,,,
adaptive_alpha,byzantine,no_trust,21,315,400,0.40988997330996235,3.1493409644711563,7.6833813206979755,2.8042427689764606,1.16127506171417,0.0,0.0,1.0,1.0,0.0,0.5217571756497421,0.8077751279736632,4.0,4.0,0.286474818347021,,,
adaptive_alpha,byzantine,no_trust,22,328,400,0.40758368191290956,3.270226109141249,8.02344709629473,2.6421045619224843,1.214689911983203,0.0,0.0,1.0,1.0,0.0,0.5141146074315813,0.8100710723284295,4.0,4.0,0.304325137201504,,,
adaptive_alpha,byzantine,no_trust,23,341,400,0.41806174319744793,3.264107618727004,7.807716615642074,2.78427414110329,0.9649020573866394,0.0,0.0,1.0,1.0,0.0,0.5042006303961226,0.8131761043683075,4.0,4.0,0.28500691222710745,,,
adaptive_alpha,byzantine,no_trust,24,354,400,0.4013083081711675,3.134632623639798,7.811033461841021,2.6070467043246737,1.0194770477526012,0.0,0.0,1.0,1.0,0.0,0.5210839472544431,0.07960428564996566,4.0,4.0,0.2939778072956757,,,
adaptive_alpha,byzantine,oracle,0,42,400,0.816665670306454,6.523902154166621,7.988461363532675,5.757133046113057,1.655949352434921,1.0,0.0,0.0,1.0,0.0,0.0,0.0,0.0,0.0,0.27787696162644177,,,
adaptive_alpha,byzantine,oracle,1,55,400,0.8179792506572365,6.553251782218987,8.011513466819027,6.005715688366709,1.1035872156214417,1.0,0.0,0.0,1.0,0.0,0.0,0.0,0.0,0.0,0.2758054852596171,,,
adaptive_alpha,byzantine,oracle,2,68,400,0.8123542852663842,6.308326738326643,7.76548711903211,5.637990845703658,1.769768490986606,1.0,0.0,0.0,1.0,0.0,0.0,0.0,0.0,0.0,0.28699535932513065,,,
adaptive_alpha,byzantine,oracle,3,81,400,0.8089022050153233,6.2588906166902705,7.737512121841362,5.757533070538147,1.1327841598992716,1.0,0.0,0.0,1.0,0.0,0.0,0.0,0.0,0.0,0.2930304498969049,,,
adaptive_alpha,byzantine,oracle,4,94,400,0.8119814296614186,6.3831984415253995,7.8612616106098345,5.8370185700816295,1.3590855729205984,1.0,0.0,0.0,1.0,0.0,0.0,0.0,0.0,0.0,0.28612932898356275,,,
adaptive_alpha,byzantine,oracle,5,107,400,0.8139353415531849,6.339218334663026,7.788356164220942,5.5951041250284685,1.5450254820260012,1.0,0.0,0.0,1.0,0.0,0.0,0.0,0.0,0.0,0.2838822186480953,,,
adaptive_alpha,byzantine,oracle,6,120,400,0.817009050022474,6.342325603091719,7.762858444367607,5.792735352792312,1.1757744608285394,1.0,0.0,0.0,1.0,0.0,0.0,0.0,0.0,0.0,0.281301217868782,,,
adaptive_alpha,byzantine,oracle,7,133,400,0.8150496731263678,6.423196213041691,7.880742026928976,5.67298187597261,1.6897906418738762,1.0,0.0,0.0,1.0,0.0,0.0,0.0,0.0,0.0,0.27817771144877584,,,
adaptive_alpha,byzantine,oracle,8,146,400,0.8154111042819905,6.400941188296732,7.849955874629737,5.832557358428177,1.3066180153138767,1.0,0.0,0.0,1.0,0.0,0.0,0.0,0.0,0.0,0.28117176768471114,,,
adaptive_alpha,byzantine,oracle,9,159,400,0.8084057641010947,6.376685356533064,7.887976112619147,5.571718545242604,2.3328033640078036,1.0,0.0,0.0,1.0,0.0,0.0,0.0,0.0,0.0,0.28694213912009364,,,
adaptive_alpha,byzantine,oracle,10,172,400,0.8148609340691777,6.346437666583426,7.7883690348133,5.375717072703587,1.7662182952749976,1.0,0.0,0.0,1.0,0.0,0.0,0.0,0.0,0.0,0.2870101630174314,,,
adaptive_alpha,byzantine,oracle,11,185,400,0.8126030185148758,6.406670798769218,7.8841336455753455,5.670616320099137,1.5492447908667382,1.0,0.0,0.0,1.0,0.0,0.0,0.0,0.0,0.0,0.28784412640101953,,,
adaptive_alpha,byzantine,oracle,12,198,400,0.8092553785669618,6.449439130433679,7.969596867992914,5.695597483595714,1.5750464816812908,1.0,0.0,0.0,1.0,0.0,0.0,0.0,0.0,0.0,0.284101189595492,,,
adaptive_alpha,byzantine,oracle,13,211,400,0.8201594517903538,6.24509739508134,7.614491769190376,5.239260240902538,2.1860225667702258,1.0,0.0,0.0,1.0,0.0,0.0,0.0,0.0,0.0,0.2794402111329848,,,
adaptive_alpha,byzantine,oracle,14,224,400,0.8132855404886192,6.219260358049188,7.647080943198224,5.708173078216919,1.0282126297714775,1.0,0.0,0.0,1.0,0.0,0.0,0.0,0.0,0.0,0.2853548574549463,,,
adaptive_alpha,byzantine,oracle,15,237,400,0.8045146876766003,6.091035780506192,7.571068463767654,5.163331614659556,1.8168190554535872,1.0,0.0,0.0,1.0,0.0,0.0,0.0,0.0,0.0,0.2978255157835505,,,
adaptive_alpha,byzantine,oracle,16,250,400,0.815560501343616,6.395794521487408,7.842207305221983,5.90440344457371,0.9586808482374387,1.0,0.0,0.0,1.0,0.0,0.0,0.0,0.0,0.0,0.28283547438583595,,,
adaptive_alpha,byzantine,oracle,17,263,400,0.8132161068248308,6.539997046669945,8.042139096586634,5.836271993283878,1.5464714479438602,1.0,0.0,0.0,1.0,0.0,0.0,0.0,0.0,0.0,0.2833399781338789,,,
adaptive_alpha,byzantine,oracle,18,276,400,0.8154378614469412,6.4632576337849414,7.92611913103509,5.7478650611023285,1.4834434222711677,1.0,0.0,0.0,1.0,0.0,0.0,0.0,0.0,0.0,0.2811168809466175,,,
adaptive_alpha,byzantine,oracle,19,289,400,0.8048876268889371,6.393370992477514,7.943184587380553,5.550174699502464,1.6355077073212199,1.0,0.0,0.0,1.0,0.0,0.0,0.0,0.0,0.0,0.298680949556464,,,
adaptive_alpha,byzantine,oracle,20,302,400,0.8063755272423726,6.194158389364206,7.681481121515268,5.464769613167184,1.1643238484626712,1.0,0.0,0.0,1.0,0.0,0.0,0.0,0.0,0.0,0.2945320203635976,,,
adaptive_alpha,byzantine,oracle,21,315,400,0.8198233735900836,6.299015594913646,7.6833813206979755,5.725688724481579,1.1748054711786349,1.0,0.0,0.0,1.0,0.0,0.0,0.0,0.0,0.0,0.2792406193059111,,,
adaptive_alpha,byzantine,oracle,22,328,400,0.8059897153728851,6.46681584145199,8.02344709629473,5.73471983247596,1.5389419733012586,1.0,0.0,0.0,1.0,0.0,0.0,0.0,0.0,0.0,0.2975195541416867,,,
adaptive_alpha,byzantine,oracle,23,341,400,0.8205267741983252,6.406440528487456,7.807716615642074,5.721596859741283,1.0655276175071,1.0,0.0,0.0,1.0,0.0,0.0,0.0,0.0,0.0,0.27745062963622824,,,
adaptive_alpha,byzantine,oracle,24,354,400,0.8111741001288649,6.336108039485342,7.811033461841021,5.250367682016379,1.82301299780912,1.0,0.0,0.0,1.0,0.0,0.0,0.0,0.0,0.0,0.28544981294685834,,,
adaptive_alpha,byzantine,sparse_online,0,42,400,0.8145390006622513,6.506913335880911,7.988461363532675,5.745274231798803,1.645638889683041,1.0,0.0,0.0,1.0,0.0,0.0015478677678211943,0.0,0.0075,0.0,0.2779351249283664,,,
adaptive_alpha,byzantine,sparse_online,1,55,400,0.8164978947810894,6.541383879668082,8.011513466819027,6.008851740226342,1.0770136866400586,1.0,0.0,0.0,1.0,0.0,0.0004543235709502224,0.0,0.0075,0.0,0.27573532226068076,,,
adaptive_alpha,byzantine,sparse_online,2,68,400,0.8090414070351926,6.282600625095402,7.76548711903211,5.621522222772207,1.7708067335586808,1.0,0.0,0.0,1.0,0.0,0.002726759309287168,0.0,0.0075,0.0,0.2869958002315043,,,
adaptive_alpha,byzantine,sparse_online,3,81,400,0.8089041888138171,6.258905966355163,7.737512121841362,5.757934949487183,1.1325308010917983,1.0,0.0,0.0,1.0,0.0,0.00012111671753909643,0.0,0.0025,0.0,0.2930305609880937,,,
adaptive_alpha,byzantine,sparse_online,4,94,400,0.8112884232776915,6.377750537045098,7.8612616106098345,5.830661812668283,1.3603931152723696,1.0,0.0,0.0,1.0,0.0,0.0013956135957507167,0.0,0.005,0.0,0.28613134855921996,,,
adaptive_alpha,byzantine,sparse_online,5,107,400,0.8139774150252662,6.33954601784866,7.788356164220942,5.594645367053751,1.5466024113452876,1.0,0.0,0.0,1.0,0.0,0.00016237710949553886,0.0,0.0025,0.0,0.2838598342129764,,,
adaptive_alpha,byzantine,sparse_online,6,120,400,0.8170864907541804,6.342926764529784,7.762858444367607,5.792690179350639,1.1743488729127876,1.0,0.0,0.0,1.0,0.0,0.0,0.0,0.0,0.0,0.2812766522617088,,,
adaptive_alpha,byzantine,sparse_online,7,133,400,0.8145011323220295,6.4188733044714565,7.880742026928976,5.668641741252294,1.6799236298136355,1.0,0.0,0.0,1.0,0.0,0.000542682666751097,0.0,0.01,0.0,0.2781332889036804,,,
adaptive_alpha,byzantine,sparse_online,8,146,400,0.813553532789003,6.386359334042811,7.849955874629737,5.827330780697629,1.2994510721280648,1.0,0.0,0.0,1.0,0.0,0.002768186250129552,0.0,0.01,0.0,0.28117855853722934,,,
adaptive_alpha,byzantine,sparse_online,9,159,400,0.8081034299325685,6.3743005518337,7.887976112619147,5.573148024514301,2.32623042796956,1.0,0.0,0.0,1.0,0.0,0.00011767777168255551,0.0,0.0025,0.0,0.2869283446065461,,,
adaptive_alpha,byzantine,sparse_online,10,172,400,0.8142564415555602,6.3417296558085905,7.7883690348133,5.376141296886043,1.7753841691271663,1.0,0.0,0.0,1.0,0.0,0.00023616422691329704,0.0,0.005,0.0,0.28698934670022447,,,
adaptive_alpha,byzantine,sparse_online,11,185,400,0.8117707790821371,6.400109311856388,7.8841336455753455,5.663120706312437,1.5620101784383769,1.0,0.0,0.0,1.0,0.0,0.000401297023736778,0.0,0.0075,0.0,0.2878471515627512,,,
adaptive_alpha,byzantine,sparse_online,12,198,400,0.8049117219799856,6.4148219385024765,7.969596867992914,5.669810897968413,1.5472415968035405,1.0,0.0,0.0,1.0,0.0,0.0033951617415909716,0.0,0.0275,0.0,0.2841407738154105,,,
adaptive_alpha,byzantine,sparse_online,13,211,400,0.8199592711457067,6.243573121210323,7.614491769190376,5.239393075821225,2.189683648196949,1.0,0.0,0.0,1.0,0.0,0.0003747343111728502,0.0,0.0075,0.0,0.27944200935105845,,,
adaptive_alpha,byzantine,sparse_online,14,224,400,0.8118217801324327,6.2080668641239845,7.647080943198224,5.7026475601625775,1.0242993130119853,1.0,0.0,0.0,1.0,0.0,0.0015779985671925093,0.0,0.0075,0.0,0.28535210238886505,,,
adaptive_alpha,byzantine,sparse_online,15,237,400,0.8019915860039146,6.071933205001242,7.571068463767654,5.140319051487694,1.8114996130237317,1.0,0.0,0.0,1.0,0.0,0.003118507014029616,0.0,0.0175,0.0,0.29784967602456996,,,
adaptive_alpha,byzantine,sparse_online,16,250,400,0.8131271735514033,6.376711860499318,7.842207305221983,5.888791956853994,0.9503001623393166,1.0,0.0,0.0,1.0,0.0,0.003102435045295553,0.0,0.0175,0.0,0.2828739564627243,,,
adaptive_alpha,byzantine,sparse_online,17,263,400,0.8104791567260783,6.51798611327536,8.042139096586634,5.819998266475218,1.5378517303224024,1.0,0.0,0.0,1.0,0.0,0.0027896616921422677,0.0,0.0125,0.0,0.28339147246819446,,,
adaptive_alpha,byzantine,sparse_online,18,276,400,0.8130712493694742,6.444499584521992,7.92611913103509,5.733936487865756,1.489811546562838,1.0,0.0,0.0,1.0,0.0,0.0027721530771394843,0.0,0.0075,0.0,0.2812222018421194,,,
adaptive_alpha,byzantine,sparse_online,19,289,400,0.8047850980520526,6.392556587000611,7.943184587380553,5.548274612943788,1.6376174628169737,1.0,0.0,0.0,1.0,0.0,0.0002203955129160476,0.0,0.005,0.0,0.2986850233681622,,,
adaptive_alpha,byzantine,sparse_online,20,302,400,0.806413594415661,6.19445080163717,7.681481121515268,5.45919873256525,1.1710920875725206,1.0,0.0,0.0,1.0,0.0,0.0,0.0,0.0,0.0,0.2944983944368536,,,
adaptive_alpha,byzantine,sparse_online,21,315,400,0.8188765357021921,6.291740678372092,7.6833813206979755,5.71940727592071,1.176212889452417,1.0,0.0,0.0,1.0,0.0,0.0012783120847056457,0.0,0.0025,0.0,0.2792558816514059,,,
adaptive_alpha,byzantine,sparse_online,22,328,400,0.8038776666641737,6.449869930372847,8.02344709629473,5.7161827027550265,1.549707917775498,1.0,0.0,0.0,1.0,0.0,0.00208135139870752,0.0,0.005,0.0,0.2975316982078672,,,
adaptive_alpha,byzantine,sparse_online,23,341,400,0.8176225240745133,6.38376496653979,7.807716615642074,5.696319037523042,1.0715131555809982,1.0,0.0,0.0,1.0,0.0,0.004452772997287527,0.0,0.02,0.0,0.27749044005984,,,
adaptive_alpha,byzantine,sparse_online,24,354,400,0.8079883357312161,6.311223927173765,7.811033461841021,5.234596947119741,1.807737124674257,1.0,0.0,0.0,1.0,0.0,0.0032283163730283536,0.0,0.02,0.0,0.28548670516859365,,,
adaptive_alpha,compound,algorithm1,0,42,400,0.6522109961315986,5.2101623434684345,7.988461363532675,4.531214181599842,1.3624191447390386,0.5,0.0,0.5,0.5,0.0,0.2102825128764475,0.04940137433330768,2.04,2.0,0.30954296162646444,,,
adaptive_alpha,compound,algorithm1,1,55,400,0.568617931859955,4.555490218570814,8.011513466819027,3.9812474096483763,1.0993903708350627,0.25,0.0,0.75,0.25,0.0,0.30190708917566744,0.08306353137679223,3.75,3.0,0.354410793757586,,,
adaptive_alpha,compound,algorithm1,2,68,400,0.6910674210214517,5.366475156324823,7.76548711903211,4.662493428925271,1.5714840934464815,0.75,0.0,0.25,0.75,0.0,0.14891207206180185,0.026463744462804927,1.1375,1.0,0.3116562354127761,,,
adaptive_alpha,compound,algorithm1,3,81,400,0.703441919959754,5.442890382699957,7.737512121841362,5.083670377911838,0.9109095279932138,0.75,0.0,0.25,0.75,0.0,0.12824144000518425,0.02880883691160134,1.1225,1.0,0.3273223361460155,,,
adaptive_alpha,compound,algorithm1,4,94,400,0.6399109175358396,5.030507130234612,7.8612616106098345,4.5005381031473535,1.232472386928614,0.5,0.0,0.5,0.5,0.0,0.2089770655156163,0.05112750036730824,2.0475,2.0,0.34368685495692797,,,
adaptive_alpha,compound,algorithm1,5,107,400,0.6993703957441111,5.446945732767287,7.788356164220942,4.8684493856121325,1.248656141344549,0.75,0.0,0.25,0.75,0.0,0.13639951702373335,0.025899889711874517,1.0725,1.0,0.3159542281423372,,,
adaptive_alpha,compound,algorithm1,6,120,400,0.7567929644013317,5.874876654340872,7.762858444367607,5.476574487089172,1.000563385919576,1.0,0.0,0.0,1.0,0.0,0.0628323926234648,0.0,0.3775,0.0,0.2947335750266189,,,
adaptive_alpha,compound,algorithm1,7,133,400,0.6820374929693216,5.3749615347846085,7.880742026928976,4.483416401762309,1.4579672668079517,1.0,0.0,0.0,1.0,0.0,0.14562401432646535,0.0,1.3525,0.0,0.3252015899360072,,,
adaptive_alpha,compound,algorithm1,8,146,400,0.6684920317786527,5.247632952004004,7.849955874629737,4.736217513226118,1.2274218473150693,0.75,0.0,0.25,0.75,0.0,0.16521862335708426,0.02661765488827022,1.3375,1.0,0.33243263472146345,,,
adaptive_alpha,compound,algorithm1,9,159,400,0.6552725968478392,5.168774591189672,7.887976112619147,4.515728200166175,1.7359217333509553,0.75,0.0,0.25,0.75,0.0,0.15479009531238286,0.02573998123805733,1.42,1.0,0.3559426517195199,,,
adaptive_alpha,compound,algorithm1,10,172,400,0.6446813539829133,5.021016294682034,7.7883690348133,4.1476850335187905,1.7644117352713176,0.75,0.0,0.25,0.75,0.0,0.19394274646981738,0.025975757251290612,1.6975,1.0,0.3420457770138104,,,
adaptive_alpha,compound,algorithm1,11,185,400,0.6399675755272753,5.045589894291872,7.8841336455753455,4.538655447823639,1.186801771734821,0.5,0.0,0.5,0.5,0.0,0.2123939140065766,0.052651946034448914,2.1475,2.0,0.3360115855728861,,,
adaptive_alpha,compound,algorithm1,12,198,400,0.6587558022316444,5.250018178237473,7.969596867992914,4.502039009237043,1.5404261419338061,0.75,0.0,0.25,0.75,0.0,0.17159792941509397,0.02512137677665178,1.5275,1.0,0.334110139259244,,,
adaptive_alpha,compound,algorithm1,13,211,400,0.7742676847301402,5.895654912527742,7.614491769190376,4.918998284511433,2.1269077109884496,1.0,0.0,0.0,1.0,0.0,0.03286617834991887,0.0,0.1425,0.0,0.3078774329871751,,,
adaptive_alpha,compound,algorithm1,14,224,400,0.6984578087506095,5.341163398924776,7.647080943198224,4.98046605016669,0.7247357720781533,0.75,0.0,0.25,0.75,0.0,0.1430600835777745,0.725354155851422,1.1225,1.0,0.31676744937275564,,,
adaptive_alpha,compound,algorithm1,15,237,400,0.6786348544495836,5.137990944936794,7.571068463767654,4.342546743644459,1.7362805402076988,0.75,0.0,0.25,0.75,0.0,0.14805506199897478,0.029216416199445015,1.1775,1.0,0.3279980831186809,,,
adaptive_alpha,compound,algorithm1,16,250,400,0.6493592883141863,5.09241015453126,7.842207305221983,4.801805923078729,0.7635936166171406,0.75,0.0,0.25,0.75,0.0,0.19166653092863434,0.025626291489437018,1.58,1.0,0.32762264530338525,,,
adaptive_alpha,compound,algorithm1,17,263,400,0.6297660699606735,5.064666332934446,8.042139096586634,4.7369051118285785,1.1404137213111403,0.5,0.0,0.5,0.5,0.0,0.2194637466430568,0.05080143590865172,2.1675,2.0,0.3256292055754335,,,
adaptive_alpha,compound,algorithm1,18,276,400,0.7087861703068412,5.61792362428215,7.92611913103509,4.7467665357255076,1.5696817419706477,0.75,0.0,0.25,0.75,0.0,0.14099371954010428,0.025423989131871227,1.125,1.0,0.3038406554839124,,,
adaptive_alpha,compound,algorithm1,19,289,400,0.63264281441993,5.025198652817443,7.943184587380553,4.19848872289025,1.538308932716392,0.75,0.0,0.25,0.75,0.0,0.18317547436995035,0.02821181452173215,1.5525,1.0,0.3655432744864906,,,
adaptive_alpha,compound,algorithm1,20,302,400,0.6831841084013953,5.2478658312045585,7.681481121515268,4.628309628140164,1.0163217481792364,0.75,0.0,0.25,0.75,0.0,0.14343177301461463,0.7325700291852322,1.1875,1.0,0.33193095437164943,,,
adaptive_alpha,compound,algorithm1,21,315,400,0.6464381413409904,4.966830740166084,7.6833813206979755,4.4253251084998055,0.9545826667869948,0.5,0.0,0.5,0.5,0.0,0.2074189333484968,0.051655133726998,2.14,2.0,0.3305737704808952,,,
adaptive_alpha,compound,algorithm1,22,328,400,0.6563250931270447,5.265989662675555,8.02344709629473,4.579289894429423,1.4725777390655521,0.75,0.0,0.25,0.75,0.0,0.17539170116491173,0.025837630996904778,1.4525,1.0,0.34746388778174164,,,
adaptive_alpha,compound,algorithm1,23,341,400,0.7278313252894739,5.682700731847417,7.807716615642074,5.017799238199086,1.1258860222853624,1.0,0.0,0.0,1.0,0.0,0.096560430625088,0.0,0.7725,0.0,0.30353915803039483,,,
adaptive_alpha,compound,algorithm1,24,354,400,0.6517910401898726,5.09116162505126,7.811033461841021,4.195760708284707,1.6355141680458427,0.75,0.0,0.25,0.75,0.0,0.17883171884080898,0.027595562194791493,1.385,1.0,0.3306033052247283,,,
adaptive_alpha,compound,no_trust,0,42,400,0.45046403718253825,3.598514556693653,7.988461363532675,3.140564736798758,0.9801496497123998,0.0,0.0,1.0,0.5,0.0,0.45529166744316313,0.7842016259291007,4.0,4.0,0.3142292277727887,,,
adaptive_alpha,compound,no_trust,1,55,400,0.5601999914569284,4.4880497756690865,8.011513466819027,3.9619740666341308,1.0907636438436619,0.0,0.0,1.0,0.25,0.0,0.3170625837867286,0.10322439235323055,4.0,4.0,0.35480430302954913,,,
adaptive_alpha,compound,no_trust,2,68,400,0.41300349620662913,3.207173329907805,7.76548711903211,2.7730273228004947,1.2854445764473263,0.0,0.0,1.0,0.75,0.0,0.48761539896653083,0.20080960264775555,4.0,4.0,0.3168328687355742,,,
adaptive_alpha,compound,no_trust,3,81,400,0.4489905585081742,3.474069889049321,7.737512121841362,3.1678280339753777,0.6558218416967296,0.0,0.0,1.0,0.75,0.0,0.4522206170734344,0.15353877609291533,4.0,4.0,0.3318637492564704,,,
adaptive_alpha,compound,no_trust,4,94,400,0.5360024949097112,4.213655836424806,7.8612616106098345,3.5710202668393043,1.3192464068545364,0.0,0.0,1.0,0.5,0.0,0.35135997444623257,0.08804332733638696,4.0,4.0,0.34566388305864243,,,
adaptive_alpha,compound,no_trust,5,107,400,0.4507836218055493,3.5108633996190917,7.788356164220942,3.2543619455175157,0.8935113520348117,0.0,0.0,1.0,0.75,0.0,0.4571826628569061,0.7889724811664423,4.0,4.0,0.32155208802897806,,,
adaptive_alpha,compound,no_trust,6,120,400,0.3871614374961372,3.00547943440039,7.762858444367607,2.728648459542422,0.64213211752288,0.0,0.0,1.0,1.0,0.0,0.5172434767850383,0.07845813437822496,4.0,4.0,0.3023771486808957,,,
adaptive_alpha,compound,no_trust,7,133,400,0.47380069945082576,3.733901084550467,7.880742026928976,3.132013018270488,1.2760373857436118,0.0,0.0,1.0,1.0,0.0,0.4209183126263396,0.0801535662100398,4.0,4.0,0.3291700395396008,,,
adaptive_alpha,compound,no_trust,8,146,400,0.5224062473730051,4.100865990508997,7.849955874629737,3.63937030430288,0.9563123169721353,0.0,0.0,1.0,0.75,0.0,0.3664439142418128,0.1374976265363825,4.0,4.0,0.33510155237959494,,,
adaptive_alpha,compound,no_trust,9,159,400,0.4966621321645239,3.917659034556258,7.887976112619147,3.242808506934377,1.5256520945118743,0.0,0.0,1.0,0.75,0.0,0.36334930851006303,0.0811364821608587,4.0,4.0,0.35814886977245053,,,
adaptive_alpha,compound,no_trust,10,172,400,0.5238559040433874,4.079983101755646,7.7883690348133,3.175563630594985,1.7569860152228505,0.0,0.0,1.0,0.75,0.0,0.3609486259164247,0.7945726845841606,4.0,4.0,0.34417066615518577,,,
adaptive_alpha,compound,no_trust,11,185,400,0.4755395489606138,3.7492173577620993,7.8841336455753455,3.1473769716278985,1.2398957235495436,0.0,0.0,1.0,0.5,0.0,0.4100902651250145,0.7723616028295636,4.0,4.0,0.3387777782710691,,,
adaptive_alpha,compound,no_trust,12,198,400,0.4570731254256409,3.64268854883592,7.969596867992914,3.0831369561655486,1.2165765839812948,0.0,0.0,1.0,0.75,0.0,0.43394457953523896,0.8011236349950364,4.0,4.0,0.33794312595192383,,,
adaptive_alpha,compound,no_trust,13,211,400,0.41892055441441284,3.1898671135332157,7.614491769190376,2.780292200771695,0.9336079888752633,0.0,0.0,1.0,1.0,0.0,0.4806305471674736,0.074024258626783,4.0,4.0,0.3136446356957503,,,
adaptive_alpha,compound,no_trust,14,224,400,0.4400987055012931,3.365470423965146,7.647080943198224,3.0004046896623757,0.9118606435633891,0.0,0.0,1.0,0.75,0.0,0.4746758054678591,0.7793923169060416,4.0,4.0,0.3218406206969348,,,
adaptive_alpha,compound,no_trust,15,237,400,0.4286928699228487,3.2456630681149288,7.571068463767654,2.5709737437728393,1.6331044967615815,0.0,0.0,1.0,0.75,0.0,0.46424556986027987,0.17961538025128493,4.0,4.0,0.3322263923912989,,,
adaptive_alpha,compound,no_trust,16,250,400,0.46135582290731625,3.618048004710455,7.842207305221983,3.256673878872592,1.0407533984601502,0.0,0.0,1.0,0.75,0.0,0.43099977234766407,0.08025054348425872,4.0,4.0,0.33132768963181874,,,
adaptive_alpha,compound,no_trust,17,263,400,0.48576910597268147,3.9066227190568377,8.042139096586634,3.483264148730138,1.240063269509252,0.0,0.0,1.0,0.5,0.0,0.4046237825419486,0.7812423413404639,4.0,4.0,0.32824726141918376,,,
adaptive_alpha,compound,no_trust,18,276,400,0.45995354567472924,3.6456465977598937,7.92611913103509,3.033704305649437,1.2370834671064626,0.0,0.0,1.0,0.75,0.0,0.4576543914876261,0.08058950260418328,4.0,4.0,0.3091204224175625,,,
adaptive_alpha,compound,no_trust,19,289,400,0.5029398914796435,3.9949443943799516,7.943184587380553,3.0996886774430954,1.3831454014993425,0.0,0.0,1.0,0.75,0.0,0.36755553773371163,0.0882773455504574,4.0,4.0,0.36797318460445033,,,
adaptive_alpha,compound,no_trust,20,302,400,0.4639832991045073,3.564078952769645,7.681481121515268,3.159008438428862,0.7428361005303641,0.0,0.0,1.0,0.75,0.0,0.42373191168245017,0.7871458111922167,4.0,4.0,0.33563006301565607,,,
adaptive_alpha,compound,no_trust,21,315,400,0.4807245027587527,3.693589664898423,7.6833813206979755,3.150379921553669,1.2372000778862402,0.0,0.0,1.0,0.5,0.0,0.40988359400269814,0.7762930304030189,4.0,4.0,0.33394735198479003,,,
adaptive_alpha,compound,no_trust,22,328,400,0.47768618663450685,3.832689847092736,8.02344709629473,3.430208258249267,0.7203813769420941,0.0,0.0,1.0,0.75,0.0,0.4124118653855558,0.796789497164817,4.0,4.0,0.3505987527810627,,,
adaptive_alpha,compound,no_trust,23,341,400,0.43424744174113106,3.3904809661822926,7.807716615642074,3.050510058451145,0.8287915530037333,0.0,0.0,1.0,1.0,0.0,0.4707989793244646,0.812480045688277,4.0,4.0,0.3078712533581907,,,
adaptive_alpha,compound,no_trust,24,354,400,0.47075831829060916,3.677108976607954,7.811033461841021,2.9252780952435042,1.554615486120234,0.0,0.0,1.0,0.75,0.0,0.41774254255149523,0.08715191462417492,4.0,4.0,0.33450345396347414,,,
adaptive_alpha,compound,oracle,0,42,400,0.7945054276385515,6.346875911807574,7.988461363532675,5.6447117269818845,1.4884493434029515,1.0,0.0,0.0,0.5,0.0,0.0,0.0,0.0,0.0,0.30850687401111665,,,
adaptive_alpha,compound,oracle,1,55,400,0.7687958057338181,6.1592179508704685,8.011513466819027,5.660195348489178,1.0787802422413586,1.0,0.0,0.0,0.25,0.0,0.0,0.0,0.0,0.0,0.35243235749624247,,,
adaptive_alpha,compound,oracle,2,68,400,0.7943499482660299,6.168514291263678,7.76548711903211,5.523433037783767,1.5711622781660441,1.0,0.0,0.0,0.75,0.0,0.0,0.0,0.0,0.0,0.31099003710885414,,,
adaptive_alpha,compound,oracle,3,81,400,0.7874154529900979,6.092636612436089,7.737512121841362,5.617229039519933,1.1065122516610861,1.0,0.0,0.0,0.75,0.0,0.0,0.0,0.0,0.0,0.3268022747042158,,,
adaptive_alpha,compound,oracle,4,94,400,0.7746739598203867,6.089914661075111,7.8612616106098345,5.591357081534026,1.2013953861394056,1.0,0.0,0.0,0.5,0.0,0.0,0.0,0.0,0.0,0.3429630198192119,,,
adaptive_alpha,compound,oracle,5,107,400,0.7945033398462246,6.187874984385469,7.788356164220942,5.435164965791297,1.524096330235242,1.0,0.0,0.0,0.75,0.0,0.0,0.0,0.0,0.0,0.3150321547804581,,,
adaptive_alpha,compound,oracle,6,120,400,0.8052093425089187,6.2507261439790485,7.762858444367607,5.877791092759395,0.9656191348800878,1.0,0.0,0.0,1.0,0.0,0.0,0.0,0.0,0.0,0.2943808652159581,,,
adaptive_alpha,compound,oracle,7,133,400,0.7845701545830808,6.182994990297048,7.880742026928976,5.503626180315627,1.5226740383240953,1.0,0.0,0.0,1.0,0.0,0.0,0.0,0.0,0.0,0.32446741908620114,,,
adaptive_alpha,compound,oracle,8,146,400,0.780514229948928,6.127002264619693,7.849955874629737,5.690427321901072,1.2128957203674702,1.0,0.0,0.0,0.75,0.0,0.0,0.0,0.0,0.0,0.33201906390656133,,,
adaptive_alpha,compound,oracle,9,159,400,0.760270613105777,5.996996435304682,7.887976112619147,5.309967337378365,1.9904332080875653,1.0,0.0,0.0,0.75,0.0,0.0,0.0,0.0,0.0,0.35474261088691766,,,
adaptive_alpha,compound,oracle,10,172,400,0.7778042263660928,6.057826351776592,7.7883690348133,5.172967836736515,1.7672532875954747,1.0,0.0,0.0,0.75,0.0,0.0,0.0,0.0,0.0,0.34144313265053716,,,
adaptive_alpha,compound,oracle,11,185,400,0.7812731952787146,6.159662285283071,7.8841336455753455,5.282457875319792,1.7028202168129818,1.0,0.0,0.0,0.5,0.0,0.0,0.0,0.0,0.0,0.3339739472855136,,,
adaptive_alpha,compound,oracle,12,198,400,0.7755883249594077,6.181126285448366,7.969596867992914,5.550040797866846,1.528241762245485,1.0,0.0,0.0,0.75,0.0,0.0,0.0,0.0,0.0,0.33253514925367655,,,
adaptive_alpha,compound,oracle,13,211,400,0.8000808181117541,6.092208804199054,7.614491769190376,5.141264964599491,2.107694378588125,1.0,0.0,0.0,1.0,0.0,0.0,0.0,0.0,0.0,0.3075544795774606,,,
adaptive_alpha,compound,oracle,14,224,400,0.7930858058779399,6.0647913524502,7.647080943198224,5.484345547925398,1.0852871839543967,1.0,0.0,0.0,0.75,0.0,0.0,0.0,0.0,0.0,0.3153193053766319,,,
adaptive_alpha,compound,oracle,15,237,400,0.7854301062560706,5.946545107969014,7.571068463767654,5.066264661436219,1.677858167526722,1.0,0.0,0.0,0.75,0.0,0.0,0.0,0.0,0.0,0.32684590677185305,,,
adaptive_alpha,compound,oracle,16,250,400,0.7873560527134913,6.174609388400486,7.842207305221983,5.715808657874906,0.9632647434122603,1.0,0.0,0.0,0.75,0.0,0.0,0.0,0.0,0.0,0.32662963166981085,,,
adaptive_alpha,compound,oracle,17,263,400,0.7812227642773574,6.28270213573842,8.042139096586634,5.726600444256113,1.2143421699715864,1.0,0.0,0.0,0.5,0.0,0.0,0.0,0.0,0.0,0.324996906583734,,,
adaptive_alpha,compound,oracle,18,276,400,0.7991204322349919,6.333923745938799,7.92611913103509,5.680923450782056,1.2378770052052426,1.0,0.0,0.0,0.75,0.0,0.0,0.0,0.0,0.0,0.30297093624516586,,,
adaptive_alpha,compound,oracle,19,289,400,0.7604543796399919,6.040429507762423,7.943184587380553,5.238709095497136,1.3734065033654854,1.0,0.0,0.0,0.75,0.0,0.0,0.0,0.0,0.0,0.3648542120880224,,,
adaptive_alpha,compound,oracle,20,302,400,0.7834340941000966,6.017934203781308,7.681481121515268,5.272963496607823,1.1166479785383645,1.0,0.0,0.0,0.75,0.0,0.0,0.0,0.0,0.0,0.3314178895456665,,,
adaptive_alpha,compound,oracle,21,315,400,0.7874786286181404,6.050498585573479,7.6833813206979755,5.587643459744236,1.1345167006483603,1.0,0.0,0.0,0.5,0.0,0.0,0.0,0.0,0.0,0.3295796958614789,,,
adaptive_alpha,compound,oracle,22,328,400,0.7729432694275309,6.201669430688877,8.02344709629473,5.48377838863288,1.4615803150270326,1.0,0.0,0.0,0.75,0.0,0.0,0.0,0.0,0.0,0.3466525451429349,,,
adaptive_alpha,compound,oracle,23,341,400,0.8033483811297472,6.2723165034958885,7.807716615642074,5.595345638101823,1.1016115769238812,1.0,0.0,0.0,1.0,0.0,0.0,0.0,0.0,0.0,0.30254382089986903,,,
adaptive_alpha,compound,oracle,24,354,400,0.7801543391234186,6.09381164829349,7.811033461841021,5.018088312276345,1.8186840105771251,1.0,0.0,0.0,0.75,0.0,0.0,0.0,0.0,0.0,0.3295588809595458,,,
adaptive_alpha,compound,sparse_online,0,42,400,0.7918576084677157,6.325723910663731,7.988461363532675,5.631631740627123,1.4799224195519791,1.0,0.0,0.0,0.5,0.0,0.001947529490929053,0.0,0.0175,0.0,0.30855741470203696,,,
adaptive_alpha,compound,sparse_online,1,55,400,0.763741737051576,6.118727211560457,8.011513466819027,5.599658954165003,1.110116451376733,1.0,0.0,0.0,0.25,0.0,0.004474177595602663,0.0,0.0375,0.0,0.3524987527816343,,,
adaptive_alpha,compound,sparse_online,2,68,400,0.7922059436401725,6.151865050958437,7.76548711903211,5.495799953044502,1.59914462873894,1.0,0.0,0.0,0.75,0.0,0.00024070733267837313,0.0,0.005,0.0,0.310988576404228,,,
adaptive_alpha,compound,sparse_online,3,81,400,0.787364671873374,6.092243692929878,7.737512121841362,5.617421687715758,1.1064777753753239,1.0,0.0,0.0,0.75,0.0,0.0003774229801080746,0.0,0.0075,0.0,0.32678917351125153,,,
adaptive_alpha,compound,sparse_online,4,94,400,0.7746520307911755,6.089742271239616,7.8612616106098345,5.5895716119409355,1.2042558647310022,1.0,0.0,0.0,0.5,0.0,0.00022597398306785504,0.0,0.005,0.0,0.3429500634646479,,,
adaptive_alpha,compound,sparse_online,5,107,400,0.7945104889131869,6.187930663865213,7.788356164220942,5.436166032755402,1.523626078908955,1.0,0.0,0.0,0.75,0.0,0.0,0.0,0.0,0.0,0.3150289092231942,,,
adaptive_alpha,compound,sparse_online,6,120,400,0.8043236626599044,6.243850736684122,7.762858444367607,5.87597967878875,0.9575991791755438,1.0,0.0,0.0,1.0,0.0,0.0009082116905066664,0.0,0.005,0.0,0.2943615076749102,,,
adaptive_alpha,compound,sparse_online,7,133,400,0.7840678273159992,6.179036278692086,7.880742026928976,5.500129245607475,1.5142254052152522,1.0,0.0,0.0,1.0,0.0,0.00023847839955871134,0.0,0.005,0.0,0.3244048162814241,,,
adaptive_alpha,compound,sparse_online,8,146,400,0.7789178836059033,6.1144710162663225,7.849955874629737,5.676812827871305,1.2048927120944688,1.0,0.0,0.0,0.75,0.0,0.002810910392542242,0.0,0.01,0.0,0.3320258547590796,,,
adaptive_alpha,compound,sparse_online,9,159,400,0.7595466551652027,5.991285872362892,7.887976112619147,5.29672202815073,1.9988824821167936,1.0,0.0,0.0,0.75,0.0,0.00025691621908851615,0.0,0.005,0.0,0.35468841484350705,,,
adaptive_alpha,compound,sparse_online,10,172,400,0.7751168035526218,6.036895711152703,7.7883690348133,5.146959444897646,1.7688088761167302,1.0,0.0,0.0,0.75,0.0,0.0029611504403564237,0.0,0.0125,0.0,0.34143337372209814,,,
adaptive_alpha,compound,sparse_online,11,185,400,0.7804678689759884,6.153312985084081,7.8841336455753455,5.277887967023471,1.7131901307086892,1.0,0.0,0.0,0.5,0.0,0.0003395617479766805,0.0,0.0075,0.0,0.33395956919969216,,,
adaptive_alpha,compound,sparse_online,12,198,400,0.7737642209324238,6.166588911708022,7.969596867992914,5.522723192182848,1.5455406382581351,1.0,0.0,0.0,0.75,0.0,0.0020450777515726463,0.0,0.02,0.0,0.3325477297592228,,,
adaptive_alpha,compound,sparse_online,13,211,400,0.7992150891290948,6.0856167179862455,7.614491769190376,5.1407169876041845,2.1117123383786476,1.0,0.0,0.0,1.0,0.0,0.0017169975783607944,0.0,0.01,0.0,0.3075333691130711,,,
adaptive_alpha,compound,sparse_online,14,224,400,0.7906199011295468,6.045934379241022,7.647080943198224,5.4697125729405975,1.0858644567299844,1.0,0.0,0.0,0.75,0.0,0.003228803949224983,0.0,0.015,0.0,0.3153207044953053,,,
adaptive_alpha,compound,sparse_online,15,237,400,0.7852938564337326,5.9455135512359165,7.571068463767654,5.066209892854779,1.6793237133053953,1.0,0.0,0.0,0.75,0.0,0.0002575960925303736,0.0,0.005,0.0,0.32683337444956395,,,
adaptive_alpha,compound,sparse_online,16,250,400,0.7861173258666605,6.164895035673095,7.842207305221983,5.707797683794622,0.9560515403363121,1.0,0.0,0.0,0.75,0.0,0.0017065550079023916,0.0,0.01,0.0,0.32665278761135336,,,
adaptive_alpha,compound,sparse_online,17,263,400,0.7763195026171933,6.24326942344042,8.042139096586634,5.6913785155516665,1.195049186236039,1.0,0.0,0.0,0.5,0.0,0.004244817980564835,0.0,0.015,0.0,0.3250290066322772,,,
adaptive_alpha,compound,sparse_online,18,276,400,0.7969834448959151,6.316985729707763,7.92611913103509,5.672782982950853,1.227572442591458,1.0,0.0,0.0,0.75,0.0,0.0027993304633011718,0.0,0.01,0.0,0.3029301767403716,,,
adaptive_alpha,compound,sparse_online,19,289,400,0.7600172197632488,6.036957066167256,7.943184587380553,5.230347888586867,1.3821370860891262,1.0,0.0,0.0,0.75,0.0,0.0008904458089027054,0.0,0.0125,0.0,0.36484794309831287,,,
adaptive_alpha,compound,sparse_online,20,302,400,0.7833705386017195,6.017446003420355,7.681481121515268,5.267263107956882,1.1225523203481966,1.0,0.0,0.0,0.75,0.0,0.00026726028179914686,0.0,0.005,0.0,0.3313733866988178,,,
adaptive_alpha,compound,sparse_online,21,315,400,0.7863890555958948,6.042126980566819,7.6833813206979755,5.582682060334182,1.1317400642784783,1.0,0.0,0.0,0.5,0.0,0.001721071474846288,0.0,0.0125,0.0,0.32959951711418767,,,
adaptive_alpha,compound,sparse_online,22,328,400,0.7704974829040074,6.182045791908556,8.02344709629473,5.462958860372403,1.476895409539237,1.0,0.0,0.0,0.75,0.0,0.0027785759114954188,0.0,0.01,0.0,0.3466599858671499,,,
adaptive_alpha,compound,sparse_online,23,341,400,0.8014911314591168,6.257815624383112,7.807716615642074,5.579331548301446,1.1054689083030595,1.0,0.0,0.0,1.0,0.0,0.002945413398037561,0.0,0.0125,0.0,0.30258150221097485,,,
adaptive_alpha,compound,sparse_online,24,354,400,0.7785355064158108,6.081166891845243,7.811033461841021,5.004154232571127,1.844035794033064,1.0,0.0,0.0,0.75,0.0,0.0018076096167396996,0.0,0.0125,0.0,0.3295905057309938,,,
adaptive_alpha,reputation_poison,algorithm1,0,42,400,0.604841969283922,4.831756702667628,7.988461363532675,4.217013772296033,1.2719886106684744,0.0,0.0,1.0,0.0,0.0,0.30176692206776934,0.08726295338660306,3.995,4.0,0.3176573079986012,,,
adaptive_alpha,reputation_poison,algorithm1,1,55,400,0.6096753789265739,4.88442250865824,8.011513466819027,4.391197320364001,0.9095625048682638,0.0,0.0,1.0,0.0,0.0,0.29356140984878776,0.09835865641646993,3.99,4.0,0.3240086521307356,,,
adaptive_alpha,reputation_poison,algorithm1,2,68,400,0.6036447100878518,4.687595220659086,7.76548711903211,3.9682897084166533,1.6762597849677845,0.0,0.0,1.0,0.0,0.0,0.29566713709265147,0.08931220060947911,3.9875,4.0,0.3259923125466915,,,
adaptive_alpha,reputation_poison,algorithm1,3,81,400,0.6120338146920521,4.735619060156563,7.737512121841362,4.225889295517764,1.0263740510735708,0.0,0.0,1.0,0.0,0.0,0.2866042054222067,0.7429579006418453,3.995,4.0,0.33899646204363415,,,
adaptive_alpha,reputation_poison,algorithm1,4,94,400,0.6080533836425829,4.780066722030851,7.8612616106098345,4.206846025072127,1.5329414563417583,0.0,0.0,1.0,0.0,0.0,0.2907569051008384,0.7803237357727146,3.9925,4.0,0.33063134459524135,,,
adaptive_alpha,reputation_poison,algorithm1,5,107,400,0.6050639497368545,4.712453542680901,7.788356164220942,3.9261322453105025,1.3918045565222439,0.0,0.0,1.0,0.0,0.0,0.301055754864471,0.7886147570677554,3.9875,4.0,0.3214293632946072,,,
adaptive_alpha,reputation_poison,algorithm1,6,120,400,0.6166681095922187,4.787107241920165,7.762858444367607,4.493751931156005,0.7240613521188592,0.0,0.0,1.0,0.0,0.0,0.2901908343385442,0.08861740707099564,3.9875,4.0,0.3203720449288159,,,
adaptive_alpha,reputation_poison,algorithm1,7,133,400,0.6062807153407694,4.7779419135025645,7.880742026928976,4.015414639311441,1.34879890938939,0.0,0.0,1.0,0.0,0.0,0.2998098585050167,0.08270615477681342,3.99,4.0,0.3197007557971776,,,
adaptive_alpha,reputation_poison,algorithm1,8,146,400,0.6126338624833415,4.809148787798213,7.849955874629737,4.304496381132625,1.1648775175501829,0.0,0.0,1.0,0.0,0.0,0.29450936443085285,0.3615198564921546,3.9975,4.0,0.32719960246761487,,,
adaptive_alpha,reputation_poison,algorithm1,9,159,400,0.6080370272659006,4.796181546661381,7.887976112619147,3.8899817804263765,2.1698471295268584,0.0,0.0,1.0,0.0,0.0,0.29664343929642195,0.08746189283483305,3.9825,4.0,0.32678523434154677,,,
adaptive_alpha,reputation_poison,algorithm1,10,172,400,0.5970885772002564,4.650346185707208,7.7883690348133,3.777876372654747,1.6047036153090515,0.0,0.0,1.0,0.0,0.0,0.30991590801966246,0.77061265614153,3.995,4.0,0.3272041846997007,,,
adaptive_alpha,reputation_poison,algorithm1,11,185,400,0.6174002241468027,4.867665879981567,7.8841336455753455,4.236743292392238,1.262590803112344,0.0,0.0,1.0,0.0,0.0,0.28257813203858345,0.7652234040977564,3.9925,4.0,0.33400967716838326,,,
adaptive_alpha,reputation_poison,algorithm1,12,198,400,0.6062469677088874,4.8315439350829505,7.969596867992914,4.121883184809782,1.3176225794003162,0.0,0.0,1.0,0.0,0.0,0.2936817270343177,0.09175739396827186,3.995,4.0,0.33099172951071026,,,
adaptive_alpha,reputation_poison,algorithm1,13,211,400,0.5985194576108891,4.557421483678404,7.614491769190376,3.709867535808029,1.708770454970125,0.0,0.0,1.0,0.0,0.0,0.3059576992958309,0.7928044354354938,3.9925,4.0,0.3233357847574886,,,
adaptive_alpha,reputation_poison,algorithm1,14,224,400,0.621886996840565,4.755620202362259,7.647080943198224,4.453760705434644,0.9237649742538698,0.0,0.0,1.0,0.0,0.0,0.2886954819487031,0.7672470567691062,3.9925,4.0,0.3294698183317385,,,
adaptive_alpha,reputation_poison,algorithm1,15,237,400,0.601785055029743,4.5561558521023695,7.571068463767654,3.8418366947024496,1.4840556740195026,0.0,0.0,1.0,0.0,0.0,0.29743485310589135,0.09827031053076866,3.99,4.0,0.3372541815000204,,,
adaptive_alpha,reputation_poison,algorithm1,16,250,400,0.6096747851869588,4.781196054202812,7.842207305221983,4.357515941415285,0.7871825379063182,0.0,0.0,1.0,0.0,0.0,0.295838879832535,0.0891567830041376,3.9925,4.0,0.32196008130377135,,,
adaptive_alpha,reputation_poison,algorithm1,17,263,400,0.6045677326719909,4.862017799456155,8.042139096586634,4.402298524727537,1.1601899436459737,0.0,0.0,1.0,0.0,0.0,0.30421274043674457,0.775192283971042,4.0,4.0,0.3200974568461813,,,
adaptive_alpha,reputation_poison,algorithm1,18,276,400,0.6197416278612552,4.912145972889924,7.92611913103509,4.270277546373821,1.1652021448264493,0.0,0.0,1.0,0.0,0.0,0.28441687415681133,0.08505230541229328,3.99,4.0,0.32577209845561766,,,
adaptive_alpha,reputation_poison,algorithm1,19,289,400,0.596448144557877,4.737697709023856,7.943184587380553,4.012211155113528,1.481187604200045,0.0,0.0,1.0,0.0,0.0,0.29809394911077985,0.09382567447649166,3.99,4.0,0.34356888935285185,,,
adaptive_alpha,reputation_poison,algorithm1,20,302,400,0.5966866668406021,4.583437366795955,7.681481121515268,4.030608608005605,1.0581437082770915,0.0,0.0,1.0,0.0,0.0,0.29486482108485645,0.7541739955360164,3.995,4.0,0.34020431085090286,,,
adaptive_alpha,reputation_poison,algorithm1,21,315,400,0.6223586894957436,4.781819129645667,7.6833813206979755,4.190006140736463,1.3484415240473062,0.0,0.0,1.0,0.0,0.0,0.28473670226323816,0.7649416344445722,3.995,4.0,0.3186058459125974,,,
adaptive_alpha,reputation_poison,algorithm1,22,328,400,0.5994848443154529,4.809934933395518,8.02344709629473,4.211395096284197,1.0491328027525872,0.0,0.0,1.0,0.0,0.0,0.29785850750180637,0.7792640192173044,4.0,4.0,0.34630101060048946,,,
adaptive_alpha,reputation_poison,algorithm1,23,341,400,0.6201033140260105,4.841590948335597,7.807716615642074,4.300433305661183,0.9083570031070387,0.0,0.0,1.0,0.0,0.0,0.2917214870689343,0.08573746538594984,3.9975,4.0,0.3111050507650411,,,
adaptive_alpha,reputation_poison,algorithm1,24,354,400,0.6095583256479645,4.761280478580036,7.811033461841021,3.750405229716001,1.735923855382945,0.0,0.0,1.0,0.0,0.0,0.28829396675232244,0.09294042166024837,4.0,4.0,0.3289022994231591,,,
adaptive_alpha,reputation_poison,no_trust,0,42,400,0.605044770802226,4.8333767747610645,7.988461363532675,4.2192487150434195,1.264510476297807,0.0,0.0,1.0,0.0,0.0,0.3020544407125989,0.08726295338660306,4.0,4.0,0.31765967904994113,,,
adaptive_alpha,reputation_poison,no_trust,1,55,400,0.6107650122349524,4.893152120582209,8.011513466819027,4.395666384384702,0.9119815760242842,0.0,0.0,1.0,0.0,0.0,0.2939166736094883,0.09835865641646993,4.0,4.0,0.32405178782979227,,,
adaptive_alpha,reputation_poison,no_trust,2,68,400,0.606151270369425,4.7070598822387195,7.76548711903211,3.9778606381205144,1.6864487737147744,0.0,0.0,1.0,0.0,0.0,0.29395903261803014,0.08931220060947911,4.0,4.0,0.3259750155049431,,,
adaptive_alpha,reputation_poison,no_trust,3,81,400,0.6119297997789012,4.734814243505205,7.737512121841362,4.223533014549858,1.026969712790624,0.0,0.0,1.0,0.0,0.0,0.28662820514524595,0.7429579006418453,4.0,4.0,0.33899742053529275,,,
adaptive_alpha,reputation_poison,no_trust,4,94,400,0.6079555777281466,4.779297844150402,7.8612616106098345,4.205188464401971,1.5329318078979712,0.0,0.0,1.0,0.0,0.0,0.2909149681809476,0.7803237357727146,4.0,4.0,0.33062235310969224,,,
adaptive_alpha,reputation_poison,no_trust,5,107,400,0.6047564689139501,4.710058772518454,7.788356164220942,3.9221893432657566,1.3994996634939216,0.0,0.0,1.0,0.0,0.0,0.30113275412608403,0.7886147570677554,4.0,4.0,0.32143614696106787,,,
adaptive_alpha,reputation_poison,no_trust,6,120,400,0.6172577036838843,4.7916841773934,7.762858444367607,4.506661436610662,0.692336216175657,0.0,0.0,1.0,0.0,0.0,0.29070077595226557,0.08861740707099564,4.0,4.0,0.32036618822476315,,,
adaptive_alpha,reputation_poison,no_trust,7,133,400,0.6065354923131956,4.7799497450966575,7.880742026928976,4.014285700914919,1.3548062133389278,0.0,0.0,1.0,0.0,0.0,0.30002591800952977,0.08270615477681342,4.0,4.0,0.31972561796990573,,,
adaptive_alpha,reputation_poison,no_trust,8,146,400,0.6125813985667636,4.808736948368066,7.849955874629737,4.303742227517166,1.1652281313712836,0.0,0.0,1.0,0.0,0.0,0.294553956773244,0.36146856393746923,4.0,4.0,0.32721161290711875,,,
adaptive_alpha,reputation_poison,no_trust,9,159,400,0.6079827418654115,4.795753344719059,7.887976112619147,3.887455469888362,2.187680540812674,0.0,0.0,1.0,0.0,0.0,0.29753212405595264,0.08746189283483305,4.0,4.0,0.32674905748789856,,,
adaptive_alpha,reputation_poison,no_trust,10,172,400,0.5972228214907651,4.651391729782506,7.7883690348133,3.777030715990387,1.6002146425833805,0.0,0.0,1.0,0.0,0.0,0.3095056373449637,0.77061265614153,4.0,4.0,0.32721318794778737,,,
adaptive_alpha,reputation_poison,no_trust,11,185,400,0.6181620648906501,4.873672334222704,7.8841336455753455,4.238701840860214,1.2650660579968793,0.0,0.0,1.0,0.0,0.0,0.2831242499701232,0.7652234040977564,4.0,4.0,0.33404550085610457,,,
adaptive_alpha,reputation_poison,no_trust,12,198,400,0.606197313195569,4.831148208629126,7.969596867992914,4.119705781689478,1.3198396998896493,0.0,0.0,1.0,0.0,0.0,0.2938419500377195,0.09175739396827186,4.0,4.0,0.330971311931833,,,
adaptive_alpha,reputation_poison,no_trust,13,211,400,0.5984944909082708,4.557231374926812,7.614491769190376,3.7094384067959716,1.703984103622644,0.0,0.0,1.0,0.0,0.0,0.3061705435890338,0.7928044354354938,4.0,4.0,0.3233357847574886,,,
adaptive_alpha,reputation_poison,no_trust,14,224,400,0.621781930555474,4.754816751975767,7.647080943198224,4.454820354075773,0.9218141169977381,0.0,0.0,1.0,0.0,0.0,0.28885624409871746,0.7672470567691062,4.0,4.0,0.32945646294562414,,,
adaptive_alpha,reputation_poison,no_trust,15,237,400,0.6016357977102422,4.555025814717711,7.571068463767654,3.8407797480395174,1.4763397767952209,0.0,0.0,1.0,0.0,0.0,0.2976873815708736,0.09827031053076866,4.0,4.0,0.3373062289846468,,,
adaptive_alpha,reputation_poison,no_trust,16,250,400,0.6095970765935543,4.780586647303936,7.842207305221983,4.356469079144352,0.7857923634886381,0.0,0.0,1.0,0.0,0.0,0.29599325193164583,0.0891567830041376,4.0,4.0,0.32195865673570084,,,
adaptive_alpha,reputation_poison,no_trust,17,263,400,0.604575962673124,4.862083986270032,8.042139096586634,4.402124478832877,1.1614152700770672,0.0,0.0,1.0,0.0,0.0,0.30411865121518694,0.775192283971042,4.0,4.0,0.3200974568461813,,,
adaptive_alpha,reputation_poison,no_trust,18,276,400,0.6195876838708978,4.910925794482845,7.92611913103509,4.256843651449871,1.1762764949749949,0.0,0.0,1.0,0.0,0.0,0.284307084407602,0.08505230541229328,4.0,4.0,0.32575688086667165,,,
adaptive_alpha,reputation_poison,no_trust,19,289,400,0.5963354598261832,4.736802633399833,7.943184587380553,4.007831907458027,1.484816738448421,0.0,0.0,1.0,0.0,0.0,0.29835152722009295,0.09382567447649166,4.0,4.0,0.34354882322110497,,,
adaptive_alpha,reputation_poison,no_trust,20,302,400,0.5966067479764278,4.582823471549547,7.681481121515268,4.029286790415305,1.0583552719080496,0.0,0.0,1.0,0.0,0.0,0.2949017481543489,0.7541739955360164,4.0,4.0,0.3402165034451008,,,
adaptive_alpha,reputation_poison,no_trust,21,315,400,0.622255263033389,4.781024464696746,7.6833813206979755,4.192038522785434,1.348479187737679,0.0,0.0,1.0,0.0,0.0,0.2844897389878726,0.7649416344445722,4.0,4.0,0.318614182573692,,,
adaptive_alpha,reputation_poison,no_trust,22,328,400,0.5994291385971973,4.809487981512134,8.02344709629473,4.210426547521488,1.0497020653701865,0.0,0.0,1.0,0.0,0.0,0.29779924771375144,0.7792640192173044,4.0,4.0,0.3463241836112826,,,
adaptive_alpha,reputation_poison,no_trust,23,341,400,0.6200944282716471,4.841521570883612,7.807716615642074,4.299839364822377,0.9088645232950476,0.0,0.0,1.0,0.0,0.0,0.2917682485773449,0.08573746538594984,4.0,4.0,0.3111050507650411,,,
adaptive_alpha,reputation_poison,no_trust,24,354,400,0.6095303436014923,4.761061909878711,7.811033461841021,3.750160634537957,1.73586451667965,0.0,0.0,1.0,0.0,0.0,0.2882640788484962,0.09294042166024837,4.0,4.0,0.3289115739263362,,,
adaptive_alpha,reputation_poison,oracle,0,42,400,0.7922467503622558,6.328832555653197,7.988461363532675,5.612896884003158,1.5969093231943825,1.0,0.0,0.0,0.0,0.0,0.0,0.0,0.0,0.0,0.317549060849748,,,
adaptive_alpha,reputation_poison,oracle,1,55,400,0.7872024416094611,6.306682962067016,8.011513466819027,5.718763507057453,1.070101303585055,1.0,0.0,0.0,0.0,0.0,0.0,0.0,0.0,0.0,0.3237733005351672,,,
adaptive_alpha,reputation_poison,oracle,2,68,400,0.788778238966512,6.12524725446728,7.76548711903211,5.519208126160304,1.6579408305946277,1.0,0.0,0.0,0.0,0.0,0.0,0.0,0.0,0.0,0.3254702287700708,,,
adaptive_alpha,reputation_poison,oracle,3,81,400,0.7803241871445553,6.037767856997004,7.737512121841362,5.609221835302836,1.1078639722560428,1.0,0.0,0.0,0.0,0.0,0.0,0.0,0.0,0.0,0.3383051947105005,,,
adaptive_alpha,reputation_poison,oracle,4,94,400,0.7844779895443581,6.166986703573445,7.8612616106098345,5.673087583682493,1.294573956240237,1.0,0.0,0.0,0.0,0.0,0.0,0.0,0.0,0.0,0.33040625035452537,,,
adaptive_alpha,reputation_poison,oracle,5,107,400,0.7907950985980458,6.158993880801797,7.788356164220942,5.40997996228735,1.5203232033112348,1.0,0.0,0.0,0.0,0.0,0.0,0.0,0.0,0.0,0.32087696630696977,,,
adaptive_alpha,reputation_poison,oracle,6,120,400,0.7923912561032994,6.151221153684553,7.762858444367607,5.620334388323743,1.102324232120198,1.0,0.0,0.0,0.0,0.0,0.0,0.0,0.0,0.0,0.3206537977881375,,,
adaptive_alpha,reputation_poison,oracle,7,133,400,0.7906231698355525,6.230697241986844,7.880742026928976,5.505703016915217,1.6460752027378476,1.0,0.0,0.0,0.0,0.0,0.0,0.0,0.0,0.0,0.3192865864749251,,,
adaptive_alpha,reputation_poison,oracle,8,146,400,0.7860871208894328,6.170749212596779,7.849955874629737,5.657919684783568,1.2870866284971543,1.0,0.0,0.0,0.0,0.0,0.0,0.0,0.0,0.0,0.32732065835569185,,,
adaptive_alpha,reputation_poison,oracle,9,159,400,0.7839275751800774,6.183601987043901,7.887976112619147,5.4581279620887875,2.186181110580179,1.0,0.0,0.0,0.0,0.0,0.0,0.0,0.0,0.0,0.3273643927734733,,,
adaptive_alpha,reputation_poison,oracle,10,172,400,0.7891706054624213,6.146351906768386,7.7883690348133,5.208855086143302,1.70138262538216,1.0,0.0,0.0,0.0,0.0,0.0,0.0,0.0,0.0,0.32805841006557546,,,
adaptive_alpha,reputation_poison,oracle,11,185,400,0.7837869972126659,6.179481435688849,7.8841336455753455,5.429561598732395,1.5328010296095398,1.0,0.0,0.0,0.0,0.0,0.0,0.0,0.0,0.0,0.33367206671882443,,,
adaptive_alpha,reputation_poison,oracle,12,198,400,0.780552576831013,6.220689371616239,7.969596867992914,5.516388807818482,1.471326118856358,1.0,0.0,0.0,0.0,0.0,0.0,0.0,0.0,0.0,0.32969679708525246,,,
adaptive_alpha,reputation_poison,oracle,13,211,400,0.7933933210333853,6.041286912739331,7.614491769190376,5.088161006470244,2.135688391835375,1.0,0.0,0.0,0.0,0.0,0.0,0.0,0.0,0.0,0.32279814874835644,,,
adaptive_alpha,reputation_poison,oracle,14,224,400,0.7860103026933656,6.010684406883904,7.647080943198224,5.522868102620122,0.9570018715019142,1.0,0.0,0.0,0.0,0.0,0.0,0.0,0.0,0.0,0.3289122408172443,,,
adaptive_alpha,reputation_poison,oracle,15,237,400,0.7806824213809497,5.910600060735079,7.571068463767654,5.0091591977402885,1.7588955812743663,1.0,0.0,0.0,0.0,0.0,0.0,0.0,0.0,0.0,0.33751141490810965,,,
adaptive_alpha,reputation_poison,oracle,16,250,400,0.7911703379908963,6.204521804267152,7.842207305221983,5.733040539750499,0.9367244499972216,1.0,0.0,0.0,0.0,0.0,0.0,0.0,0.0,0.0,0.3216852959395436,,,
adaptive_alpha,reputation_poison,oracle,17,263,400,0.7894979244943812,6.349252125250265,8.042139096586634,5.6302706027679825,1.5256957622656762,1.0,0.0,0.0,0.0,0.0,0.0,0.0,0.0,0.0,0.32018893082278477,,,
adaptive_alpha,reputation_poison,oracle,18,276,400,0.7877463935204553,6.243771760086378,7.92611913103509,5.562856411887211,1.3676086693257936,1.0,0.0,0.0,0.0,0.0,0.0,0.0,0.0,0.0,0.3251736037368604,,,
adaptive_alpha,reputation_poison,oracle,19,289,400,0.7770634267024147,6.172358234399738,7.943184587380553,5.3312537563971105,1.5847497137631574,1.0,0.0,0.0,0.0,0.0,0.0,0.0,0.0,0.0,0.3439477018164761,,,
adaptive_alpha,reputation_poison,oracle,20,302,400,0.7780892740500864,5.976878069469259,7.681481121515268,5.321396963822102,1.0981318390982029,1.0,0.0,0.0,0.0,0.0,0.0,0.0,0.0,0.0,0.3405908762007661,,,
adaptive_alpha,reputation_poison,oracle,21,315,400,0.795936217290953,6.115481464400313,7.6833813206979755,5.616092382676021,1.0721515327125815,1.0,0.0,0.0,0.0,0.0,0.0,0.0,0.0,0.0,0.3189519927273324,,,
adaptive_alpha,reputation_poison,oracle,22,328,400,0.774469850650805,6.213917874372014,8.02344709629473,5.479392949048406,1.5027434964003126,1.0,0.0,0.0,0.0,0.0,0.0,0.0,0.0,0.0,0.3468273543176942,,,
adaptive_alpha,reputation_poison,oracle,23,341,400,0.7995772176743862,6.2428723279251646,7.807716615642074,5.565589789013656,1.0291307820790756,1.0,0.0,0.0,0.0,0.0,0.0,0.0,0.0,0.0,0.3109174230890708,,,
adaptive_alpha,reputation_poison,oracle,24,354,400,0.7838566459604818,6.122730490883793,7.811033461841021,4.991052886714925,1.8333489567195338,1.0,0.0,0.0,0.0,0.0,0.0,0.0,0.0,0.0,0.3289044249700791,,,
adaptive_alpha,reputation_poison,sparse_online,0,42,400,0.7917970547643604,6.325240179744059,7.988461363532675,5.611502503382443,1.5960843479814555,1.0,0.0,0.0,0.0,0.0,0.0010297562895287635,0.0,0.025,0.0,0.3175935604606861,,,
adaptive_alpha,reputation_poison,sparse_online,1,55,400,0.7855702428645559,6.293606579841684,8.011513466819027,5.72057694005311,1.0625096130691443,1.0,0.0,0.0,0.0,0.0,0.0009191077905971723,0.0,0.02,0.0,0.3237417678330772,,,
adaptive_alpha,reputation_poison,sparse_online,2,68,400,0.7858302417850449,6.102354620327654,7.76548711903211,5.502507690164153,1.6723822009308122,1.0,0.0,0.0,0.0,0.0,0.0035288075780461363,0.0,0.0225,0.0,0.3254555536012127,,,
adaptive_alpha,reputation_poison,sparse_online,3,81,400,0.7795365935477785,6.031673841994858,7.737512121841362,5.5980101530994775,1.1149210659495195,1.0,0.0,0.0,0.0,0.0,0.00237415925027462,0.0,0.0275,0.0,0.33838282428329064,,,
adaptive_alpha,reputation_poison,sparse_online,4,94,400,0.7837489504040273,6.161255536166931,7.8612616106098345,5.670811721964631,1.2845787297046805,1.0,0.0,0.0,0.0,0.0,0.0015397932164285956,0.0,0.0225,0.0,0.33035159524180313,,,
adaptive_alpha,reputation_poison,sparse_online,5,107,400,0.7906139275834951,6.1575828564138435,7.788356164220942,5.407728589858151,1.520798730492535,1.0,0.0,0.0,0.0,0.0,0.0009151966957979777,0.0,0.0175,0.0,0.3208880741846601,,,
adaptive_alpha,reputation_poison,sparse_online,6,120,400,0.7911087352830608,6.141265126105086,7.762858444367607,5.619683394661231,1.0834679422614846,1.0,0.0,0.0,0.0,0.0,0.0011323545838608676,0.0,0.02,0.0,0.3206733480349044,,,
adaptive_alpha,reputation_poison,sparse_online,7,133,400,0.789766390071953,6.223945181696023,7.880742026928976,5.498909704779324,1.640482074030305,1.0,0.0,0.0,0.0,0.0,0.0009480723365081588,0.0,0.02,0.0,0.31922582422722273,,,
adaptive_alpha,reputation_poison,sparse_online,8,146,400,0.7840000126581612,6.154365505075721,7.849955874629737,5.643650457757598,1.2843820937489205,1.0,0.0,0.0,0.0,0.0,0.003379269620335088,0.0,0.0275,0.0,0.32735417887569485,,,
adaptive_alpha,reputation_poison,sparse_online,9,159,400,0.7824561459075314,6.17199538809065,7.887976112619147,5.441311040328438,2.1996758543203443,1.0,0.0,0.0,0.0,0.0,0.0016635198161360804,0.0,0.0125,0.0,0.3273496610014095,,,
adaptive_alpha,reputation_poison,sparse_online,10,172,400,0.7870229779663751,6.129625391279866,7.7883690348133,5.1934453657720985,1.716054844603402,1.0,0.0,0.0,0.0,0.0,0.0033708257041556874,0.0,0.025,0.0,0.3280429679697592,,,
adaptive_alpha,reputation_poison,sparse_online,11,185,400,0.7815992508309215,6.162232950832552,7.8841336455753455,5.406057026969253,1.5480559474103632,1.0,0.0,0.0,0.0,0.0,0.0021248801956663993,0.0,0.0225,0.0,0.33361164509073077,,,
adaptive_alpha,reputation_poison,sparse_online,12,198,400,0.7801578777436159,6.21754377900552,7.969596867992914,5.511626271347073,1.4746475192237112,1.0,0.0,0.0,0.0,0.0,0.0009948495352924708,0.0,0.025,0.0,0.3297054868096155,,,
adaptive_alpha,reputation_poison,sparse_online,13,211,400,0.7929320172632248,6.037774318978347,7.614491769190376,5.0878686150939565,2.137688798609127,1.0,0.0,0.0,0.0,0.0,0.0010845643581906656,0.0,0.025,0.0,0.3227731452053644,,,
adaptive_alpha,reputation_poison,sparse_online,14,224,400,0.7857364341994983,6.0085901123435095,7.647080943198224,5.521124630166716,0.9564091928288825,1.0,0.0,0.0,0.0,0.0,0.0009849774647796975,0.0,0.0225,0.0,0.3288515582419822,,,
adaptive_alpha,reputation_poison,sparse_online,15,237,400,0.7802916241023495,5.907641307783344,7.571068463767654,5.008668515326842,1.74527877169296,1.0,0.0,0.0,0.0,0.0,0.0010462592098051207,0.0,0.0225,0.0,0.33747590068697775,,,
adaptive_alpha,reputation_poison,sparse_online,16,250,400,0.7907956037436054,6.201583060615531,7.842207305221983,5.7319566953915855,0.9362101655007837,1.0,0.0,0.0,0.0,0.0,0.000997095516946882,0.0,0.0225,0.0,0.32169985693340997,,,
adaptive_alpha,reputation_poison,sparse_online,17,263,400,0.7890556122420399,6.345694988592813,8.042139096586634,5.627110056026906,1.52230220698139,1.0,0.0,0.0,0.0,0.0,0.0012031078103618969,0.0,0.03,0.0,0.3201850145742776,,,
adaptive_alpha,reputation_poison,sparse_online,18,276,400,0.7858965102027771,6.229109364531945,7.92611913103509,5.5435894284178495,1.3784318294349243,1.0,0.0,0.0,0.0,0.0,0.00354921069315168,0.0,0.02,0.0,0.3252376120618476,,,
adaptive_alpha,reputation_poison,sparse_online,19,289,400,0.7764050914769516,6.16712895618351,7.943184587380553,5.315510953258581,1.5994276218007855,1.0,0.0,0.0,0.0,0.0,0.0014062241121769957,0.0,0.025,0.0,0.34393061953823234,,,
adaptive_alpha,reputation_poison,sparse_online,20,302,400,0.7777246849191385,5.9740774849427725,7.681481121515268,5.313908900985414,1.103856720579909,1.0,0.0,0.0,0.0,0.0,0.0011247620018019094,0.0,0.025,0.0,0.3405312467269851,,,
adaptive_alpha,reputation_poison,sparse_online,21,315,400,0.7938374221416723,6.099355620954358,7.6833813206979755,5.595020681987213,1.0815565507028717,1.0,0.0,0.0,0.0,0.0,0.003397420791509549,0.0,0.025,0.0,0.31896463997494773,,,
adaptive_alpha,reputation_poison,sparse_online,22,328,400,0.7732108183674159,6.203816095453715,8.02344709629473,5.467541795196439,1.5087618360015451,1.0,0.0,0.0,0.0,0.0,0.002362599074111029,0.0,0.03,0.0,0.34673361869559977,,,
adaptive_alpha,reputation_poison,sparse_online,23,341,400,0.7965563891767689,6.219286555071313,7.807716615642074,5.536345067435324,1.0389772727869984,1.0,0.0,0.0,0.0,0.0,0.004704248307060656,0.0,0.0275,0.0,0.3109537943767968,,,
adaptive_alpha,reputation_poison,sparse_online,24,354,400,0.7825113029490303,6.112221971603692,7.811033461841021,4.982536841131819,1.8338933826792783,1.0,0.0,0.0,0.0,0.0,0.0023261822702366247,0.0,0.03,0.0,0.32889710628719926,,,
adaptive_alpha,trust_mimicry,algorithm1,0,42,400,0.6073176486516866,4.85153357164551,7.988461363532675,4.30836735238768,1.1565853943483155,0.0,0.0,1.0,0.0,0.0,0.2982654458434103,0.08631770360889114,3.9825,4.0,0.31905818040359324,,,
adaptive_alpha,trust_mimicry,algorithm1,1,55,400,0.6077419945852234,4.868933173970973,8.011513466819027,4.3757339700104865,0.899380147683229,0.0,0.0,1.0,0.0,0.0,0.29470606297058294,0.09835865639516372,3.985,4.0,0.32760765646465484,,,
adaptive_alpha,trust_mimicry,algorithm1,2,68,400,0.6031849284040544,4.68402479191599,7.76548711903211,3.952467784295147,1.5676195537955278,0.0,0.0,1.0,0.0,0.0,0.29273204676155706,0.08931220060937461,3.9725,4.0,0.32852316202427523,,,
adaptive_alpha,trust_mimicry,algorithm1,3,81,400,0.6065209871699708,4.692963490378839,7.737512121841362,4.193890333582877,1.045615821289922,0.0,0.0,1.0,0.0,0.0,0.289388161465479,0.7429579006334155,3.9775,4.0,0.3433653682826721,,,
adaptive_alpha,trust_mimicry,algorithm1,4,94,400,0.6065428089357326,4.7681916990779305,7.8612616106098345,4.2337877648284055,1.5108653865013455,0.0,0.0,1.0,0.0,0.0,0.29021499034678055,0.7803218741681119,3.9775,4.0,0.33364165903043896,,,
adaptive_alpha,trust_mimicry,algorithm1,5,107,400,0.6049838588238401,4.711829766124827,7.788356164220942,3.921957631952953,1.3970067119676655,0.0,0.0,1.0,0.0,0.0,0.29802333442162726,0.7886147570677554,3.975,4.0,0.32530547584294395,,,
adaptive_alpha,trust_mimicry,algorithm1,6,120,400,0.6167775952497079,4.787957163580941,7.762858444367607,4.502446058995477,0.6290010364990763,0.0,0.0,1.0,0.0,0.0,0.2862166832355246,0.08866653314000461,3.965,4.0,0.3256207679654405,,,
adaptive_alpha,trust_mimicry,algorithm1,7,133,400,0.6006195781447969,4.733327951682053,7.880742026928976,3.9675562321313573,1.3709499028154473,0.0,0.0,1.0,0.0,0.0,0.30019498512443094,0.08253314594282452,3.9875,4.0,0.3239121268146026,,,
adaptive_alpha,trust_mimicry,algorithm1,8,146,400,0.6122493987693818,4.806130764608233,7.849955874629737,4.286017577375662,1.1768989740234597,0.0,0.0,1.0,0.0,0.0,0.2916814487763916,0.3555420563982654,3.9825,4.0,0.3303002650514765,,,
adaptive_alpha,trust_mimicry,algorithm1,9,159,400,0.6061175055339607,4.7810404050921855,7.887976112619147,3.902569214246534,2.2010749584992624,0.0,0.0,1.0,0.0,0.0,0.2951715321758212,0.08746189283483305,3.97,4.0,0.3305350988618023,,,
adaptive_alpha,trust_mimicry,algorithm1,10,172,400,0.5932322933908889,4.620312024296878,7.7883690348133,3.7607447343125995,1.6241287498017631,0.0,0.0,1.0,0.0,0.0,0.31045206260365915,0.7706623611790857,3.98,4.0,0.329448317657006,,,
adaptive_alpha,trust_mimicry,algorithm1,11,185,400,0.6175688139971671,4.868995064893127,7.8841336455753455,4.318620441945344,1.1929098213118952,0.0,0.0,1.0,0.0,0.0,0.28190867187221824,0.7653407424719861,3.99,4.0,0.33510684922635614,,,
adaptive_alpha,trust_mimicry,algorithm1,12,198,400,0.6050141323430344,4.821718734212497,7.969596867992914,4.107227808490394,1.2892427578730787,0.0,0.0,1.0,0.0,0.0,0.2936050307195433,0.09080164248570463,3.995,4.0,0.3342301054535129,,,
adaptive_alpha,trust_mimicry,algorithm1,13,211,400,0.6029279005379359,4.590989536061347,7.614491769190376,3.7299539062428724,1.7564712964059939,0.0,0.0,1.0,0.0,0.0,0.3011029059157479,0.7926727791194689,3.985,4.0,0.3239249528638544,,,
adaptive_alpha,trust_mimicry,algorithm1,14,224,400,0.6191491365611538,4.734683563194434,7.647080943198224,4.44485529107702,0.928055962456046,0.0,0.0,1.0,0.0,0.0,0.289572084245194,0.7672470567687101,3.9875,4.0,0.33315281256665963,,,
adaptive_alpha,trust_mimicry,algorithm1,15,237,400,0.6009937488558555,4.550164818884065,7.571068463767654,3.8674341511485433,1.4222697019089101,0.0,0.0,1.0,0.0,0.0,0.29439515453754495,0.09827031053075823,3.99,4.0,0.3401671790961273,,,
adaptive_alpha,trust_mimicry,algorithm1,16,250,400,0.6088425992440639,4.774669879522138,7.842207305221983,4.335719507983609,0.8996175139939053,0.0,0.0,1.0,0.0,0.0,0.29197170897300817,0.08909422909305591,3.9925,4.0,0.3239533960889521,,,
adaptive_alpha,trust_mimicry,algorithm1,17,263,400,0.6072736144230443,4.883778876877042,8.042139096586634,4.478094135286051,1.0854976362373998,0.0,0.0,1.0,0.0,0.0,0.2989792465231321,0.7752056424463691,3.98,4.0,0.32351168291869525,,,
adaptive_alpha,trust_mimicry,algorithm1,18,276,400,0.6170255102874832,4.89061770142631,7.92611913103509,4.275153352075567,1.2017085846189381,0.0,0.0,1.0,0.0,0.0,0.2851526195316128,0.08505229905646466,3.9775,4.0,0.3279360037423629,,,
adaptive_alpha,trust_mimicry,algorithm1,19,289,400,0.5940901254498848,4.718967527988504,7.943184587380553,3.991187713245729,1.4906950592288615,0.0,0.0,1.0,0.0,0.0,0.29883748276986855,0.09382567447649166,3.975,4.0,0.34634291373688286,,,
adaptive_alpha,trust_mimicry,algorithm1,20,302,400,0.5944364657707263,4.566152489758091,7.681481121515268,4.037203067624559,1.0105009144479045,0.0,0.0,1.0,0.0,0.0,0.2956131905446383,0.7541739955360164,3.9825,4.0,0.34393738870999685,,,
adaptive_alpha,trust_mimicry,algorithm1,21,315,400,0.6228962649525158,4.785949526868697,7.6833813206979755,4.186655984377672,1.3435924501915908,0.0,0.0,1.0,0.0,0.0,0.28094383621221863,0.7677559907004838,3.9825,4.0,0.3229723899710059,,,
adaptive_alpha,trust_mimicry,algorithm1,22,328,400,0.6012660001740083,4.824225943196893,8.02344709629473,4.241391919712765,1.055196264766482,0.0,0.0,1.0,0.0,0.0,0.29518286934043036,0.7792640192173043,3.9825,4.0,0.3490999272048685,,,
adaptive_alpha,trust_mimicry,algorithm1,23,341,400,0.6137430238640087,4.791931605157431,7.807716615642074,4.254102115764744,0.920388958265562,0.0,0.0,1.0,0.0,0.0,0.2947865984262388,0.08634037928195232,3.9925,4.0,0.31736937136020416,,,
adaptive_alpha,trust_mimicry,algorithm1,24,354,400,0.6107327013999411,4.7704535668755,7.811033461841021,3.734788094862485,1.7383722116411713,0.0,0.0,1.0,0.0,0.0,0.28533248698849883,0.09279912436947937,3.995,4.0,0.32911502139253884,,,
adaptive_alpha,trust_mimicry,no_trust,0,42,400,0.6067853866794068,4.847281617444676,7.988461363532675,4.3067403417104435,1.1383501009545451,0.0,0.0,1.0,0.0,0.0,0.2995541305882512,0.08631770360889114,4.0,4.0,0.3190470650700762,,,
adaptive_alpha,trust_mimicry,no_trust,1,55,400,0.6086397028672188,4.876125175961454,8.011513466819027,4.373908665720055,0.8993846441565365,0.0,0.0,1.0,0.0,0.0,0.2953454598061894,0.09835865639516372,4.0,4.0,0.3276325981978816,,,
adaptive_alpha,trust_mimicry,no_trust,2,68,400,0.605653933034125,4.703197815567633,7.76548711903211,3.9664504223833594,1.563595967086088,0.0,0.0,1.0,0.0,0.0,0.2933656373185679,0.08931220060937461,4.0,4.0,0.3285154145698072,,,
adaptive_alpha,trust_mimicry,no_trust,3,81,400,0.6068514030956446,4.695520087608988,7.737512121841362,4.194805718741096,1.045823253465226,0.0,0.0,1.0,0.0,0.0,0.28969647816851757,0.7429579006334155,4.0,4.0,0.34335361496034134,,,
adaptive_alpha,trust_mimicry,no_trust,4,94,400,0.6061749038909188,4.765299501272786,7.8612616106098345,4.229136507562773,1.517319682280342,0.0,0.0,1.0,0.0,0.0,0.2907854502044215,0.7803218741681119,4.0,4.0,0.33362302465570537,,,
adaptive_alpha,trust_mimicry,no_trust,5,107,400,0.6043273756026025,4.7067168409819935,7.788356164220942,3.911072317514325,1.4041866184552871,0.0,0.0,1.0,0.0,0.0,0.29893868371321647,0.7886147570677554,4.0,4.0,0.32534669888413575,,,
adaptive_alpha,trust_mimicry,no_trust,6,120,400,0.6163078866396886,4.784310882131261,7.762858444367607,4.495427971742794,0.6300914395959625,0.0,0.0,1.0,0.0,0.0,0.2874234213670956,0.08866653314000461,4.0,4.0,0.3256109570584886,,,
adaptive_alpha,trust_mimicry,no_trust,7,133,400,0.6005238346356506,4.732573421785719,7.880742026928976,3.968604100836345,1.3717716885883307,0.0,0.0,1.0,0.0,0.0,0.3009857123295021,0.08253314594282452,4.0,4.0,0.3239672806489237,,,
adaptive_alpha,trust_mimicry,no_trust,8,146,400,0.6120765995544497,4.804774298395846,7.849955874629737,4.28327205123436,1.178358483106023,0.0,0.0,1.0,0.0,0.0,0.2917215496925592,0.37153498709959365,4.0,4.0,0.3302836802119911,,,
adaptive_alpha,trust_mimicry,no_trust,9,159,400,0.6057794089176824,4.778373507059225,7.887976112619147,3.8995694323545136,2.195723410135116,0.0,0.0,1.0,0.0,0.0,0.2966495683744758,0.08746189283483305,4.0,4.0,0.330518967515468,,,
adaptive_alpha,trust_mimicry,no_trust,10,172,400,0.5939538521591754,4.625931790264598,7.7883690348133,3.762863172638934,1.60142008137279,0.0,0.0,1.0,0.0,0.0,0.3105102056219223,0.7706623611790857,4.0,4.0,0.3294946041154709,,,
adaptive_alpha,trust_mimicry,no_trust,11,185,400,0.6178557427146449,4.871257249248476,7.8841336455753455,4.3261555910625615,1.1843170202155822,0.0,0.0,1.0,0.0,0.0,0.2822183242548335,0.7653407424719861,4.0,4.0,0.3351317484621416,,,
adaptive_alpha,trust_mimicry,no_trust,12,198,400,0.6049613552825699,4.821298122316717,7.969596867992914,4.104985196300606,1.2915403838328015,0.0,0.0,1.0,0.0,0.0,0.2937655980527412,0.09080164248570463,4.0,4.0,0.33420968787463573,,,
adaptive_alpha,trust_mimicry,no_trust,13,211,400,0.6028050497978127,4.59005409011184,7.614491769190376,3.7294557056086517,1.750148278453009,0.0,0.0,1.0,0.0,0.0,0.3016307901768596,0.7926727791194689,4.0,4.0,0.32389017677941767,,,
adaptive_alpha,trust_mimicry,no_trust,14,224,400,0.6189945525922169,4.733501447071453,7.647080943198224,4.444260581771928,0.9273629922582929,0.0,0.0,1.0,0.0,0.0,0.2899183237629163,0.7672470567687101,4.0,4.0,0.33314137828041235,,,
adaptive_alpha,trust_mimicry,no_trust,15,237,400,0.6008833370707558,4.549328883699869,7.571068463767654,3.8668116216427815,1.4167844530283378,0.0,0.0,1.0,0.0,0.0,0.2947406820302888,0.09827031053075823,4.0,4.0,0.3401788138784319,,,
adaptive_alpha,trust_mimicry,no_trust,16,250,400,0.6087355346389127,4.773830256693491,7.842207305221983,4.335155396917835,0.8987073206904546,0.0,0.0,1.0,0.0,0.0,0.29218304693294855,0.08909422909305591,4.0,4.0,0.32392700329997703,,,
adaptive_alpha,trust_mimicry,no_trust,17,263,400,0.607026190669548,4.881789060635625,8.042139096586634,4.475658019123488,1.088200151573596,0.0,0.0,1.0,0.0,0.0,0.2995135657445646,0.7752056424463691,4.0,4.0,0.3234955870620808,,,
adaptive_alpha,trust_mimicry,no_trust,18,276,400,0.6170491803607994,4.890805313247253,7.92611913103509,4.267204729330452,1.1969179404283237,0.0,0.0,1.0,0.0,0.0,0.28523271666316313,0.08505229905646466,4.0,4.0,0.327910251336852,,,
adaptive_alpha,trust_mimicry,no_trust,19,289,400,0.5937309916978958,4.716114862304897,7.943184587380553,3.981770950214312,1.4976009150726406,0.0,0.0,1.0,0.0,0.0,0.29965748052542596,0.09382567447649166,4.0,4.0,0.34633139668830815,,,
adaptive_alpha,trust_mimicry,no_trust,20,302,400,0.5940860652830935,4.56346089502737,7.681481121515268,4.033890863148023,1.0111178695342717,0.0,0.0,1.0,0.0,0.0,0.2962415117608078,0.7541739955360164,4.0,4.0,0.3439487367863927,,,
adaptive_alpha,trust_mimicry,no_trust,21,315,400,0.6230848601553028,4.787398575726964,7.6833813206979755,4.188256859408811,1.3465307755706233,0.0,0.0,1.0,0.0,0.0,0.28170260823508875,0.7677559907004838,4.0,4.0,0.3229957857480849,,,
adaptive_alpha,trust_mimicry,no_trust,22,328,400,0.6016385857717562,4.827215364029265,8.02344709629473,4.243348601319565,1.050329491174403,0.0,0.0,1.0,0.0,0.0,0.29496856483467615,0.7792640192173043,4.0,4.0,0.34910631017538557,,,
adaptive_alpha,trust_mimicry,no_trust,23,341,400,0.6136586546196925,4.791272874006734,7.807716615642074,4.2529090540371755,0.920881179694562,0.0,0.0,1.0,0.0,0.0,0.2949961542166271,0.08634037928195232,4.0,4.0,0.3174169359427077,,,
adaptive_alpha,trust_mimicry,no_trust,24,354,400,0.6100097659828234,4.764806694141644,7.811033461841021,3.7318430666262956,1.7380303790723377,0.0,0.0,1.0,0.0,0.0,0.28606020586850023,0.09279912436947937,4.0,4.0,0.32914971660315145,,,
adaptive_alpha,trust_mimicry,oracle,0,42,400,0.7913674236817788,6.321808088440283,7.988461363532675,5.605716855405952,1.5951941617601477,1.0,0.0,0.0,0.0,0.0,0.0,0.0,0.0,0.0,0.31901878747154144,,,
adaptive_alpha,trust_mimicry,oracle,1,55,400,0.7850404428618261,6.289362079985092,8.011513466819027,5.707460336436263,1.0602486817887886,1.0,0.0,0.0,0.0,0.0,0.0,0.0,0.0,0.0,0.3275697648208815,,,
adaptive_alpha,trust_mimicry,oracle,2,68,400,0.7870119176074697,6.111530908705566,7.76548711903211,5.509353992073035,1.6480275436226481,1.0,0.0,0.0,0.0,0.0,0.0,0.0,0.0,0.0,0.3279750501986446,,,
adaptive_alpha,trust_mimicry,oracle,3,81,400,0.7778210450651036,6.018399764814555,7.737512121841362,5.598621890050763,1.0977871839353304,1.0,0.0,0.0,0.0,0.0,0.0,0.0,0.0,0.0,0.3426871232819292,,,
adaptive_alpha,trust_mimicry,oracle,4,94,400,0.7824589083934697,6.15111417843326,7.8612616106098345,5.657968494997522,1.291590293640958,1.0,0.0,0.0,0.0,0.0,0.0,0.0,0.0,0.0,0.33352671559538094,,,
adaptive_alpha,trust_mimicry,oracle,5,107,400,0.7884730332109257,6.1409088085302965,7.788356164220942,5.397410862289795,1.5064588845961975,1.0,0.0,0.0,0.0,0.0,0.0,0.0,0.0,0.0,0.32481526987839826,,,
adaptive_alpha,trust_mimicry,oracle,6,120,400,0.7893418139168082,6.127548765656539,7.762858444367607,5.587960314841987,1.1085044281081,1.0,0.0,0.0,0.0,0.0,0.0,0.0,0.0,0.0,0.3260376529252845,,,
adaptive_alpha,trust_mimicry,oracle,7,133,400,0.7879279154849109,6.20945663775248,7.880742026928976,5.495751255947914,1.6262620120901916,1.0,0.0,0.0,0.0,0.0,0.0,0.0,0.0,0.0,0.323618386439378,,,
adaptive_alpha,trust_mimicry,oracle,8,146,400,0.7841524377829298,6.155562035579339,7.849955874629737,5.651072335568085,1.2761196159720862,1.0,0.0,0.0,0.0,0.0,0.0,0.0,0.0,0.0,0.33056268424691565,,,
adaptive_alpha,trust_mimicry,oracle,9,159,400,0.7815898736741529,6.165162253406734,7.887976112619147,5.436665917182187,2.1846624770303764,1.0,0.0,0.0,0.0,0.0,0.0,0.0,0.0,0.0,0.33118499991633044,,,
adaptive_alpha,trust_mimicry,oracle,10,172,400,0.7876067138185738,6.134171741515641,7.7883690348133,5.195757402418449,1.7095408909001888,1.0,0.0,0.0,0.0,0.0,0.0,0.0,0.0,0.0,0.33036474879324407,,,
adaptive_alpha,trust_mimicry,oracle,11,185,400,0.783024917838056,6.173473100050887,7.8841336455753455,5.415958812690143,1.5431723913834707,1.0,0.0,0.0,0.0,0.0,0.0,0.0,0.0,0.0,0.334847655885772,,,
adaptive_alpha,trust_mimicry,oracle,12,198,400,0.7786240492522591,6.205319784264765,7.969596867992914,5.503972742703365,1.466105652231251,1.0,0.0,0.0,0.0,0.0,0.0,0.0,0.0,0.0,0.3329655840132913,,,
adaptive_alpha,trust_mimicry,oracle,13,211,400,0.7929443518148657,6.037868240320293,7.614491769190376,5.08161782401058,2.1426497705818983,1.0,0.0,0.0,0.0,0.0,0.0,0.0,0.0,0.0,0.3235073455342355,,,
adaptive_alpha,trust_mimicry,oracle,14,224,400,0.7838848676233482,5.994431032863969,7.647080943198224,5.50152066823912,0.9665071354731065,1.0,0.0,0.0,0.0,0.0,0.0,0.0,0.0,0.0,0.33250952653152127,,,
adaptive_alpha,trust_mimicry,oracle,15,237,400,0.7791012433745029,5.898628853794867,7.571068463767654,4.99687652904165,1.7590757952124099,1.0,0.0,0.0,0.0,0.0,0.0,0.0,0.0,0.0,0.34046287919382434,,,
adaptive_alpha,trust_mimicry,oracle,16,250,400,0.7899478986877313,6.1949351818336815,7.842207305221983,5.723600235095697,0.9317539796961078,1.0,0.0,0.0,0.0,0.0,0.0,0.0,0.0,0.0,0.3236348345426364,,,
adaptive_alpha,trust_mimicry,oracle,17,263,400,0.787545254968935,6.333548485316962,8.042139096586634,5.625021857424626,1.5089363371208346,1.0,0.0,0.0,0.0,0.0,0.0,0.0,0.0,0.0,0.3235932586100151,,,
adaptive_alpha,trust_mimicry,oracle,18,276,400,0.786446488827146,6.233468560628216,7.92611913103509,5.555106829668386,1.3624045315934072,1.0,0.0,0.0,0.0,0.0,0.0,0.0,0.0,0.0,0.3273555146594663,,,
adaptive_alpha,trust_mimicry,oracle,19,289,400,0.7753051549334491,6.158391957184064,7.943184587380553,5.3223591073622565,1.5821229958698089,1.0,0.0,0.0,0.0,0.0,0.0,0.0,0.0,0.0,0.34676939824504743,,,
adaptive_alpha,trust_mimicry,oracle,20,302,400,0.7759264596241406,5.960264451287015,7.681481121515268,5.307051443141698,1.0972177340499778,1.0,0.0,0.0,0.0,0.0,0.0,0.0,0.0,0.0,0.3441489297721947,,,
adaptive_alpha,trust_mimicry,oracle,21,315,400,0.7932299258304973,6.0946879951446835,7.6833813206979755,5.594094852119041,1.0770378932860663,1.0,0.0,0.0,0.0,0.0,0.0,0.0,0.0,0.0,0.3234755776845317,,,
adaptive_alpha,trust_mimicry,oracle,22,328,400,0.7727762305678996,6.2003292032356,8.02344709629473,5.466818616448264,1.4959310609318823,1.0,0.0,0.0,0.0,0.0,0.0,0.0,0.0,0.0,0.34963094360340846,,,
adaptive_alpha,trust_mimicry,oracle,23,341,400,0.7957721496566926,6.21316343513977,7.807716615642074,5.538463897391244,1.0147915548080695,1.0,0.0,0.0,0.0,0.0,0.0,0.0,0.0,0.0,0.31722915492299103,,,
adaptive_alpha,trust_mimicry,oracle,24,354,400,0.7840119502233964,6.123943577678186,7.811033461841021,4.9917815799693,1.8313965180637908,1.0,0.0,0.0,0.0,0.0,0.0,0.0,0.0,0.0,0.3291956782103533,,,
adaptive_alpha,trust_mimicry,sparse_online,0,42,400,0.7911361429826822,6.319960511511419,7.988461363532675,5.605432812712408,1.5950918269767849,1.0,0.0,0.0,0.0,0.0,0.0004876949024086259,0.0,0.0125,0.0,0.31904144791316086,,,
adaptive_alpha,trust_mimicry,sparse_online,1,55,400,0.7831684367255048,6.274364477613987,8.011513466819027,5.712097960416822,1.0428481580012008,1.0,0.0,0.0,0.0,0.0,0.0007619905135875771,0.0,0.0175,0.0,0.32748242805746913,,,
adaptive_alpha,trust_mimicry,sparse_online,2,68,400,0.7849339685955277,6.095394622419325,7.76548711903211,5.496547490804788,1.6630789453615433,1.0,0.0,0.0,0.0,0.0,0.00046776484083484247,0.0,0.01,0.0,0.3279714642935888,,,
adaptive_alpha,trust_mimicry,sparse_online,3,81,400,0.7772353349046766,6.013867825348365,7.737512121841362,5.593167181721087,1.0999405045783481,1.0,0.0,0.0,0.0,0.0,0.0017623343222536699,0.0,0.015,0.0,0.34271199743276254,,,
adaptive_alpha,trust_mimicry,sparse_online,4,94,400,0.7824174284738206,6.150788093933311,7.8612616106098345,5.656111225938673,1.293809896799984,1.0,0.0,0.0,0.0,0.0,0.0003504993069976908,0.0,0.0075,0.0,0.33348542918767277,,,
adaptive_alpha,trust_mimicry,sparse_online,5,107,400,0.7884628397504705,6.140829418229726,7.788356164220942,5.396887268826893,1.5080273224319063,1.0,0.0,0.0,0.0,0.0,0.0002844185794105791,0.0,0.005,0.0,0.3247859322724355,,,
adaptive_alpha,trust_mimicry,sparse_online,6,120,400,0.7893008343475728,6.127230647061453,7.762858444367607,5.58789534558909,1.105074947018183,1.0,0.0,0.0,0.0,0.0,0.0002618752661483992,0.0,0.005,0.0,0.326059518445241,,,
adaptive_alpha,trust_mimicry,sparse_online,7,133,400,0.7871922664429447,6.203659177430387,7.880742026928976,5.489019877594902,1.6206214389001223,1.0,0.0,0.0,0.0,0.0,0.0008094595606781082,0.0,0.0175,0.0,0.3235576241916756,,,
adaptive_alpha,trust_mimicry,sparse_online,8,146,400,0.7822639258370969,6.14073730013584,7.849955874629737,5.641871397660412,1.2672372067753201,1.0,0.0,0.0,0.0,0.0,0.0028698866428504164,0.0,0.0125,0.0,0.3305860347113464,,,
adaptive_alpha,trust_mimicry,sparse_online,9,159,400,0.7801329269747418,6.15366989264442,7.887976112619147,5.41838370459804,2.2023677358504887,1.0,0.0,0.0,0.0,0.0,0.001508131007830832,0.0,0.0075,0.0,0.3311832772387321,,,
adaptive_alpha,trust_mimicry,sparse_online,10,172,400,0.7869160056718998,6.128792251573992,7.7883690348133,5.1902436141855,1.732126631091857,1.0,0.0,0.0,0.0,0.0,0.00044032901350953197,0.0,0.01,0.0,0.330332324506375,,,
adaptive_alpha,trust_mimicry,sparse_online,11,185,400,0.7820672083619219,6.165922390547412,7.8841336455753455,5.412370365344243,1.5498400835540673,1.0,0.0,0.0,0.0,0.0,0.0008491157041685954,0.0,0.02,0.0,0.3347981587096141,,,
adaptive_alpha,trust_mimicry,sparse_online,12,198,400,0.778227382735653,6.202158512036383,7.969596867992914,5.499176690806491,1.4694594787163613,1.0,0.0,0.0,0.0,0.0,0.0009992659536598178,0.0,0.025,0.0,0.33297427373765437,,,
adaptive_alpha,trust_mimicry,sparse_online,13,211,400,0.792684722405942,6.035891294323004,7.614491769190376,5.0816206971873985,2.146206396774523,1.0,0.0,0.0,0.0,0.0,0.0006071279073847674,0.0,0.015,0.0,0.32347638265757894,,,
adaptive_alpha,trust_mimicry,sparse_online,14,224,400,0.783649466252447,5.992630899526548,7.647080943198224,5.501264713105595,0.9647991608966713,1.0,0.0,0.0,0.0,0.0,0.0007949605276566929,0.0,0.0175,0.0,0.3324645030835915,,,
adaptive_alpha,trust_mimicry,sparse_online,15,237,400,0.7774231025245483,5.885923534528015,7.571068463767654,4.981124158722042,1.7565852149281493,1.0,0.0,0.0,0.0,0.0,0.0019298395122343377,0.0,0.02,0.0,0.3404677776750141,,,
adaptive_alpha,trust_mimicry,sparse_online,16,250,400,0.7890403652051864,6.187818116127134,7.842207305221983,5.717605819536821,0.9315323350946914,1.0,0.0,0.0,0.0,0.0,0.001412203421548969,0.0,0.0225,0.0,0.32367388123453167,,,
adaptive_alpha,trust_mimicry,sparse_online,17,263,400,0.7872335357497718,6.331041595997372,8.042139096586634,5.622849719838657,1.5064970882439823,1.0,0.0,0.0,0.0,0.0,0.000791772998049488,0.0,0.0175,0.0,0.3236304703515141,,,
adaptive_alpha,trust_mimicry,sparse_online,18,276,400,0.7854115784017303,6.225265737306421,7.92611913103509,5.5446777498553255,1.3651418482576352,1.0,0.0,0.0,0.0,0.0,0.0020527328151955892,0.0,0.015,0.0,0.32744324846292705,,,
adaptive_alpha,trust_mimicry,sparse_online,19,289,400,0.774862508839223,6.154875937550743,7.943184587380553,5.311340406095306,1.5933496792088162,1.0,0.0,0.0,0.0,0.0,0.0009736460714811851,0.0,0.015,0.0,0.3467425780849933,,,
adaptive_alpha,trust_mimicry,sparse_online,20,302,400,0.7757285924877997,5.958744538614644,7.681481121515268,5.300994241162432,1.1024008043389495,1.0,0.0,0.0,0.0,0.0,0.0005815298025094826,0.0,0.0125,0.0,0.3441101433858858,,,
adaptive_alpha,trust_mimicry,sparse_online,21,315,400,0.7921684395417775,6.086532191221757,7.6833813206979755,5.586966018134099,1.0770563162836009,1.0,0.0,0.0,0.0,0.0,0.0016925856294415502,0.0,0.0125,0.0,0.3234453079658513,,,
adaptive_alpha,trust_mimicry,sparse_online,22,328,400,0.7725876132812483,6.198815842414707,8.02344709629473,5.464546026515213,1.4977324141249824,1.0,0.0,0.0,0.0,0.0,0.0007646323065235869,0.0,0.0175,0.0,0.34955786161459096,,,
adaptive_alpha,trust_mimicry,sparse_online,23,341,400,0.7928341888111539,6.190224669429951,7.807716615642074,5.510781913071926,1.0225346450985846,1.0,0.0,0.0,0.0,0.0,0.004523932966520157,0.0,0.0225,0.0,0.31725681542664064,,,
adaptive_alpha,trust_mimicry,sparse_online,24,354,400,0.7826905086717029,6.11362175350004,7.811033461841021,4.9843083177524985,1.8310786636716134,1.0,0.0,0.0,0.0,0.0,0.0021723341244945355,0.0,0.025,0.0,0.32924225301191856,,,
baseline_fixed_alpha,burst,algorithm1,0,42,400,0.5892760047204647,4.707408596166331,7.988461363532675,4.019253937905813,1.4551857747874921,1.0,0.0,0.0,1.0,0.0,0.12633718808052163,0.0,1.285,0.0,,,,
baseline_fixed_alpha,burst,algorithm1,1,55,400,0.6152902662021946,4.929406253681546,8.011513466819027,4.270831904706467,1.0983835247151896,1.0,0.0,0.0,1.0,0.0,0.08937723399538754,0.0,0.935,0.0,,,,
baseline_fixed_alpha,burst,algorithm1,2,68,400,0.6263985800804293,4.864290104994577,7.76548711903211,4.481423072102437,1.3270964950617907,1.0,0.0,0.0,1.0,0.0,0.07701956648588314,0.0,0.7325,0.0,,,,
baseline_fixed_alpha,burst,algorithm1,3,81,400,0.6357457835354834,4.919090706515337,7.737512121841362,4.607167563952896,1.0361356182775117,1.0,0.0,0.0,1.0,0.0,0.06974316633140863,0.0,0.635,0.0,,,,
baseline_fixed_alpha,burst,algorithm1,4,94,400,0.647698249586187,5.091725384731079,7.8612616106098345,4.665313099951651,1.1144716154020893,1.0,0.0,0.0,1.0,0.0,0.04363583660778257,0.0,0.33,0.0,,,,
baseline_fixed_alpha,burst,algorithm1,5,107,400,0.5926651083539799,4.615886949967392,7.788356164220942,3.99721909701918,1.2406209085663211,1.0,0.0,0.0,1.0,0.0,0.12573599729794943,0.0,1.12,0.0,,,,
baseline_fixed_alpha,burst,algorithm1,6,120,400,0.6043043304586738,4.691128974669029,7.762858444367607,4.185638309635613,1.0383704139924834,1.0,0.0,0.0,1.0,0.0,0.11410477020029593,0.0,1.1875,0.0,,,,
baseline_fixed_alpha,burst,algorithm1,7,133,400,0.6169831742123505,4.862285230923312,7.880742026928976,4.284227205289976,1.2318140765154082,1.0,0.0,0.0,1.0,0.0,0.10321952892025084,0.0,1.125,0.0,,,,
baseline_fixed_alpha,burst,algorithm1,8,146,400,0.6059791391881573,4.756909503573146,7.849955874629737,4.364995603523856,1.1259801500413564,1.0,0.0,0.0,1.0,0.0,0.10902130956135306,0.0,0.8975,0.0,,,,
baseline_fixed_alpha,burst,algorithm1,9,159,400,0.6380316475817737,5.032778395220069,7.887976112619147,4.375687034608262,1.8946558877266133,1.0,0.0,0.0,1.0,0.0,0.05511385492536637,0.0,0.58,0.0,,,,
baseline_fixed_alpha,burst,algorithm1,10,172,400,0.6122353994828427,4.768315227348722,7.7883690348133,4.008637525965542,1.4285624478626024,1.0,0.0,0.0,1.0,0.0,0.10468333664623511,0.0,1.0475,0.0,,,,
baseline_fixed_alpha,burst,algorithm1,11,185,400,0.6450495858645992,5.085657142979529,7.8841336455753455,4.3553012605168355,1.3775081551668933,1.0,0.0,0.0,1.0,0.0,0.05179916101084867,0.0,0.5125,0.0,,,,
baseline_fixed_alpha,burst,algorithm1,12,198,400,0.6105331501823525,4.865703081499125,7.969596867992914,4.355549733741418,1.0926692446882633,1.0,0.0,0.0,1.0,0.0,0.103206008294075,0.0,1.085,0.0,,,,
baseline_fixed_alpha,burst,algorithm1,13,211,400,0.6446841941340375,4.90894248996076,7.614491769190376,4.205226060398202,1.812439351807524,1.0,0.0,0.0,1.0,0.0,0.05645517924502194,0.0,0.45,0.0,,,,
baseline_fixed_alpha,burst,algorithm1,14,224,400,0.6394964179042617,4.890280870599208,7.647080943198224,4.470089872276472,0.8846453285155338,1.0,0.0,0.0,1.0,0.0,0.059305945492229346,0.0,0.5075,0.0,,,,
baseline_fixed_alpha,burst,algorithm1,15,237,400,0.617900207381429,4.678164773861031,7.571068463767654,3.8523718082776983,1.513582600690421,1.0,0.0,0.0,1.0,0.0,0.09358041574047499,0.0,0.8525,0.0,,,,
baseline_fixed_alpha,burst,algorithm1,16,250,400,0.594578624655575,4.6628088338027895,7.842207305221983,4.335255622220968,0.792808963932095,1.0,0.0,0.0,1.0,0.0,0.12468210056662374,0.0,1.08,0.0,,,,
baseline_fixed_alpha,burst,algorithm1,17,263,400,0.6181937719411003,4.971600302593884,8.042139096586634,4.385435279293965,1.227665635993442,1.0,0.0,0.0,1.0,0.0,0.08027178263122668,0.0,0.7175,0.0,,,,
baseline_fixed_alpha,burst,algorithm1,18,276,400,0.6363946669388209,5.044139944512493,7.92611913103509,4.435024884824223,1.1308903421586036,1.0,0.0,0.0,1.0,0.0,0.06427537392208796,0.0,0.535,0.0,,,,
baseline_fixed_alpha,burst,algorithm1,19,289,400,0.621400008206019,4.935894967780199,7.943184587380553,4.227692002755948,1.2874387389857258,1.0,0.0,0.0,1.0,0.0,0.08317082440304575,0.0,0.62,0.0,,,,
baseline_fixed_alpha,burst,algorithm1,20,302,400,0.636810609876373,4.891648677745983,7.681481121515268,4.419693150199974,0.7917799640697529,1.0,0.0,0.0,1.0,0.0,0.06404196159787459,0.0,0.52,0.0,,,,
baseline_fixed_alpha,burst,algorithm1,21,315,400,0.6064880112108757,4.659878656564906,7.6833813206979755,4.175945687982161,1.012526586265862,1.0,0.0,0.0,1.0,0.0,0.11359535775720384,0.0,0.9475,0.0,,,,
baseline_fixed_alpha,burst,algorithm1,22,328,400,0.6297369317036301,5.052660956107044,8.02344709629473,4.348533394460938,1.3282257454077007,1.0,0.0,0.0,1.0,0.0,0.0755791907653769,0.0,0.7825,0.0,,,,
baseline_fixed_alpha,burst,algorithm1,23,341,400,0.5917358651732862,4.620105946584805,7.807716615642074,3.9693400516623827,0.9477614177225222,1.0,0.0,0.0,1.0,0.0,0.13244121924487132,0.0,1.32,0.0,,,,
baseline_fixed_alpha,burst,algorithm1,24,354,400,0.5886151908404224,4.597692951802477,7.811033461841021,3.589266460615646,1.5088364989784249,1.0,0.0,0.0,1.0,0.0,0.13355124147646436,0.0,1.2625,0.0,,,,
baseline_fixed_alpha,burst,no_trust,0,42,400,0.4455786998070932,3.5594882278220883,7.988461363532675,3.2138177290706462,0.7951532660474347,0.0,0.0,1.0,1.0,0.0,0.3487408844580242,0.14285714285714288,4.0,4.0,,,,
baseline_fixed_alpha,burst,no_trust,1,55,400,0.448370958242815,3.5921299700928637,8.011513466819027,3.2090509072413558,0.8638134174462784,0.0,0.0,1.0,1.0,0.0,0.3470239334364988,0.14285714285714288,4.0,4.0,,,,
baseline_fixed_alpha,burst,no_trust,2,68,400,0.45310798473151287,3.5186042189631612,7.76548711903211,3.1401549244217724,1.1217792651180098,0.0,0.0,1.0,1.0,0.0,0.35270388177152173,0.14285714285714288,4.0,4.0,,,,
baseline_fixed_alpha,burst,no_trust,3,81,400,0.45825164683573333,3.545727672245253,7.737512121841362,3.175079059175752,0.8893861767608082,0.0,0.0,1.0,1.0,0.0,0.34687446382617365,0.14285714285714288,4.0,4.0,,,,
baseline_fixed_alpha,burst,no_trust,4,94,400,0.4576492792753306,3.5977007102904155,7.8612616106098345,3.126871916950194,1.0682260637030425,0.0,0.0,1.0,1.0,0.0,0.3492484458005886,0.14285714285714288,4.0,4.0,,,,
baseline_fixed_alpha,burst,no_trust,5,107,400,0.45611972710343873,3.552422888208841,7.788356164220942,3.1208936228924715,0.9541938984548333,0.0,0.0,1.0,1.0,0.0,0.3510621058419169,0.6428571428571429,4.0,4.0,,,,
baseline_fixed_alpha,burst,no_trust,6,120,400,0.45125575803367907,3.503034571821251,7.762858444367607,2.932627211627174,0.958994290165534,0.0,0.0,1.0,1.0,0.0,0.34663548430034125,0.14285714285714288,4.0,4.0,,,,
baseline_fixed_alpha,burst,no_trust,7,133,400,0.46358820513129345,3.6534190513667557,7.880742026928976,3.0514075262271625,1.1806272951977048,0.0,0.0,1.0,1.0,0.0,0.3400334332671438,0.14285714285714288,4.0,4.0,,,,
baseline_fixed_alpha,burst,no_trust,8,146,400,0.46000126263122326,3.6109896139290676,7.849955874629737,3.19714736123421,0.8606099451360478,0.0,0.0,1.0,1.0,0.0,0.3482033601749279,0.14285714285714288,4.0,4.0,,,,
baseline_fixed_alpha,burst,no_trust,9,159,400,0.4453462468652915,3.512880557118009,7.887976112619147,2.934612567446627,1.558934325960509,0.0,0.0,1.0,1.0,0.0,0.3478622613250512,0.14285714285714288,4.0,4.0,,,,
baseline_fixed_alpha,burst,no_trust,10,172,400,0.4503676742226318,3.5076296481964295,7.7883690348133,2.823419448302604,1.1676459108017259,0.0,0.0,1.0,1.0,0.0,0.3584122060025405,0.6428571428571429,4.0,4.0,,,,
baseline_fixed_alpha,burst,no_trust,11,185,400,0.45900434966068193,3.618851636625213,7.8841336455753455,3.2056439941171098,0.8860552947875533,0.0,0.0,1.0,1.0,0.0,0.3394289773964939,0.6428571428571429,4.0,4.0,,,,
baseline_fixed_alpha,burst,no_trust,12,198,400,0.4536025954354926,3.6150298238961587,7.969596867992914,3.0956296766468427,0.883131569081288,0.0,0.0,1.0,1.0,0.0,0.34692650276890263,0.14285714285714288,4.0,4.0,,,,
baseline_fixed_alpha,burst,no_trust,13,211,400,0.45525972755833016,3.466571448336758,7.614491769190376,2.9711698212014155,1.2395533999530461,0.0,0.0,1.0,1.0,0.0,0.3480815351497102,0.14285714285714288,4.0,4.0,,,,
baseline_fixed_alpha,burst,no_trust,14,224,400,0.453199949060086,3.4656566939157893,7.647080943198224,2.9804312671990743,0.9952215811837126,0.0,0.0,1.0,1.0,0.0,0.3511050081780758,0.6428571428571429,4.0,4.0,,,,
baseline_fixed_alpha,burst,no_trust,15,237,400,0.46079036993578515,3.488675438228654,7.571068463767654,2.9489143586572593,1.2985698099561431,0.0,0.0,1.0,1.0,0.0,0.3434591190742667,0.14285714285714288,4.0,4.0,,,,
baseline_fixed_alpha,burst,no_trust,16,250,400,0.45830990885324935,3.5941613152645733,7.842207305221983,3.218776044781113,1.0228741388313933,0.0,0.0,1.0,1.0,0.0,0.3429732154949923,0.14285714285714288,4.0,4.0,,,,
baseline_fixed_alpha,burst,no_trust,17,263,400,0.44989578320644874,3.618124467514046,8.042139096586634,3.2088727436920563,1.2365129934501238,0.0,0.0,1.0,1.0,0.0,0.3488695422667928,0.6428571428571429,4.0,4.0,,,,
baseline_fixed_alpha,burst,no_trust,18,276,400,0.45326100917274204,3.592600756156342,7.92611913103509,3.0925999283812846,0.9514012694006206,0.0,0.0,1.0,1.0,0.0,0.35074017982570915,0.14285714285714288,4.0,4.0,,,,
baseline_fixed_alpha,burst,no_trust,19,289,400,0.4467955001387326,3.5489791304129663,7.943184587380553,2.82741189268063,1.2318300439606351,0.0,0.0,1.0,1.0,0.0,0.3556121803020623,0.14285714285714288,4.0,4.0,,,,
baseline_fixed_alpha,burst,no_trust,20,302,400,0.4529832287542871,3.479582120039088,7.681481121515268,3.2323710881418894,0.41442685892485365,0.0,0.0,1.0,1.0,0.0,0.35472759607656584,0.2528352085259003,4.0,4.0,,,,
baseline_fixed_alpha,burst,no_trust,21,315,400,0.454977335855243,3.4957643636511033,7.6833813206979755,3.0136371688586947,0.8812261345390424,0.0,0.0,1.0,1.0,0.0,0.3484190011577657,0.6428571428571429,4.0,4.0,,,,
baseline_fixed_alpha,burst,no_trust,22,328,400,0.4540980909104879,3.6434320089487344,8.02344709629473,3.162008168358318,1.1513159196041642,0.0,0.0,1.0,1.0,0.0,0.3516897440999855,0.6428571428571429,4.0,4.0,,,,
baseline_fixed_alpha,burst,no_trust,23,341,400,0.45437072961794805,3.5475978952994653,7.807716615642074,3.29151182252914,0.5112907548643211,0.0,0.0,1.0,1.0,0.0,0.34988782654411965,0.14285714285714288,4.0,4.0,,,,
baseline_fixed_alpha,burst,no_trust,24,354,400,0.44891831685562966,3.5065159945926734,7.811033461841021,2.7765147942647075,1.2616167052863072,0.0,0.0,1.0,1.0,0.0,0.3505192983606424,0.14285714285714288,4.0,4.0,,,,
baseline_fixed_alpha,burst,oracle,0,42,400,0.677991743211429,5.416110845438667,7.988461363532675,4.638625804574406,1.639061900493835,1.0,0.0,0.0,1.0,0.0,0.0,0.0,0.0,0.0,,,,
baseline_fixed_alpha,burst,oracle,1,55,400,0.6760946971656788,5.4165417711877675,8.011513466819027,4.777054223796596,1.08934749098304,1.0,0.0,0.0,1.0,0.0,0.0,0.0,0.0,0.0,,,,
baseline_fixed_alpha,burst,oracle,2,68,400,0.6805796598013851,5.285032581662912,7.76548711903211,4.879120191706504,1.370983763820778,1.0,0.0,0.0,1.0,0.0,0.0,0.0,0.0,0.0,,,,
baseline_fixed_alpha,burst,oracle,3,81,400,0.6799814734469061,5.261364893422986,7.737512121841362,4.892684940682015,1.1172884130712246,1.0,0.0,0.0,1.0,0.0,0.0,0.0,0.0,0.0,,,,
baseline_fixed_alpha,burst,oracle,4,94,400,0.6781575644935518,5.331174027697822,7.8612616106098345,4.888996107143578,1.1548167671283762,1.0,0.0,0.0,1.0,0.0,0.0,0.0,0.0,0.0,,,,
baseline_fixed_alpha,burst,oracle,5,107,400,0.6799432135754957,5.295639918770909,7.788356164220942,4.575906126638843,1.402823462954017,1.0,0.0,0.0,1.0,0.0,0.0,0.0,0.0,0.0,,,,
baseline_fixed_alpha,burst,oracle,6,120,400,0.681111665343713,5.287373442870726,7.762858444367607,4.7189068742104885,1.1871598526024023,1.0,0.0,0.0,1.0,0.0,0.0,0.0,0.0,0.0,,,,
baseline_fixed_alpha,burst,oracle,7,133,400,0.6795049126955339,5.355002922984399,7.880742026928976,4.800549146314065,1.263830033611347,1.0,0.0,0.0,1.0,0.0,0.0,0.0,0.0,0.0,,,,
baseline_fixed_alpha,burst,oracle,8,146,400,0.6784837626841703,5.326067598723491,7.849955874629737,4.929697230228188,1.232906335883876,1.0,0.0,0.0,1.0,0.0,0.0,0.0,0.0,0.0,,,,
baseline_fixed_alpha,burst,oracle,9,159,400,0.676418217645056,5.335570742924621,7.887976112619147,4.66816481056164,2.0220520913638946,1.0,0.0,0.0,1.0,0.0,0.0,0.0,0.0,0.0,,,,
baseline_fixed_alpha,burst,oracle,10,172,400,0.6815871647936634,5.308452368805158,7.7883690348133,4.5465117435947136,1.4351577710383943,1.0,0.0,0.0,1.0,0.0,0.0,0.0,0.0,0.0,,,,
baseline_fixed_alpha,burst,oracle,11,185,400,0.6777097315716735,5.343154096618067,7.8841336455753455,4.587850351058791,1.4312915684976,1.0,0.0,0.0,1.0,0.0,0.0,0.0,0.0,0.0,,,,
baseline_fixed_alpha,burst,oracle,12,198,400,0.6755672816469009,5.383998891931629,7.969596867992914,4.9077607691536835,1.0695479589165204,1.0,0.0,0.0,1.0,0.0,0.0,0.0,0.0,0.0,,,,
baseline_fixed_alpha,burst,oracle,13,211,400,0.6840385806777343,5.208606142379275,7.614491769190376,4.504918861571616,1.8801535656578068,1.0,0.0,0.0,1.0,0.0,0.0,0.0,0.0,0.0,,,,
baseline_fixed_alpha,burst,oracle,14,224,400,0.679815002119349,5.198600347607134,7.647080943198224,4.761623837707325,0.9412956326666997,1.0,0.0,0.0,1.0,0.0,0.0,0.0,0.0,0.0,,,,
baseline_fixed_alpha,burst,oracle,15,237,400,0.6822217148305748,5.165147310451254,7.571068463767654,4.303407744979731,1.6702474480508807,1.0,0.0,0.0,1.0,0.0,0.0,0.0,0.0,0.0,,,,
baseline_fixed_alpha,burst,oracle,16,250,400,0.6801164347468569,5.333614072973331,7.842207305221983,4.93726347648752,0.913927426645536,1.0,0.0,0.0,1.0,0.0,0.0,0.0,0.0,0.0,,,,
baseline_fixed_alpha,burst,oracle,17,263,400,0.6762162351960428,5.438225022816718,8.042139096586634,4.842270875355173,1.1992081425971124,1.0,0.0,0.0,1.0,0.0,0.0,0.0,0.0,0.0,,,,
baseline_fixed_alpha,burst,oracle,18,276,400,0.6780481437427133,5.374290363881951,7.92611913103509,4.67875167833786,1.1664187470126794,1.0,0.0,0.0,1.0,0.0,0.0,0.0,0.0,0.0,,,,
baseline_fixed_alpha,burst,oracle,19,289,400,0.6802509142246536,5.403358577420798,7.943184587380553,4.630890908235033,1.3764784190800148,1.0,0.0,0.0,1.0,0.0,0.0,0.0,0.0,0.0,,,,
baseline_fixed_alpha,burst,oracle,20,302,400,0.6817046442951331,5.236501355602345,7.681481121515268,4.851477150211881,0.6640095492349394,1.0,0.0,0.0,1.0,0.0,0.0,0.0,0.0,0.0,,,,
baseline_fixed_alpha,burst,oracle,21,315,400,0.6840380197484749,5.255724943582665,7.6833813206979755,4.734105143847667,0.9812492427503736,1.0,0.0,0.0,1.0,0.0,0.0,0.0,0.0,0.0,,,,
baseline_fixed_alpha,burst,oracle,22,328,400,0.6764224514609289,5.427239754042753,8.02344709629473,4.682034569924404,1.3731231529133696,1.0,0.0,0.0,1.0,0.0,0.0,0.0,0.0,0.0,,,,
baseline_fixed_alpha,burst,oracle,23,341,400,0.6815749485711008,5.3215440507639755,7.807716615642074,4.645061838308777,1.1193531466772004,1.0,0.0,0.0,1.0,0.0,0.0,0.0,0.0,0.0,,,,
baseline_fixed_alpha,burst,oracle,24,354,400,0.6793341802961754,5.306302014065767,7.811033461841021,4.247338116525024,1.6438608265831256,1.0,0.0,0.0,1.0,0.0,0.0,0.0,0.0,0.0,,,,
baseline_fixed_alpha,burst,sparse_online,0,42,400,0.6759325816196565,5.3996613126215225,7.988461363532675,4.6058417953415205,1.6600201062426772,1.0,0.0,0.0,1.0,0.0,0.0013636363636363635,0.0,0.0025,0.0,,,,
baseline_fixed_alpha,burst,sparse_online,1,55,400,0.6743838717724221,5.402835470510316,8.011513466819027,4.802964109608543,1.0566290708560073,1.0,0.0,0.0,1.0,0.0,0.0004999999999999999,0.0,0.01,0.0,,,,
baseline_fixed_alpha,burst,sparse_online,2,68,400,0.6761624600601408,5.250730873970086,7.76548711903211,4.849621063261762,1.3734049491297569,1.0,0.0,0.0,1.0,0.0,0.004352272727272727,0.0,0.0125,0.0,,,,
baseline_fixed_alpha,burst,sparse_online,3,81,400,0.6800179672276289,5.2616472644937,7.737512121841362,4.893007068048241,1.1174180675281615,1.0,0.0,0.0,1.0,0.0,0.0,0.0,0.0,0.0,,,,
baseline_fixed_alpha,burst,sparse_online,4,94,400,0.6782136132725751,5.3316146418126795,7.8612616106098345,4.890105090962795,1.1549087141779752,1.0,0.0,0.0,1.0,0.0,0.0,0.0,0.0,0.0,,,,
baseline_fixed_alpha,burst,sparse_online,5,107,400,0.6799472111780052,5.295671053523055,7.788356164220942,4.576788740905272,1.4024346606010605,1.0,0.0,0.0,1.0,0.0,0.0,0.0,0.0,0.0,,,,
baseline_fixed_alpha,burst,sparse_online,6,120,400,0.6811692973394021,5.287820831895127,7.762858444367607,4.719458204148345,1.1804705544668286,1.0,0.0,0.0,1.0,0.0,0.0,0.0,0.0,0.0,,,,
baseline_fixed_alpha,burst,sparse_online,7,133,400,0.6790967671061922,5.351786432885367,7.880742026928976,4.793502181417743,1.2690132302580857,1.0,0.0,0.0,1.0,0.0,0.0,0.0,0.0,0.0,,,,
baseline_fixed_alpha,burst,sparse_online,8,146,400,0.6774687920769243,5.318100124242564,7.849955874629737,4.927021027727608,1.2352063651660004,1.0,0.0,0.0,1.0,0.0,0.001696969696969697,0.0,0.01,0.0,,,,
baseline_fixed_alpha,burst,sparse_online,9,159,400,0.6758448000671169,5.331047638767282,7.887976112619147,4.657263898207791,2.0253751790162395,1.0,0.0,0.0,1.0,0.0,0.0,0.0,0.0,0.0,,,,
baseline_fixed_alpha,burst,sparse_online,10,172,400,0.6780583112871055,5.28096835542629,7.7883690348133,4.487957838312754,1.5116888860242028,1.0,0.0,0.0,1.0,0.0,0.004196969696969696,0.0,0.01,0.0,,,,
baseline_fixed_alpha,burst,sparse_online,11,185,400,0.6769885072837378,5.337467867943547,7.8841336455753455,4.587864133343891,1.4161245382887495,1.0,0.0,0.0,1.0,0.0,0.0,0.0,0.0,0.0,,,,
baseline_fixed_alpha,burst,sparse_online,12,198,400,0.6735795114160362,5.36815716452544,7.969596867992914,4.869882451493448,1.10657172056926,1.0,0.0,0.0,1.0,0.0,0.001955128205128205,0.0,0.0175,0.0,,,,
baseline_fixed_alpha,burst,sparse_online,13,211,400,0.6836763871217936,5.205848222528711,7.614491769190376,4.505374268875705,1.8841015570921016,1.0,0.0,0.0,1.0,0.0,0.0004999999999999999,0.0,0.01,0.0,,,,
baseline_fixed_alpha,burst,sparse_online,14,224,400,0.6783940482029617,5.187734197991966,7.647080943198224,4.749089976478458,0.9431670284633817,1.0,0.0,0.0,1.0,0.0,0.001388888888888889,0.0,0.0025,0.0,,,,
baseline_fixed_alpha,burst,sparse_online,15,237,400,0.6821424645675629,5.16454730128422,7.571068463767654,4.303540306254535,1.6590103153430915,1.0,0.0,0.0,1.0,0.0,0.0,0.0,0.0,0.0,,,,
baseline_fixed_alpha,burst,sparse_online,16,250,400,0.6790446904202688,5.325209231786032,7.842207305221983,4.934520266954342,0.9129238671636815,1.0,0.0,0.0,1.0,0.0,0.002102272727272727,0.0,0.0175,0.0,,,,
baseline_fixed_alpha,burst,sparse_online,17,263,400,0.6733919409269422,5.415511655454919,8.042139096586634,4.8181363985797105,1.187166678605986,1.0,0.0,0.0,1.0,0.0,0.0031022727272727274,0.0,0.0125,0.0,,,,
baseline_fixed_alpha,burst,sparse_online,18,276,400,0.6778556476017518,5.372764616536425,7.92611913103509,4.669778902137244,1.1790270904967093,1.0,0.0,0.0,1.0,0.0,0.000125,0.0,0.0025,0.0,,,,
baseline_fixed_alpha,burst,sparse_online,19,289,400,0.6788658401218657,5.392356678155154,7.943184587380553,4.618682098736254,1.3772225531304603,1.0,0.0,0.0,1.0,0.0,0.0017083333333333334,0.0,0.01,0.0,,,,
baseline_fixed_alpha,burst,sparse_online,20,302,400,0.6817259621111365,5.236665108003527,7.681481121515268,4.846245141568528,0.6709475325683414,1.0,0.0,0.0,1.0,0.0,0.0,0.0,0.0,0.0,,,,
baseline_fixed_alpha,burst,sparse_online,21,315,400,0.6828821089305492,5.246843639995822,7.6833813206979755,4.725348665167184,0.98385341307708,1.0,0.0,0.0,1.0,0.0,0.0016136363636363635,0.0,0.0075,0.0,,,,
baseline_fixed_alpha,burst,sparse_online,22,328,400,0.6737506132210407,5.405802401275152,8.02344709629473,4.654915934345144,1.3739207755363996,1.0,0.0,0.0,1.0,0.0,0.0027386363636363637,0.0,0.005,0.0,,,,
baseline_fixed_alpha,burst,sparse_online,23,341,400,0.6798329288660341,5.30794285456795,7.807716615642074,4.633716278596908,1.1206161999421989,1.0,0.0,0.0,1.0,0.0,0.0029356060606060604,0.0,0.01,0.0,,,,
baseline_fixed_alpha,burst,sparse_online,24,354,400,0.6771280010582587,5.28906947421558,7.811033461841021,4.2399182623107095,1.619908052875683,1.0,0.0,0.0,1.0,0.0,0.0016520979020979024,0.0,0.01,0.0,,,,
baseline_fixed_alpha,byzantine,algorithm1,0,42,400,0.6604695581065922,5.276135546724011,7.988461363532675,4.522785877706623,1.6001195025956898,1.0,0.0,0.0,1.0,0.0,0.020069930069930065,0.0,0.0925,0.0,,,,
baseline_fixed_alpha,byzantine,algorithm1,1,55,400,0.66199666309178,5.303595181349054,8.011513466819027,4.7555491533722405,0.9602273049343628,1.0,0.0,0.0,1.0,0.0,0.017377312176136677,0.0,0.0825,0.0,,,,
baseline_fixed_alpha,byzantine,algorithm1,2,68,400,0.6769620541853864,5.256940111850135,7.76548711903211,4.850432614712434,1.3750504269674906,1.0,0.0,0.0,1.0,0.0,0.002954545454545454,0.0,0.01,0.0,,,,
baseline_fixed_alpha,byzantine,algorithm1,3,81,400,0.6784753830359225,5.2497115006114115,7.737512121841362,4.87973740340546,1.1182076897208377,1.0,0.0,0.0,1.0,0.0,0.0020265151515151516,0.0,0.0175,0.0,,,,
baseline_fixed_alpha,byzantine,algorithm1,4,94,400,0.6770949230712052,5.322820325478485,7.8612616106098345,4.8890427103491225,1.155327695531783,1.0,0.0,0.0,1.0,0.0,0.0015909090909090905,0.0,0.0075,0.0,,,,
baseline_fixed_alpha,byzantine,algorithm1,5,107,400,0.6711745463928978,5.22734641566732,7.788356164220942,4.531809488623413,1.3770916809748126,1.0,0.0,0.0,1.0,0.0,0.010666919330971143,0.0,0.04,0.0,,,,
baseline_fixed_alpha,byzantine,algorithm1,6,120,400,0.6768965691346075,5.25465224767005,7.762858444367607,4.671657205823355,1.1980859578667662,1.0,0.0,0.0,1.0,0.0,0.005820867737710142,0.0,0.035,0.0,,,,
baseline_fixed_alpha,byzantine,algorithm1,7,133,400,0.672814961560845,5.302281143919155,7.880742026928976,4.756991655117831,1.222445348157068,1.0,0.0,0.0,1.0,0.0,0.009135003885003885,0.0,0.065,0.0,,,,
baseline_fixed_alpha,byzantine,algorithm1,8,146,400,0.6677739461173937,5.241996011248916,7.849955874629737,4.839292830954511,1.2202937548935928,1.0,0.0,0.0,1.0,0.0,0.011856467536875238,0.0,0.055,0.0,,,,
baseline_fixed_alpha,byzantine,algorithm1,9,159,400,0.6664192166017825,5.2566988615452255,7.887976112619147,4.592445266219906,1.9783584831743335,1.0,0.0,0.0,1.0,0.0,0.013920454545454547,0.0,0.06,0.0,,,,
baseline_fixed_alpha,byzantine,algorithm1,10,172,400,0.6704027642090772,5.221344129619219,7.7883690348133,4.45869124352312,1.4705075159520309,1.0,0.0,0.0,1.0,0.0,0.013448433071969811,0.0,0.0575,0.0,,,,
baseline_fixed_alpha,byzantine,algorithm1,11,185,400,0.6719945548852205,5.298094879813996,7.8841336455753455,4.551716684444033,1.4059882017778724,1.0,0.0,0.0,1.0,0.0,0.008072916666666666,0.0,0.04,0.0,,,,
baseline_fixed_alpha,byzantine,algorithm1,12,198,400,0.6612542780408384,5.269930023221181,7.969596867992914,4.755022192051933,1.1204272523117949,1.0,0.0,0.0,1.0,0.0,0.01570491274051251,0.0,0.08,0.0,,,,
baseline_fixed_alpha,byzantine,algorithm1,13,211,400,0.6798281954253609,5.176546198529957,7.614491769190376,4.481252220130525,1.85792752786754,1.0,0.0,0.0,1.0,0.0,0.006344696969696969,0.0,0.03,0.0,,,,
baseline_fixed_alpha,byzantine,algorithm1,14,224,400,0.6746155614611935,5.158839804034863,7.647080943198224,4.729450412081147,0.9275355828407186,1.0,0.0,0.0,1.0,0.0,0.006906468531468532,0.0,0.045,0.0,,,,
baseline_fixed_alpha,byzantine,algorithm1,15,237,400,0.676782629688553,5.123967624460746,7.571068463767654,4.263109680608963,1.6485088880337324,1.0,0.0,0.0,1.0,0.0,0.006874271561771562,0.0,0.045,0.0,,,,
baseline_fixed_alpha,byzantine,algorithm1,16,250,400,0.671940379851972,5.2694957555487685,7.842207305221983,4.886181312585519,0.8702378123111965,1.0,0.0,0.0,1.0,0.0,0.011154262404262405,0.0,0.06,0.0,,,,
baseline_fixed_alpha,byzantine,algorithm1,17,263,400,0.6548737251354656,5.266585588239257,8.042139096586634,4.630246323576933,1.2285989727145896,1.0,0.0,0.0,1.0,0.0,0.02677787425450827,0.0,0.1,0.0,,,,
baseline_fixed_alpha,byzantine,algorithm1,18,276,400,0.6693890358873661,5.305657243451987,7.92611913103509,4.594984527554636,1.1861139102274763,1.0,0.0,0.0,1.0,0.0,0.012591126620859905,0.0,0.0625,0.0,,,,
baseline_fixed_alpha,byzantine,algorithm1,19,289,400,0.6761302466414626,5.370627354184277,7.943184587380553,4.59905217466607,1.3778064458614638,1.0,0.0,0.0,1.0,0.0,0.004867424242424242,0.0,0.025,0.0,,,,
baseline_fixed_alpha,byzantine,algorithm1,20,302,400,0.6792111948370757,5.217347970662825,7.681481121515268,4.824231763594228,0.6590130718598566,1.0,0.0,0.0,1.0,0.0,0.0032575757575757573,0.0,0.0175,0.0,,,,
baseline_fixed_alpha,byzantine,algorithm1,21,315,400,0.682853021088867,5.246620147016381,7.6833813206979755,4.724723998752567,0.9837861920437492,1.0,0.0,0.0,1.0,0.0,0.001590909090909091,0.0,0.0075,0.0,,,,
baseline_fixed_alpha,byzantine,algorithm1,22,328,400,0.6702437813374643,5.377665521181678,8.02344709629473,4.62766978823017,1.369102807733392,1.0,0.0,0.0,1.0,0.0,0.008370330108560708,0.0,0.0325,0.0,,,,
baseline_fixed_alpha,byzantine,algorithm1,23,341,400,0.6690383371215897,5.223661741245779,7.807716615642074,4.5892078695753575,1.0854883152060886,1.0,0.0,0.0,1.0,0.0,0.014851398601398605,0.0,0.0875,0.0,,,,
baseline_fixed_alpha,byzantine,algorithm1,24,354,400,0.6700539869405121,5.233814113232326,7.811033461841021,4.207316910972381,1.6049625824348164,1.0,0.0,0.0,1.0,0.0,0.011569388944388945,0.0,0.0725,0.0,,,,
baseline_fixed_alpha,byzantine,no_trust,0,42,400,0.3331207412294183,2.6611221707025745,7.988461363532675,2.19791699639191,0.9560733850897147,0.0,0.0,1.0,1.0,0.0,0.47682616363292707,0.6428571428571429,4.0,4.0,,,,
baseline_fixed_alpha,byzantine,no_trust,1,55,400,0.34163487197505915,2.7370123775631807,8.011513466819027,2.225530663384289,1.0080217571803045,0.0,0.0,1.0,1.0,0.0,0.4713894898663547,0.14285714285714288,4.0,4.0,,,,
baseline_fixed_alpha,byzantine,no_trust,2,68,400,0.3348279422248592,2.6001020724391712,7.76548711903211,2.142971839102966,1.4845839381030879,0.0,0.0,1.0,1.0,0.0,0.4734298161225303,0.6428571428571429,4.0,4.0,,,,
baseline_fixed_alpha,byzantine,no_trust,3,81,400,0.3531329662387299,2.732370606893969,7.737512121841362,2.3252823559896996,0.8981845506672901,0.0,0.0,1.0,1.0,0.0,0.46684816673744883,0.6428571428571429,4.0,4.0,,,,
baseline_fixed_alpha,byzantine,no_trust,4,94,400,0.33755190181182726,2.6535838073016578,7.8612616106098345,2.1762295339784195,1.1764928734576365,0.0,0.0,1.0,1.0,0.0,0.4753324119122787,0.6428571428571429,4.0,4.0,,,,
baseline_fixed_alpha,byzantine,no_trust,5,107,400,0.3439463850755951,2.678776948365021,7.788356164220942,2.2253674326101063,0.9226515233225578,0.0,0.0,1.0,1.0,0.0,0.4712621712165211,0.6428571428571429,4.0,4.0,,,,
baseline_fixed_alpha,byzantine,no_trust,6,120,400,0.33829884201992927,2.626166022494191,7.762858444367607,2.1752623821024826,0.8090001130428677,0.0,0.0,1.0,1.0,0.0,0.4667375483343704,0.14285714285714288,4.0,4.0,,,,
baseline_fixed_alpha,byzantine,no_trust,7,133,400,0.34171651919717233,2.692979734133038,7.880742026928976,2.419656080557247,0.8433044400575871,0.0,0.0,1.0,1.0,0.0,0.47134524200423217,0.14285714285714288,4.0,4.0,,,,
baseline_fixed_alpha,byzantine,no_trust,8,146,400,0.3426288000709122,2.689620961933995,7.849955874629737,2.4625821974069586,0.5482321380745279,0.0,0.0,1.0,1.0,0.0,0.4774138828824643,0.14285714285714288,4.0,4.0,,,,
baseline_fixed_alpha,byzantine,no_trust,9,159,400,0.32918790245075513,2.5966263110947585,7.887976112619147,2.1037974236610912,1.602995310675591,0.0,0.0,1.0,1.0,0.0,0.4813742250401743,0.6428571428571429,4.0,4.0,,,,
baseline_fixed_alpha,byzantine,no_trust,10,172,400,0.3344811104381379,2.605062323266361,7.7883690348133,2.0863461677071165,1.1333266303292873,0.0,0.0,1.0,1.0,0.0,0.47672869122905553,0.6428571428571429,4.0,4.0,,,,
baseline_fixed_alpha,byzantine,no_trust,11,185,400,0.3441975256205264,2.7136992924685743,7.8841336455753455,2.0800702973238416,1.1827652298635072,0.0,0.0,1.0,1.0,0.0,0.46321354392253655,0.6428571428571429,4.0,4.0,,,,
baseline_fixed_alpha,byzantine,no_trust,12,198,400,0.3366427861197648,2.682907293892486,7.969596867992914,2.483028459894867,0.7466554190622077,0.0,0.0,1.0,1.0,0.0,0.480278489084529,0.6428571428571429,4.0,4.0,,,,
baseline_fixed_alpha,byzantine,no_trust,13,211,400,0.3219657647971626,2.4516056660090793,7.614491769190376,2.021603842391846,0.9962467258731373,0.0,0.0,1.0,1.0,0.0,0.48935011186629696,0.6428571428571429,4.0,4.0,,,,
baseline_fixed_alpha,byzantine,no_trust,14,224,400,0.348029139480302,2.661407000197494,7.647080943198224,2.473804755495589,0.38914624827238864,0.0,0.0,1.0,1.0,0.0,0.4723014182025679,0.6428571428571429,4.0,4.0,,,,
baseline_fixed_alpha,byzantine,no_trust,15,237,400,0.3426955879292671,2.594571758443589,7.571068463767654,2.241911005659976,0.9025138695713633,0.0,0.0,1.0,1.0,0.0,0.47429021368901714,0.6428571428571429,4.0,4.0,,,,
baseline_fixed_alpha,byzantine,no_trust,16,250,400,0.3543827197347363,2.7791427535481836,7.842207305221983,2.4283898749514847,0.7441073572646801,0.0,0.0,1.0,1.0,0.0,0.4544072682241104,0.14285714285714288,4.0,4.0,,,,
baseline_fixed_alpha,byzantine,no_trust,17,263,400,0.34052072435523273,2.7385150305352175,8.042139096586634,2.219438228085442,1.1472096849134799,0.0,0.0,1.0,1.0,0.0,0.47051667858582585,0.6428571428571429,4.0,4.0,,,,
baseline_fixed_alpha,byzantine,no_trust,18,276,400,0.35182634088656317,2.7886174913030617,7.92611913103509,2.3444350781008945,0.8725186626055699,0.0,0.0,1.0,1.0,0.0,0.4651178586697365,0.6428571428571429,4.0,4.0,,,,
baseline_fixed_alpha,byzantine,no_trust,19,289,400,0.32378132463114484,2.571854827491769,7.943184587380553,2.284065670316043,0.6464575433791464,0.0,0.0,1.0,1.0,0.0,0.48878155063501283,0.14285714285714288,4.0,4.0,,,,
baseline_fixed_alpha,byzantine,no_trust,20,302,400,0.330042706148678,2.5352168165748807,7.681481121515268,2.271407406605297,0.5327854708734869,0.0,0.0,1.0,1.0,0.0,0.4782647844588773,0.6428571428571429,4.0,4.0,,,,
baseline_fixed_alpha,byzantine,no_trust,21,315,400,0.33987214586180353,2.611367296940119,7.6833813206979755,2.2826720413605446,1.0258681011246438,0.0,0.0,1.0,1.0,0.0,0.47559239868973224,0.6428571428571429,4.0,4.0,,,,
baseline_fixed_alpha,byzantine,no_trust,22,328,400,0.3478007853175213,2.7905612010448926,8.02344709629473,2.3150794015719303,0.9474770958119412,0.0,0.0,1.0,1.0,0.0,0.46577805363051455,0.6428571428571429,4.0,4.0,,,,
baseline_fixed_alpha,byzantine,no_trust,23,341,400,0.35308283051737777,2.756770682528465,7.807716615642074,2.49411122631872,0.5378599970963309,0.0,0.0,1.0,1.0,0.0,0.4595207649837423,0.6428571428571429,4.0,4.0,,,,
baseline_fixed_alpha,byzantine,no_trust,24,354,400,0.3380352223659832,2.640404433181565,7.811033461841021,2.1670009848355654,1.0211448254731685,0.0,0.0,1.0,1.0,0.0,0.47754540925662853,0.14285714285714288,4.0,4.0,,,,
baseline_fixed_alpha,byzantine,oracle,0,42,400,0.677991743211429,5.416110845438667,7.988461363532675,4.638625804574406,1.639061900493835,1.0,0.0,0.0,1.0,0.0,0.0,0.0,0.0,0.0,,,,
baseline_fixed_alpha,byzantine,oracle,1,55,400,0.6760946971656788,5.4165417711877675,8.011513466819027,4.777054223796596,1.08934749098304,1.0,0.0,0.0,1.0,0.0,0.0,0.0,0.0,0.0,,,,
baseline_fixed_alpha,byzantine,oracle,2,68,400,0.6805796598013851,5.285032581662912,7.76548711903211,4.879120191706504,1.370983763820778,1.0,0.0,0.0,1.0,0.0,0.0,0.0,0.0,0.0,,,,
baseline_fixed_alpha,byzantine,oracle,3,81,400,0.6799814734469061,5.261364893422986,7.737512121841362,4.892684940682015,1.1172884130712246,1.0,0.0,0.0,1.0,0.0,0.0,0.0,0.0,0.0,,,,
baseline_fixed_alpha,byzantine,oracle,4,94,400,0.6781575644935518,5.331174027697822,7.8612616106098345,4.888996107143578,1.1548167671283762,1.0,0.0,0.0,1.0,0.0,0.0,0.0,0.0,0.0,,,,
baseline_fixed_alpha,byzantine,oracle,5,107,400,0.6799432135754957,5.295639918770909,7.788356164220942,4.575906126638843,1.402823462954017,1.0,0.0,0.0,1.0,0.0,0.0,0.0,0.0,0.0,,,,
baseline_fixed_alpha,byzantine,oracle,6,120,400,0.681111665343713,5.287373442870726,7.762858444367607,4.7189068742104885,1.1871598526024023,1.0,0.0,0.0,1.0,0.0,0.0,0.0,0.0,0.0,,,,
baseline_fixed_alpha,byzantine,oracle,7,133,400,0.6795049126955339,5.355002922984399,7.880742026928976,4.800549146314065,1.263830033611347,1.0,0.0,0.0,1.0,0.0,0.0,0.0,0.0,0.0,,,,
baseline_fixed_alpha,byzantine,oracle,8,146,400,0.6784837626841703,5.326067598723491,7.849955874629737,4.929697230228188,1.232906335883876,1.0,0.0,0.0,1.0,0.0,0.0,0.0,0.0,0.0,,,,
baseline_fixed_alpha,byzantine,oracle,9,159,400,0.676418217645056,5.335570742924621,7.887976112619147,4.66816481056164,2.0220520913638946,1.0,0.0,0.0,1.0,0.0,0.0,0.0,0.0,0.0,,,,
baseline_fixed_alpha,byzantine,oracle,10,172,400,0.6815871647936634,5.308452368805158,7.7883690348133,4.5465117435947136,1.4351577710383943,1.0,0.0,0.0,1.0,0.0,0.0,0.0,0.0,0.0,,,,
baseline_fixed_alpha,byzantine,oracle,11,185,400,0.6777097315716735,5.343154096618067,7.8841336455753455,4.587850351058791,1.4312915684976,1.0,0.0,0.0,1.0,0.0,0.0,0.0,0.0,0.0,,,,
baseline_fixed_alpha,byzantine,oracle,12,198,400,0.6755672816469009,5.383998891931629,7.969596867992914,4.9077607691536835,1.0695479589165204,1.0,0.0,0.0,1.0,0.0,0.0,0.0,0.0,0.0,,,,
baseline_fixed_alpha,byzantine,oracle,13,211,400,0.6840385806777343,5.208606142379275,7.614491769190376,4.504918861571616,1.8801535656578068,1.0,0.0,0.0,1.0,0.0,0.0,0.0,0.0,0.0,,,,
baseline_fixed_alpha,byzantine,oracle,14,224,400,0.679815002119349,5.198600347607134,7.647080943198224,4.761623837707325,0.9412956326666997,1.0,0.0,0.0,1.0,0.0,0.0,0.0,0.0,0.0,,,,
baseline_fixed_alpha,byzantine,oracle,15,237,400,0.6822217148305748,5.165147310451254,7.571068463767654,4.303407744979731,1.6702474480508807,1.0,0.0,0.0,1.0,0.0,0.0,0.0,0.0,0.0,,,,
baseline_fixed_alpha,byzantine,oracle,16,250,400,0.6801164347468569,5.333614072973331,7.842207305221983,4.93726347648752,0.913927426645536,1.0,0.0,0.0,1.0,0.0,0.0,0.0,0.0,0.0,,,,
baseline_fixed_alpha,byzantine,oracle,17,263,400,0.6762162351960428,5.438225022816718,8.042139096586634,4.842270875355173,1.1992081425971124,1.0,0.0,0.0,1.0,0.0,0.0,0.0,0.0,0.0,,,,
baseline_fixed_alpha,byzantine,oracle,18,276,400,0.6780481437427133,5.374290363881951,7.92611913103509,4.67875167833786,1.1664187470126794,1.0,0.0,0.0,1.0,0.0,0.0,0.0,0.0,0.0,,,,
baseline_fixed_alpha,byzantine,oracle,19,289,400,0.6802509142246536,5.403358577420798,7.943184587380553,4.630890908235033,1.3764784190800148,1.0,0.0,0.0,1.0,0.0,0.0,0.0,0.0,0.0,,,,
baseline_fixed_alpha,byzantine,oracle,20,302,400,0.6817046442951331,5.236501355602345,7.681481121515268,4.851477150211881,0.6640095492349394,1.0,0.0,0.0,1.0,0.0,0.0,0.0,0.0,0.0,,,,
baseline_fixed_alpha,byzantine,oracle,21,315,400,0.6840380197484749,5.255724943582665,7.6833813206979755,4.734105143847667,0.9812492427503736,1.0,0.0,0.0,1.0,0.0,0.0,0.0,0.0,0.0,,,,
baseline_fixed_alpha,byzantine,oracle,22,328,400,0.6764224514609289,5.427239754042753,8.02344709629473,4.682034569924404,1.3731231529133696,1.0,0.0,0.0,1.0,0.0,0.0,0.0,0.0,0.0,,,,
baseline_fixed_alpha,byzantine,oracle,23,341,400,0.6815749485711008,5.3215440507639755,7.807716615642074,4.645061838308777,1.1193531466772004,1.0,0.0,0.0,1.0,0.0,0.0,0.0,0.0,0.0,,,,
baseline_fixed_alpha,byzantine,oracle,24,354,400,0.6793341802961754,5.306302014065767,7.811033461841021,4.247338116525024,1.6438608265831256,1.0,0.0,0.0,1.0,0.0,0.0,0.0,0.0,0.0,,,,
baseline_fixed_alpha,byzantine,sparse_online,0,42,400,0.6758726564027803,5.3991826023418055,7.988461363532675,4.604711551748455,1.6608883953773903,1.0,0.0,0.0,1.0,0.0,0.0015833333333333333,0.0,0.0075,0.0,,,,
baseline_fixed_alpha,byzantine,sparse_online,1,55,400,0.6742999440233184,5.402163082218132,8.011513466819027,4.802581643780651,1.0530994736831296,1.0,0.0,0.0,1.0,0.0,0.0005070272290974979,0.0,0.0075,0.0,,,,
baseline_fixed_alpha,byzantine,sparse_online,2,68,400,0.6770357079900235,5.2575120695213124,7.76548711903211,4.850687790873742,1.375253003595609,1.0,0.0,0.0,1.0,0.0,0.002852272727272727,0.0,0.0075,0.0,,,,
baseline_fixed_alpha,byzantine,sparse_online,3,81,400,0.6799843504313153,5.261387154124726,7.737512121841362,4.892790843951483,1.1173344847959106,1.0,0.0,0.0,1.0,0.0,0.00011363636363636366,0.0,0.0025,0.0,,,,
baseline_fixed_alpha,byzantine,sparse_online,4,94,400,0.6772976450033751,5.32441397562148,7.8612616106098345,4.881685178080665,1.1632227972719118,1.0,0.0,0.0,1.0,0.0,0.0014886363636363636,0.0,0.005,0.0,,,,
baseline_fixed_alpha,byzantine,sparse_online,5,107,400,0.6799662635412715,5.295819440113944,7.788356164220942,4.575322005626801,1.4043958708232713,1.0,0.0,0.0,1.0,0.0,0.00015625,0.0,0.0025,0.0,,,,
baseline_fixed_alpha,byzantine,sparse_online,6,120,400,0.6811692973394021,5.287820831895127,7.762858444367607,4.719458204148345,1.1804705544668286,1.0,0.0,0.0,1.0,0.0,0.0,0.0,0.0,0.0,,,,
baseline_fixed_alpha,byzantine,sparse_online,7,133,400,0.6789119740281743,5.350330126309147,7.880742026928976,4.791993921771867,1.2663763840019202,1.0,0.0,0.0,1.0,0.0,0.0005164141414141413,0.0,0.01,0.0,,,,
baseline_fixed_alpha,byzantine,sparse_online,8,146,400,0.6765168190200008,5.310627177751878,7.849955874629737,4.924856765665877,1.2219419149291317,1.0,0.0,0.0,1.0,0.0,0.0029469696969696966,0.0,0.01,0.0,,,,
baseline_fixed_alpha,byzantine,sparse_online,9,159,400,0.6758056366812975,5.330738718915448,7.887976112619147,4.65665824075373,2.025706112189634,1.0,0.0,0.0,1.0,0.0,0.00011363636363636366,0.0,0.0025,0.0,,,,
baseline_fixed_alpha,byzantine,sparse_online,10,172,400,0.6809154068615266,5.303220470127614,7.7883690348133,4.536023464402202,1.463905040833799,1.0,0.0,0.0,1.0,0.0,0.00022727272727272727,0.0,0.005,0.0,,,,
baseline_fixed_alpha,byzantine,sparse_online,11,185,400,0.6768709960390907,5.336541393585891,7.8841336455753455,4.586810583786168,1.4162169950370913,1.0,0.0,0.0,1.0,0.0,0.00038352272727272736,0.0,0.0075,0.0,,,,
baseline_fixed_alpha,byzantine,sparse_online,12,198,400,0.6709207036025736,5.346967538102673,7.969596867992914,4.905181729259285,1.0518734397349085,1.0,0.0,0.0,1.0,0.0,0.0035476190476190477,0.0,0.0275,0.0,,,,
baseline_fixed_alpha,byzantine,sparse_online,13,211,400,0.6838470718198522,5.207147899757205,7.614491769190376,4.505071825325255,1.883698989436855,1.0,0.0,0.0,1.0,0.0,0.00035227272727272733,0.0,0.0075,0.0,,,,
baseline_fixed_alpha,byzantine,sparse_online,14,224,400,0.6783097974719132,5.187089925832114,7.647080943198224,4.748884867169596,0.9414744733657194,1.0,0.0,0.0,1.0,0.0,0.0016136363636363637,0.0,0.0075,0.0,,,,
baseline_fixed_alpha,byzantine,sparse_online,15,237,400,0.6794535387100058,5.14418925952266,7.571068463767654,4.287189964232109,1.648525238377096,1.0,0.0,0.0,1.0,0.0,0.0033011363636363637,0.0,0.0175,0.0,,,,
baseline_fixed_alpha,byzantine,sparse_online,16,250,400,0.6775310054490454,5.313338600446899,7.842207305221983,4.920002262280647,0.9164350940318817,1.0,0.0,0.0,1.0,0.0,0.0032240675990675995,0.0,0.0175,0.0,,,,
baseline_fixed_alpha,byzantine,sparse_online,17,263,400,0.6736416456851083,5.41751981585317,8.042139096586634,4.821340383220351,1.1873450682635163,1.0,0.0,0.0,1.0,0.0,0.002809000151062675,0.0,0.0125,0.0,,,,
baseline_fixed_alpha,byzantine,sparse_online,18,276,400,0.6755341791506568,5.354364381034107,7.92611913103509,4.6438969587225705,1.1959507364354085,1.0,0.0,0.0,1.0,0.0,0.0030025252525252523,0.0,0.0075,0.0,,,,
baseline_fixed_alpha,byzantine,sparse_online,19,289,400,0.6801591432957379,5.402629623992666,7.943184587380553,4.629106258718815,1.3785683817934613,1.0,0.0,0.0,1.0,0.0,0.00020833333333333335,0.0,0.005,0.0,,,,
baseline_fixed_alpha,byzantine,sparse_online,20,302,400,0.6817259621111365,5.236665108003527,7.681481121515268,4.846245141568528,0.6709475325683414,1.0,0.0,0.0,1.0,0.0,0.0,0.0,0.0,0.0,,,,
baseline_fixed_alpha,byzantine,sparse_online,21,315,400,0.6829304771645099,5.247215271581151,7.6833813206979755,4.725348665167184,0.98385341307708,1.0,0.0,0.0,1.0,0.0,0.0013636363636363635,0.0,0.0025,0.0,,,,
baseline_fixed_alpha,byzantine,sparse_online,22,328,400,0.6742165232299631,5.409540605583375,8.02344709629473,4.660171944730292,1.3750210240978582,1.0,0.0,0.0,1.0,0.0,0.002158208896439497,0.0,0.005,0.0,,,,
baseline_fixed_alpha,byzantine,sparse_online,23,341,400,0.6786858607508522,5.298986871785772,7.807716615642074,4.623597419416559,1.1177521916678037,1.0,0.0,0.0,1.0,0.0,0.004554195804195804,0.0,0.02,0.0,,,,
baseline_fixed_alpha,byzantine,sparse_online,24,354,400,0.676202274570985,5.281838593646974,7.811033461841021,4.233004065902241,1.6236516383994006,1.0,0.0,0.0,1.0,0.0,0.0032852564102564107,0.0,0.02,0.0,,,,
baseline_fixed_alpha,compound,algorithm1,0,42,400,0.5557680911406775,4.439731923161609,7.988461363532675,3.825175670660316,1.2319642928048595,0.5,0.0,0.5,0.5,0.0,0.199984113675305,0.08333333333333334,2.04,2.0,,,,
baseline_fixed_alpha,compound,algorithm1,1,55,400,0.5008893404143495,4.012881696115661,8.011513466819027,3.4162712336053804,1.0863581150814081,0.25,0.0,0.75,0.25,0.0,0.29328237764863113,0.11538461538461542,3.75,3.0,,,,
baseline_fixed_alpha,compound,algorithm1,2,68,400,0.5913024222628339,4.591751343534522,7.76548711903211,4.158917039863523,1.2982408449890563,0.75,0.0,0.25,0.75,0.0,0.13662333983107802,0.045454545454545456,1.1375,1.0,,,,
baseline_fixed_alpha,compound,algorithm1,3,81,400,0.6056482371916347,4.686210576842126,7.737512121841362,4.40557901647988,0.9358825552714913,0.75,0.0,0.25,0.75,0.0,0.12382575757575756,0.04545454545454546,1.1225,1.0,,,,
baseline_fixed_alpha,compound,algorithm1,4,94,400,0.557868702215165,4.385551812484807,7.8612616106098345,3.873206435585866,1.0692456146958622,0.5,0.0,0.5,0.5,0.0,0.20114056588813348,0.08333333333333334,2.0475,2.0,,,,
baseline_fixed_alpha,compound,algorithm1,5,107,400,0.5974384627401803,4.653063534025167,7.788356164220942,4.0748008633649535,1.1550392275480714,0.75,0.0,0.25,0.75,0.0,0.13159962157556535,0.04545454545454546,1.0725,1.0,,,,
baseline_fixed_alpha,compound,algorithm1,6,120,400,0.6381894878328805,4.954174654730115,7.762858444367607,4.423448368391845,1.097622972067045,1.0,0.0,0.0,1.0,0.0,0.05738780584722587,0.0,0.3775,0.0,,,,
baseline_fixed_alpha,compound,algorithm1,7,133,400,0.5925588693854102,4.669803585395121,7.880742026928976,4.009206575549658,1.1841718190447068,1.0,0.0,0.0,1.0,0.0,0.13311258961074884,0.0,1.3525,0.0,,,,
baseline_fixed_alpha,compound,algorithm1,8,146,400,0.5808438908361214,4.559598913111805,7.849955874629737,4.14409965407551,1.1585543513690624,0.75,0.0,0.25,0.75,0.0,0.15205808170966795,0.04545454545454546,1.3375,1.0,,,,
baseline_fixed_alpha,compound,algorithm1,9,159,400,0.5777397284870951,4.557197177617278,7.887976112619147,3.9552761038719964,1.6510575627859487,0.75,0.0,0.25,0.75,0.0,0.14916619843572104,0.045454545454545456,1.42,1.0,,,,
baseline_fixed_alpha,compound,algorithm1,10,172,400,0.5596987850282922,4.359140686136977,7.7883690348133,3.6256773382196448,1.491420225232016,0.75,0.0,0.25,0.75,0.0,0.18686165093935905,0.04545454545454546,1.6975,1.0,,,,
baseline_fixed_alpha,compound,algorithm1,11,185,400,0.5521471943043085,4.353202271924626,7.8841336455753455,3.832893310830086,1.1916158408803388,0.5,0.0,0.5,0.5,0.0,0.20688328138514378,0.45542423722637215,2.1475,2.0,,,,
baseline_fixed_alpha,compound,algorithm1,12,198,400,0.5723630319415874,4.561502626716604,7.969596867992914,4.015142880126127,1.20470110147172,0.75,0.0,0.25,0.75,0.0,0.1622080952007704,0.04545454545454546,1.5275,1.0,,,,
baseline_fixed_alpha,compound,algorithm1,13,211,400,0.6595492094570147,5.0221320267864575,7.614491769190376,4.328185594155848,1.8793910045610698,1.0,0.0,0.0,1.0,0.0,0.029792970463140462,0.0,0.1425,0.0,,,,
baseline_fixed_alpha,compound,algorithm1,14,224,400,0.5945197560272941,4.546340696671178,7.647080943198224,4.226644097712715,0.6227283456723898,0.75,0.0,0.25,0.75,0.0,0.1391115719091399,0.5454545454545454,1.1225,1.0,,,,
baseline_fixed_alpha,compound,algorithm1,15,237,400,0.5933960542371526,4.492642152759066,7.571068463767654,3.7085390979012827,1.603939376923786,0.75,0.0,0.25,0.75,0.0,0.13472031525115966,0.04545454545454546,1.1775,1.0,,,,
baseline_fixed_alpha,compound,algorithm1,16,250,400,0.5628192189265027,4.41374499018475,7.842207305221983,4.187947911399232,0.6350003992162545,0.75,0.0,0.25,0.75,0.0,0.17667559667521054,0.04545454545454546,1.58,1.0,,,,
baseline_fixed_alpha,compound,algorithm1,17,263,400,0.542281602370483,4.361104075783309,8.042139096586634,4.004956469646414,1.1696347450078397,0.5,0.0,0.5,0.5,0.0,0.21027095249593805,0.08333333333333334,2.1675,2.0,,,,
baseline_fixed_alpha,compound,algorithm1,18,276,400,0.5987222288729832,4.745543712446122,7.92611913103509,3.9930433497711313,1.2958585362231023,0.75,0.0,0.25,0.75,0.0,0.1326562338343433,0.04545454545454546,1.125,1.0,,,,
baseline_fixed_alpha,compound,algorithm1,19,289,400,0.5626210103988943,4.469002538336971,7.943184587380553,3.7855945042189934,1.314832576661308,0.75,0.0,0.25,0.75,0.0,0.174967049708589,0.04545454545454546,1.5525,1.0,,,,
baseline_fixed_alpha,compound,algorithm1,20,302,400,0.592389471718665,4.550428543591328,7.681481121515268,4.119881286255963,0.8138581065846857,0.75,0.0,0.25,0.75,0.0,0.13762980873388733,0.5454545454545454,1.1875,1.0,,,,
baseline_fixed_alpha,compound,algorithm1,21,315,400,0.5596246886273548,4.299809879200839,7.6833813206979755,3.9950528400829084,0.6464267343111674,0.5,0.0,0.5,0.5,0.0,0.20068163669742972,0.08333333333333334,2.14,2.0,,,,
baseline_fixed_alpha,compound,algorithm1,22,328,400,0.5750003522586046,4.613484906697748,8.02344709629473,3.901081811616365,1.3507235384362817,0.75,0.0,0.25,0.75,0.0,0.16419961431015664,0.04545454545454546,1.4525,1.0,,,,
baseline_fixed_alpha,compound,algorithm1,23,341,400,0.6152767881726612,4.803906802234575,7.807716615642074,4.1631550091704215,1.0020525984144015,1.0,0.0,0.0,1.0,0.0,0.09121545210480925,0.0,0.7725,0.0,,,,
baseline_fixed_alpha,compound,algorithm1,24,354,400,0.5656991120002438,4.418694693167656,7.811033461841021,3.3963256020833175,1.6603219944527536,0.75,0.0,0.25,0.75,0.0,0.1680233548297212,0.045454545454545456,1.385,1.0,,,,
baseline_fixed_alpha,compound,no_trust,0,42,400,0.38765686903647173,3.0967819206059004,7.988461363532675,2.6627663666031745,0.967282922071445,0.0,0.0,1.0,0.5,0.0,0.4205652413708604,0.6428571428571429,4.0,4.0,,,,
baseline_fixed_alpha,compound,no_trust,1,55,400,0.4931776187499325,3.9510991341488237,8.011513466819027,3.3963281466751023,0.9940661061745764,0.0,0.0,1.0,0.25,0.0,0.3091893972655601,0.14285714285714288,4.0,4.0,,,,
baseline_fixed_alpha,compound,no_trust,2,68,400,0.36254375613525625,2.8153288683538507,7.76548711903211,2.4742866045189804,1.11020933186954,0.0,0.0,1.0,0.75,0.0,0.4459960710486201,0.6428571428571429,4.0,4.0,,,,
baseline_fixed_alpha,compound,no_trust,3,81,400,0.3917219290720648,3.0309531745861835,7.737512121841362,2.7882206208442883,0.6865305091561713,0.0,0.0,1.0,0.75,0.0,0.42274111681658977,0.14285714285714288,4.0,4.0,,,,
baseline_fixed_alpha,compound,no_trust,4,94,400,0.4678815533060882,3.67813929331765,7.8612616106098345,3.0726141116869687,1.1851546821560097,0.0,0.0,1.0,0.5,0.0,0.34031911450553276,0.14285714285714288,4.0,4.0,,,,
baseline_fixed_alpha,compound,no_trust,5,107,400,0.3890402160353345,3.0299837646886445,7.788356164220942,2.7214232643359777,0.8168882224946259,0.0,0.0,1.0,0.75,0.0,0.42546087483985146,0.6428571428571429,4.0,4.0,,,,
baseline_fixed_alpha,compound,no_trust,6,120,400,0.339011439208954,2.6316978136004443,7.762858444367607,2.27335662024474,0.6039192017816868,0.0,0.0,1.0,1.0,0.0,0.46453491148265896,0.14285714285714288,4.0,4.0,,,,
baseline_fixed_alpha,compound,no_trust,7,133,400,0.41771753946158796,3.2919241686202994,7.880742026928976,2.7995601078983996,1.0715624357845113,0.0,0.0,1.0,1.0,0.0,0.3904810490336025,0.14285714285714288,4.0,4.0,,,,
baseline_fixed_alpha,compound,no_trust,8,146,400,0.4537985630127799,3.5622986956207043,7.849955874629737,3.141247522497887,0.9577345196108209,0.0,0.0,1.0,0.75,0.0,0.3517584463272266,0.20319613540995238,4.0,4.0,,,,
baseline_fixed_alpha,compound,no_trust,9,159,400,0.4421339821074676,3.487542289440886,7.887976112619147,2.8525401810703435,1.4310664146656253,0.0,0.0,1.0,0.75,0.0,0.3491061800438961,0.14285714285714288,4.0,4.0,,,,
baseline_fixed_alpha,compound,no_trust,10,172,400,0.4551320135790563,3.5447360813113487,7.7883690348133,2.8190034691508425,1.3112223840770727,0.0,0.0,1.0,0.75,0.0,0.3522023205893822,0.6428571428571429,4.0,4.0,,,,
baseline_fixed_alpha,compound,no_trust,11,185,400,0.41608953506568563,3.2805055029831744,7.8841336455753455,2.69100151765373,1.157510339578295,0.0,0.0,1.0,0.5,0.0,0.38759331910689154,0.6428571428571429,4.0,4.0,,,,
baseline_fixed_alpha,compound,no_trust,12,198,400,0.4029784123340224,3.2115754928059816,7.969596867992914,2.6872677439417023,1.004713481368186,0.0,0.0,1.0,0.75,0.0,0.40456496068511044,0.6428571428571429,4.0,4.0,,,,
baseline_fixed_alpha,compound,no_trust,13,211,400,0.3607328782677399,2.7467975324460596,7.614491769190376,2.466712798586542,0.842529855840731,0.0,0.0,1.0,1.0,0.0,0.4455553207803547,0.14285714285714288,4.0,4.0,,,,
baseline_fixed_alpha,compound,no_trust,14,224,400,0.378483079815545,2.8942907469804267,7.647080943198224,2.5878665348597027,0.7740419063843165,0.0,0.0,1.0,0.75,0.0,0.43968905942267816,0.6428571428571429,4.0,4.0,,,,
baseline_fixed_alpha,compound,no_trust,15,237,400,0.3782623216927395,2.8638499347994353,7.571068463767654,2.262759897572994,1.3437044179256548,0.0,0.0,1.0,0.75,0.0,0.4292535834264023,0.6238164273183854,4.0,4.0,,,,
baseline_fixed_alpha,compound,no_trust,16,250,400,0.4055908739086024,3.1807277142974097,7.842207305221983,2.737024483073426,1.0769606817991741,0.0,0.0,1.0,0.75,0.0,0.3992458741941419,0.14285714285714288,4.0,4.0,,,,
baseline_fixed_alpha,compound,no_trust,17,263,400,0.4213931425090026,3.3889022664051534,8.042139096586634,2.952966576150337,1.141360971302615,0.0,0.0,1.0,0.5,0.0,0.38126795642248895,0.6428571428571429,4.0,4.0,,,,
baseline_fixed_alpha,compound,no_trust,18,276,400,0.392922607157081,3.114351393603925,7.92611913103509,2.5877218763002903,1.0101651033822803,0.0,0.0,1.0,0.75,0.0,0.42157079283995025,0.14285714285714288,4.0,4.0,,,,
baseline_fixed_alpha,compound,no_trust,19,289,400,0.45032312883931064,3.5769997363373993,7.943184587380553,2.852620955377447,1.22933136288766,0.0,0.0,1.0,0.75,0.0,0.35347117728229877,0.14285714285714288,4.0,4.0,,,,
baseline_fixed_alpha,compound,no_trust,20,302,400,0.4000070030379662,3.072646242310038,7.681481121515268,2.7558647777996734,0.5008269875807736,0.0,0.0,1.0,0.75,0.0,0.4055681164014182,0.6428571428571429,4.0,4.0,,,,
baseline_fixed_alpha,compound,no_trust,21,315,400,0.4159685840363026,3.1960452485817137,7.6833813206979755,2.7513650380859396,0.997776319016844,0.0,0.0,1.0,0.5,0.0,0.3921403745368181,0.6428571428571429,4.0,4.0,,,,
baseline_fixed_alpha,compound,no_trust,22,328,400,0.4230048702458261,3.3939571978924024,8.02344709629473,2.9334937300853294,0.7338890681864405,0.0,0.0,1.0,0.75,0.0,0.3873355719398859,0.6428571428571429,4.0,4.0,,,,
baseline_fixed_alpha,compound,no_trust,23,341,400,0.3755408971833391,2.9321169027914884,7.807716615642074,2.625231781238242,0.6323151394090387,0.0,0.0,1.0,1.0,0.0,0.4313380870399155,0.6428571428571429,4.0,4.0,,,,
baseline_fixed_alpha,compound,no_trust,24,354,400,0.40800566763637186,3.1869459225284866,7.811033461841021,2.443566061026545,1.36361757189681,0.0,0.0,1.0,0.75,0.0,0.39802728123315473,0.14285714285714288,4.0,4.0,,,,
baseline_fixed_alpha,compound,oracle,0,42,400,0.6756738367018423,5.397594338842554,7.988461363532675,4.714182731688322,1.438751808458676,1.0,0.0,0.0,0.5,0.0,0.0,0.0,0.0,0.0,,,,
baseline_fixed_alpha,compound,oracle,1,55,400,0.6754574578251784,5.411436519629762,8.011513466819027,4.842161767864034,1.1027905627349304,1.0,0.0,0.0,0.25,0.0,0.0,0.0,0.0,0.0,,,,
baseline_fixed_alpha,compound,oracle,2,68,400,0.6781120906203242,5.2658707049720626,7.76548711903211,4.769489313071077,1.4185421383658303,1.0,0.0,0.0,0.75,0.0,0.0,0.0,0.0,0.0,,,,
baseline_fixed_alpha,compound,oracle,3,81,400,0.6793211978173463,5.256256002735511,7.737512121841362,4.8828155533940185,1.139924899660504,1.0,0.0,0.0,0.75,0.0,0.0,0.0,0.0,0.0,,,,
baseline_fixed_alpha,compound,oracle,4,94,400,0.676560737646272,5.31862095410451,7.8612616106098345,4.8980969326635915,1.0053211259962955,1.0,0.0,0.0,0.5,0.0,0.0,0.0,0.0,0.0,,,,
baseline_fixed_alpha,compound,oracle,5,107,400,0.6798986608048038,5.295292925924657,7.788356164220942,4.570750601017134,1.4079789885757261,1.0,0.0,0.0,0.75,0.0,0.0,0.0,0.0,0.0,,,,
baseline_fixed_alpha,compound,oracle,6,120,400,0.6784885919198457,5.267010895192062,7.762858444367607,4.761572525251523,1.1503701766728947,1.0,0.0,0.0,1.0,0.0,0.0,0.0,0.0,0.0,,,,
baseline_fixed_alpha,compound,oracle,7,133,400,0.677605339144076,5.340032873864181,7.880742026928976,4.8009799064569245,1.2670455499475404,1.0,0.0,0.0,1.0,0.0,0.0,0.0,0.0,0.0,,,,
baseline_fixed_alpha,compound,oracle,8,146,400,0.6750882923359699,5.299413306316504,7.849955874629737,4.882698814435754,1.2632067397878952,1.0,0.0,0.0,0.75,0.0,0.0,0.0,0.0,0.0,,,,
baseline_fixed_alpha,compound,oracle,9,159,400,0.6713348609607591,5.295473346826964,7.887976112619147,4.7137985944904965,1.7195376715243418,1.0,0.0,0.0,0.75,0.0,0.0,0.0,0.0,0.0,,,,
baseline_fixed_alpha,compound,oracle,10,172,400,0.6795406293425503,5.292513195469061,7.7883690348133,4.597575250427576,1.4291229362835534,1.0,0.0,0.0,0.75,0.0,0.0,0.0,0.0,0.0,,,,
baseline_fixed_alpha,compound,oracle,11,185,400,0.6763646493828542,5.332549288877133,7.8841336455753455,4.623036656456255,1.4183638171564574,1.0,0.0,0.0,0.5,0.0,0.0,0.0,0.0,0.0,,,,
baseline_fixed_alpha,compound,oracle,12,198,400,0.6727743795193302,5.36174058788313,7.969596867992914,4.946510929172389,1.1537016958290307,1.0,0.0,0.0,0.75,0.0,0.0,0.0,0.0,0.0,,,,
baseline_fixed_alpha,compound,oracle,13,211,400,0.6820317272904785,5.193324973780044,7.614491769190376,4.490702773673184,1.8863395648122872,1.0,0.0,0.0,1.0,0.0,0.0,0.0,0.0,0.0,,,,
baseline_fixed_alpha,compound,oracle,14,224,400,0.6785140661629605,5.1886519850467145,7.647080943198224,4.657454517580171,1.041503045453597,1.0,0.0,0.0,0.75,0.0,0.0,0.0,0.0,0.0,,,,
baseline_fixed_alpha,compound,oracle,15,237,400,0.6806965441426442,5.153600138754,7.571068463767654,4.291919444755776,1.6247475180742246,1.0,0.0,0.0,0.75,0.0,0.0,0.0,0.0,0.0,,,,
baseline_fixed_alpha,compound,oracle,16,250,400,0.6789990792353557,5.324851539418507,7.842207305221983,4.9545048005706525,0.8600810025828451,1.0,0.0,0.0,0.75,0.0,0.0,0.0,0.0,0.0,,,,
baseline_fixed_alpha,compound,oracle,17,263,400,0.6724845403972655,5.408214214178942,8.042139096586634,4.896401665736592,1.0985278476392528,1.0,0.0,0.0,0.5,0.0,0.0,0.0,0.0,0.0,,,,
baseline_fixed_alpha,compound,oracle,18,276,400,0.6757564634670971,5.356126233007173,7.92611913103509,4.694268091082782,1.130175936458766,1.0,0.0,0.0,0.75,0.0,0.0,0.0,0.0,0.0,,,,
baseline_fixed_alpha,compound,oracle,19,289,400,0.677193050421256,5.379069400787342,7.943184587380553,4.622574579695731,1.2644416714005153,1.0,0.0,0.0,0.75,0.0,0.0,0.0,0.0,0.0,,,,
baseline_fixed_alpha,compound,oracle,20,302,400,0.6811331925701254,5.232111759964842,7.681481121515268,4.784409178749469,0.7538341561649569,1.0,0.0,0.0,0.75,0.0,0.0,0.0,0.0,0.0,,,,
baseline_fixed_alpha,compound,oracle,21,315,400,0.682533566624557,5.244165656552489,7.6833813206979755,4.734105143847667,1.0693480762442347,1.0,0.0,0.0,0.5,0.0,0.0,0.0,0.0,0.0,,,,
baseline_fixed_alpha,compound,oracle,22,328,400,0.6751037231775674,5.416659007426814,8.02344709629473,4.677832785670903,1.3802951714194736,1.0,0.0,0.0,0.75,0.0,0.0,0.0,0.0,0.0,,,,
baseline_fixed_alpha,compound,oracle,23,341,400,0.6801433856521252,5.310366813175153,7.807716615642074,4.627937427157632,1.2004902440607284,1.0,0.0,0.0,1.0,0.0,0.0,0.0,0.0,0.0,,,,
baseline_fixed_alpha,compound,oracle,24,354,400,0.6760256698842468,5.280459128529343,7.811033461841021,4.188433919762439,1.6699062977213757,1.0,0.0,0.0,0.75,0.0,0.0,0.0,0.0,0.0,,,,
baseline_fixed_alpha,compound,sparse_online,0,42,400,0.6730596311794905,5.376710859030912,7.988461363532675,4.676067228900056,1.464281090894601,1.0,0.0,0.0,0.5,0.0,0.0019707792207792206,0.0,0.0175,0.0,,,,
baseline_fixed_alpha,compound,sparse_online,1,55,400,0.6709798316632366,5.375563957333984,8.011513466819027,4.780888039646164,1.1377032598014987,1.0,0.0,0.0,0.25,0.0,0.004169642857142857,0.0,0.0375,0.0,,,,
baseline_fixed_alpha,compound,sparse_online,2,68,400,0.6759562477468709,5.2491295349076035,7.76548711903211,4.764168447142395,1.420299601254479,1.0,0.0,0.0,0.75,0.0,0.00022727272727272733,0.0,0.005,0.0,,,,
baseline_fixed_alpha,compound,sparse_online,3,81,400,0.6792679579605216,5.2558440586979644,7.737512121841362,4.882944601790603,1.1399067859287975,1.0,0.0,0.0,0.75,0.0,0.00035227272727272733,0.0,0.0075,0.0,,,,
baseline_fixed_alpha,compound,sparse_online,4,94,400,0.6765376061044382,5.318439111002698,7.8612616106098345,4.900816874660155,1.003608093590194,1.0,0.0,0.0,0.5,0.0,0.00020833333333333335,0.0,0.005,0.0,,,,
baseline_fixed_alpha,compound,sparse_online,5,107,400,0.6799026710765413,5.295324159349264,7.788356164220942,4.571635078928067,1.407588322578265,1.0,0.0,0.0,0.75,0.0,0.0,0.0,0.0,0.0,,,,
baseline_fixed_alpha,compound,sparse_online,6,120,400,0.6775142259594463,5.259447030168471,7.762858444367607,4.751345694281709,1.1513163495484227,1.0,0.0,0.0,1.0,0.0,0.0010154969304775204,0.0,0.005,0.0,,,,
baseline_fixed_alpha,compound,sparse_online,7,133,400,0.6771018375870742,5.336064907983293,7.880742026928976,4.798651308408318,1.263335493275485,1.0,0.0,0.0,1.0,0.0,0.00022727272727272733,0.0,0.005,0.0,,,,
baseline_fixed_alpha,compound,sparse_online,8,146,400,0.6733803250572048,5.286005838542887,7.849955874629737,4.874640369127645,1.250125646713582,1.0,0.0,0.0,0.75,0.0,0.0029469696969696966,0.0,0.01,0.0,,,,
baseline_fixed_alpha,compound,sparse_online,9,159,400,0.6705561818903858,5.289331144920463,7.887976112619147,4.700568607723975,1.7270212917122718,1.0,0.0,0.0,0.75,0.0,0.00024999999999999995,0.0,0.005,0.0,,,,
baseline_fixed_alpha,compound,sparse_online,10,172,400,0.6767445247660877,5.27073610116764,7.7883690348133,4.564301161017244,1.4982542334846256,1.0,0.0,0.0,0.75,0.0,0.0030719696969696967,0.0,0.0125,0.0,,,,
baseline_fixed_alpha,compound,sparse_online,11,185,400,0.6755396171966317,5.326044624859053,7.8841336455753455,4.624769871320407,1.4127300588735654,1.0,0.0,0.0,0.5,0.0,0.00032196969696969704,0.0,0.0075,0.0,,,,
baseline_fixed_alpha,compound,sparse_online,12,198,400,0.6708255370157273,5.346209098770205,7.969596867992914,4.9215838251076915,1.1526275589596864,1.0,0.0,0.0,0.75,0.0,0.0020801282051282053,0.0,0.02,0.0,,,,
baseline_fixed_alpha,compound,sparse_online,13,211,400,0.6811046527622915,5.186265772415738,7.614491769190376,4.486248248302077,1.8913818254226156,1.0,0.0,0.0,1.0,0.0,0.0017386363636363639,0.0,0.01,0.0,,,,
baseline_fixed_alpha,compound,sparse_online,14,224,400,0.6760276312461704,5.169638015978026,7.647080943198224,4.651155248341644,1.0272122841264224,1.0,0.0,0.0,0.75,0.0,0.0032222222222222222,0.0,0.015,0.0,,,,
baseline_fixed_alpha,compound,sparse_online,15,237,400,0.6805600491862013,5.152566726093812,7.571068463767654,4.291787767067428,1.6261661467027961,1.0,0.0,0.0,0.75,0.0,0.00023863636363636364,0.0,0.005,0.0,,,,
baseline_fixed_alpha,compound,sparse_online,16,250,400,0.6777514014260284,5.315066991387637,7.842207305221983,4.95356491388026,0.8523221287772236,1.0,0.0,0.0,0.75,0.0,0.0017272727272727272,0.0,0.01,0.0,,,,
baseline_fixed_alpha,compound,sparse_online,17,263,400,0.667894475605645,5.371300274662386,8.042139096586634,4.859314783778538,1.0924489335295116,1.0,0.0,0.0,0.5,0.0,0.004415986790986791,0.0,0.015,0.0,,,,
baseline_fixed_alpha,compound,sparse_online,18,276,400,0.6733197332830341,5.3368124192781,7.92611913103509,4.683661642740983,1.0949429238833304,1.0,0.0,0.0,0.75,0.0,0.0030025252525252527,0.0,0.01,0.0,,,,
baseline_fixed_alpha,compound,sparse_online,19,289,400,0.6767546951135922,5.37558746366371,7.943184587380553,4.6146208810018265,1.2726373861751865,1.0,0.0,0.0,0.75,0.0,0.0009027764283169157,0.0,0.0125,0.0,,,,
baseline_fixed_alpha,compound,sparse_online,20,302,400,0.6810503654927454,5.231475525333598,7.681481121515268,4.778967551309065,0.760670415834614,1.0,0.0,0.0,0.75,0.0,0.00024999999999999995,0.0,0.005,0.0,,,,
baseline_fixed_alpha,compound,sparse_online,21,315,400,0.6812665962936177,5.2344310403778715,7.6833813206979755,4.724496610647121,1.0717213145208184,1.0,0.0,0.0,0.5,0.0,0.0017770979020979023,0.0,0.0125,0.0,,,,
baseline_fixed_alpha,compound,sparse_online,22,328,400,0.6724705791310116,5.39553211547235,8.02344709629473,4.648863997072683,1.3742250665054039,1.0,0.0,0.0,0.75,0.0,0.0029469696969696966,0.0,0.01,0.0,,,,
baseline_fixed_alpha,compound,sparse_online,23,341,400,0.6783445899162177,5.296322325819762,7.807716615642074,4.61890284831019,1.1941204232422065,1.0,0.0,0.0,1.0,0.0,0.00303030303030303,0.0,0.0125,0.0,,,,
baseline_fixed_alpha,compound,sparse_online,24,354,400,0.674607233130251,5.269379671580377,7.811033461841021,4.187142896879075,1.6732417197587601,1.0,0.0,0.0,0.75,0.0,0.0018219696969696971,0.0,0.0125,0.0,,,,
baseline_fixed_alpha,reputation_poison,algorithm1,0,42,400,0.5157309722769862,4.1198969460118455,7.988461363532675,3.678113048892124,1.0482975916698587,0.0,0.0,1.0,0.0,0.0,0.29590502257072265,0.14285714285714288,3.995,4.0,,,,
baseline_fixed_alpha,reputation_poison,algorithm1,1,55,400,0.5225466215818995,4.186389295844173,8.011513466819027,3.7375042399378873,0.8874054427719309,0.0,0.0,1.0,0.0,0.0,0.2862550737953792,0.14285714285714288,3.99,4.0,,,,
baseline_fixed_alpha,reputation_poison,algorithm1,2,68,400,0.5130231688991147,3.9838748098511094,7.76548711903211,3.4386613249082307,1.3938704110805116,0.0,0.0,1.0,0.0,0.0,0.29683655752769317,0.14285714285714288,3.9875,4.0,,,,
baseline_fixed_alpha,reputation_poison,algorithm1,3,81,400,0.5293139787419379,4.095573326775825,7.737512121841362,3.676237004563764,1.0574923296111178,0.0,0.0,1.0,0.0,0.0,0.2845623590863822,0.6428571428571429,3.995,4.0,,,,
baseline_fixed_alpha,reputation_poison,algorithm1,4,94,400,0.5218484767018605,4.102387396451557,7.8612616106098345,3.6551848989022218,1.2184711961061265,0.0,0.0,1.0,0.0,0.0,0.28766965097625546,0.6428571428571429,3.9925,4.0,,,,
baseline_fixed_alpha,reputation_poison,algorithm1,5,107,400,0.5136434824958923,4.000438383108794,7.788356164220942,3.2602048107952353,1.311594862272277,0.0,0.0,1.0,0.0,0.0,0.29971506658398256,0.6428571428571429,3.9875,4.0,,,,
baseline_fixed_alpha,reputation_poison,algorithm1,6,120,400,0.5267098100785983,4.0887736968999056,7.762858444367607,3.7826685650481533,0.6716668617037262,0.0,0.0,1.0,0.0,0.0,0.2851891263235149,0.14285714285714288,3.9875,4.0,,,,
baseline_fixed_alpha,reputation_poison,algorithm1,7,133,400,0.5214273747094024,4.10923462586363,7.880742026928976,3.5140073451364,0.9957545187278098,0.0,0.0,1.0,0.0,0.0,0.2897933632341762,0.14285714285714288,3.99,4.0,,,,
baseline_fixed_alpha,reputation_poison,algorithm1,8,146,400,0.5227914851725157,4.103890090236395,7.849955874629737,3.7735253903364474,1.090885056377768,0.0,0.0,1.0,0.0,0.0,0.29249466592123924,0.36885892174662743,3.9975,4.0,,,,
baseline_fixed_alpha,reputation_poison,algorithm1,9,159,400,0.5187850124993006,4.092163786179309,7.887976112619147,3.275329168165159,1.8650034934450859,0.0,0.0,1.0,0.0,0.0,0.2941777964375023,0.14285714285714288,3.9825,4.0,,,,
baseline_fixed_alpha,reputation_poison,algorithm1,10,172,400,0.5084405230387052,3.95992242567893,7.7883690348133,3.1939046603553907,1.4346307565847285,0.0,0.0,1.0,0.0,0.0,0.3074412464950309,0.6428571428571429,3.995,4.0,,,,
baseline_fixed_alpha,reputation_poison,algorithm1,11,185,400,0.5282036200570857,4.164427932606765,7.8841336455753455,3.616150247242681,1.1133271675337917,0.0,0.0,1.0,0.0,0.0,0.28141330703327894,0.6428571428571429,3.9925,4.0,,,,
baseline_fixed_alpha,reputation_poison,algorithm1,12,198,400,0.5189326494377288,4.135684017658188,7.969596867992914,3.5686150765304445,1.03570433254795,0.0,0.0,1.0,0.0,0.0,0.29331244879871393,0.14285714285714288,3.995,4.0,,,,
baseline_fixed_alpha,reputation_poison,algorithm1,13,211,400,0.5130882232285101,3.9069060526420047,7.614491769190376,3.250145897752282,1.5554918003840283,0.0,0.0,1.0,0.0,0.0,0.30151541639757534,0.6428571428571429,3.9925,4.0,,,,
baseline_fixed_alpha,reputation_poison,algorithm1,14,224,400,0.5300343518474282,4.053215591252891,7.647080943198224,3.7651853206354997,0.8795916379124651,0.0,0.0,1.0,0.0,0.0,0.289418320077698,0.6428571428571429,3.9925,4.0,,,,
baseline_fixed_alpha,reputation_poison,algorithm1,15,237,400,0.5231952673494209,3.9611471890216867,7.571068463767654,3.247064466875179,1.3540456070546791,0.0,0.0,1.0,0.0,0.0,0.29142271781162526,0.14285714285714288,3.99,4.0,,,,
baseline_fixed_alpha,reputation_poison,algorithm1,16,250,400,0.5206478411545634,4.083028303350372,7.842207305221983,3.7412490583889935,0.7514144091930368,0.0,0.0,1.0,0.0,0.0,0.29159902321519604,0.14285714285714288,3.9925,4.0,,,,
baseline_fixed_alpha,reputation_poison,algorithm1,17,263,400,0.5157410435075532,4.147661209706483,8.042139096586634,3.6874973567875093,1.1341197615587735,0.0,0.0,1.0,0.0,0.0,0.2981585026160947,0.6428571428571429,4.0,4.0,,,,
baseline_fixed_alpha,reputation_poison,algorithm1,18,276,400,0.528062976745646,4.185490062375003,7.92611913103509,3.6954534455384587,1.0253285280667668,0.0,0.0,1.0,0.0,0.0,0.28425460994316376,0.14285714285714288,3.99,4.0,,,,
baseline_fixed_alpha,reputation_poison,algorithm1,19,289,400,0.5150339314590308,4.091009586343385,7.943184587380553,3.4627121548325634,1.2680419084750465,0.0,0.0,1.0,0.0,0.0,0.29826375927846177,0.14285714285714288,3.99,4.0,,,,
baseline_fixed_alpha,reputation_poison,algorithm1,20,302,400,0.5119464795271311,3.93250721771386,7.681481121515268,3.4079754029238107,0.9195548715636597,0.0,0.0,1.0,0.0,0.0,0.2999416608377052,0.6428571428571429,3.995,4.0,,,,
baseline_fixed_alpha,reputation_poison,algorithm1,21,315,400,0.5265731755218624,4.045862500785295,7.6833813206979755,3.6399841154297534,0.8626659293792591,0.0,0.0,1.0,0.0,0.0,0.2884184529029001,0.6428571428571429,3.995,4.0,,,,
baseline_fixed_alpha,reputation_poison,algorithm1,22,328,400,0.5219156732486404,4.187562793037513,8.02344709629473,3.6123567567948536,1.0614420359988053,0.0,0.0,1.0,0.0,0.0,0.291693695253654,0.6428571428571429,4.0,4.0,,,,
baseline_fixed_alpha,reputation_poison,algorithm1,23,341,400,0.5241045379505757,4.092059709290122,7.807716615642074,3.564075410196907,0.8440348066039971,0.0,0.0,1.0,0.0,0.0,0.28887381065626117,0.14285714285714288,3.9975,4.0,,,,
baseline_fixed_alpha,reputation_poison,algorithm1,24,354,400,0.5200715047680662,4.062295926293377,7.811033461841021,3.099127159333487,1.4530425442706392,0.0,0.0,1.0,0.0,0.0,0.29231456846591575,0.14285714285714288,4.0,4.0,,,,
baseline_fixed_alpha,reputation_poison,no_trust,0,42,400,0.5160835733355476,4.122713685944904,7.988461363532675,3.679177152709854,1.046573891078939,0.0,0.0,1.0,0.0,0.0,0.2959635527650574,0.14285714285714288,4.0,4.0,,,,
baseline_fixed_alpha,reputation_poison,no_trust,1,55,400,0.5239077956540299,4.197294360253731,8.011513466819027,3.753776955851112,0.8693140329779632,0.0,0.0,1.0,0.0,0.0,0.2864991317168935,0.14285714285714288,4.0,4.0,,,,
baseline_fixed_alpha,reputation_poison,no_trust,2,68,400,0.5153444989365008,4.001901068355454,7.76548711903211,3.438396634850399,1.3980890774163202,0.0,0.0,1.0,0.0,0.0,0.29506938661358295,0.14285714285714288,4.0,4.0,,,,
baseline_fixed_alpha,reputation_poison,no_trust,3,81,400,0.5292143741976315,4.0948026354068645,7.737512121841362,3.6740026896757083,1.0580363881282189,0.0,0.0,1.0,0.0,0.0,0.2845867791108022,0.6428571428571429,4.0,4.0,,,,
baseline_fixed_alpha,reputation_poison,no_trust,4,94,400,0.5217481951541674,4.101599056970424,7.8612616106098345,3.653566931737536,1.218435499021703,0.0,0.0,1.0,0.0,0.0,0.28781909245949316,0.6428571428571429,4.0,4.0,,,,
baseline_fixed_alpha,reputation_poison,no_trust,5,107,400,0.5132638298734662,3.997481513266659,7.788356164220942,3.2568647342573733,1.312095106872623,0.0,0.0,1.0,0.0,0.0,0.3000390563558855,0.6428571428571429,4.0,4.0,,,,
baseline_fixed_alpha,reputation_poison,no_trust,6,120,400,0.5276646922185001,4.0961863117830175,7.762858444367607,3.7917831727168476,0.6621809238726035,0.0,0.0,1.0,0.0,0.0,0.2854678567985471,0.14285714285714288,4.0,4.0,,,,
baseline_fixed_alpha,reputation_poison,no_trust,7,133,400,0.5217206707088168,4.111546015972546,7.880742026928976,3.51171090212594,1.0042667214371077,0.0,0.0,1.0,0.0,0.0,0.2899879540488683,0.14285714285714288,4.0,4.0,,,,
baseline_fixed_alpha,reputation_poison,no_trust,8,146,400,0.5227481737322195,4.103550097341203,7.849955874629737,3.7728654435317983,1.0912078281384803,0.0,0.0,1.0,0.0,0.0,0.2925358747124481,0.36885892174662743,4.0,4.0,,,,
baseline_fixed_alpha,reputation_poison,no_trust,9,159,400,0.5195409075975153,4.098126268657672,7.887976112619147,3.2691976032075716,1.877076766555438,0.0,0.0,1.0,0.0,0.0,0.294376781837966,0.14285714285714288,4.0,4.0,,,,
baseline_fixed_alpha,reputation_poison,no_trust,10,172,400,0.5087837539622422,3.9625956347755955,7.7883690348133,3.191925076825613,1.4321923154037632,0.0,0.0,1.0,0.0,0.0,0.3069611666433123,0.6428571428571429,4.0,4.0,,,,
baseline_fixed_alpha,reputation_poison,no_trust,11,185,400,0.5287631635009361,4.168839447898588,7.8841336455753455,3.619500521620305,1.1175506871668035,0.0,0.0,1.0,0.0,0.0,0.2821249740075269,0.6428571428571429,4.0,4.0,,,,
baseline_fixed_alpha,reputation_poison,no_trust,12,198,400,0.5188720651338228,4.135201185179529,7.969596867992914,3.5664762595439377,1.037802731614216,0.0,0.0,1.0,0.0,0.0,0.29346125832252345,0.14285714285714288,4.0,4.0,,,,
baseline_fixed_alpha,reputation_poison,no_trust,13,211,400,0.5130685980030353,3.9067566165241585,7.614491769190376,3.249740864795947,1.5509742078142876,0.0,0.0,1.0,0.0,0.0,0.30171630925471815,0.6428571428571429,4.0,4.0,,,,
baseline_fixed_alpha,reputation_poison,no_trust,14,224,400,0.5299283744700871,4.052405173670215,7.647080943198224,3.7679972843954217,0.8758763931693294,0.0,0.0,1.0,0.0,0.0,0.2895701057919837,0.6428571428571429,4.0,4.0,,,,
baseline_fixed_alpha,reputation_poison,no_trust,15,237,400,0.5230841419608983,3.9603058510971194,7.571068463767654,3.2462852860074705,1.355975831201162,0.0,0.0,1.0,0.0,0.0,0.29166825352591097,0.14285714285714288,4.0,4.0,,,,
baseline_fixed_alpha,reputation_poison,no_trust,16,250,400,0.5205798529672698,4.08249512589131,7.842207305221983,3.740265130753867,0.7500982582572235,0.0,0.0,1.0,0.0,0.0,0.2917451271112999,0.14285714285714288,4.0,4.0,,,,
baseline_fixed_alpha,reputation_poison,no_trust,17,263,400,0.5157356996000743,4.147618233259217,8.042139096586634,3.6868157866029225,1.1355561570332249,0.0,0.0,1.0,0.0,0.0,0.29809204611092793,0.6428571428571429,4.0,4.0,,,,
baseline_fixed_alpha,reputation_poison,no_trust,18,276,400,0.5279147525528959,4.184315219765164,7.92611913103509,3.6970901043374287,1.0227880702148475,0.0,0.0,1.0,0.0,0.0,0.28416017312997693,0.14285714285714288,4.0,4.0,,,,
baseline_fixed_alpha,reputation_poison,no_trust,19,289,400,0.5149145700670239,4.090061476774068,7.943184587380553,3.458632886700616,1.2713260850598798,0.0,0.0,1.0,0.0,0.0,0.2985086348567348,0.14285714285714288,4.0,4.0,,,,
baseline_fixed_alpha,reputation_poison,no_trust,20,302,400,0.5118764603956615,3.9319693670773312,7.681481121515268,3.4067933961290833,0.9197617838774277,0.0,0.0,1.0,0.0,0.0,0.29997506493360926,0.6428571428571429,4.0,4.0,,,,
baseline_fixed_alpha,reputation_poison,no_trust,21,315,400,0.5264178386448648,4.044668988326155,7.6833813206979755,3.644271585044689,0.8599582854303023,0.0,0.0,1.0,0.0,0.0,0.28862445090359257,0.6428571428571429,4.0,4.0,,,,
baseline_fixed_alpha,reputation_poison,no_trust,22,328,400,0.521874553572221,4.187232871489145,8.02344709629473,3.611517172321558,1.0620281456731044,0.0,0.0,1.0,0.0,0.0,0.29163417144413023,0.6428571428571429,4.0,4.0,,,,
baseline_fixed_alpha,reputation_poison,no_trust,23,341,400,0.5240942727281688,4.091979561342572,7.807716615642074,3.5635083793863243,0.8444914674710771,0.0,0.0,1.0,0.0,0.0,0.28891845351340406,0.14285714285714288,4.0,4.0,,,,
baseline_fixed_alpha,reputation_poison,no_trust,24,354,400,0.5200496341951799,4.062125094516732,7.811033461841021,3.0989186218650193,1.4530218212228077,0.0,0.0,1.0,0.0,0.0,0.2922870959384432,0.14285714285714288,4.0,4.0,,,,
baseline_fixed_alpha,reputation_poison,oracle,0,42,400,0.677991743211429,5.416110845438667,7.988461363532675,4.638625804574406,1.639061900493835,1.0,0.0,0.0,0.0,0.0,0.0,0.0,0.0,0.0,,,,
baseline_fixed_alpha,reputation_poison,oracle,1,55,400,0.6760946971656788,5.4165417711877675,8.011513466819027,4.777054223796596,1.08934749098304,1.0,0.0,0.0,0.0,0.0,0.0,0.0,0.0,0.0,,,,
baseline_fixed_alpha,reputation_poison,oracle,2,68,400,0.6805796598013851,5.285032581662912,7.76548711903211,4.879120191706504,1.370983763820778,1.0,0.0,0.0,0.0,0.0,0.0,0.0,0.0,0.0,,,,
baseline_fixed_alpha,reputation_poison,oracle,3,81,400,0.6799814734469061,5.261364893422986,7.737512121841362,4.892684940682015,1.1172884130712246,1.0,0.0,0.0,0.0,0.0,0.0,0.0,0.0,0.0,,,,
baseline_fixed_alpha,reputation_poison,oracle,4,94,400,0.6781575644935518,5.331174027697822,7.8612616106098345,4.888996107143578,1.1548167671283762,1.0,0.0,0.0,0.0,0.0,0.0,0.0,0.0,0.0,,,,
baseline_fixed_alpha,reputation_poison,oracle,5,107,400,0.6799432135754957,5.295639918770909,7.788356164220942,4.575906126638843,1.402823462954017,1.0,0.0,0.0,0.0,0.0,0.0,0.0,0.0,0.0,,,,
baseline_fixed_alpha,reputation_poison,oracle,6,120,400,0.681111665343713,5.287373442870726,7.762858444367607,4.7189068742104885,1.1871598526024023,1.0,0.0,0.0,0.0,0.0,0.0,0.0,0.0,0.0,,,,
baseline_fixed_alpha,reputation_poison,oracle,7,133,400,0.6795049126955339,5.355002922984399,7.880742026928976,4.800549146314065,1.263830033611347,1.0,0.0,0.0,0.0,0.0,0.0,0.0,0.0,0.0,,,,
baseline_fixed_alpha,reputation_poison,oracle,8,146,400,0.6784837626841703,5.326067598723491,7.849955874629737,4.929697230228188,1.232906335883876,1.0,0.0,0.0,0.0,0.0,0.0,0.0,0.0,0.0,,,,
baseline_fixed_alpha,reputation_poison,oracle,9,159,400,0.676418217645056,5.335570742924621,7.887976112619147,4.66816481056164,2.0220520913638946,1.0,0.0,0.0,0.0,0.0,0.0,0.0,0.0,0.0,,,,
baseline_fixed_alpha,reputation_poison,oracle,10,172,400,0.6815871647936634,5.308452368805158,7.7883690348133,4.5465117435947136,1.4351577710383943,1.0,0.0,0.0,0.0,0.0,0.0,0.0,0.0,0.0,,,,
baseline_fixed_alpha,reputation_poison,oracle,11,185,400,0.6777097315716735,5.343154096618067,7.8841336455753455,4.587850351058791,1.4312915684976,1.0,0.0,0.0,0.0,0.0,0.0,0.0,0.0,0.0,,,,
baseline_fixed_alpha,reputation_poison,oracle,12,198,400,0.6755672816469009,5.383998891931629,7.969596867992914,4.9077607691536835,1.0695479589165204,1.0,0.0,0.0,0.0,0.0,0.0,0.0,0.0,0.0,,,,
baseline_fixed_alpha,reputation_poison,oracle,13,211,400,0.6840385806777343,5.208606142379275,7.614491769190376,4.504918861571616,1.8801535656578068,1.0,0.0,0.0,0.0,0.0,0.0,0.0,0.0,0.0,,,,
baseline_fixed_alpha,reputation_poison,oracle,14,224,400,0.679815002119349,5.198600347607134,7.647080943198224,4.761623837707325,0.9412956326666997,1.0,0.0,0.0,0.0,0.0,0.0,0.0,0.0,0.0,,,,
baseline_fixed_alpha,reputation_poison,oracle,15,237,400,0.6822217148305748,5.165147310451254,7.571068463767654,4.303407744979731,1.6702474480508807,1.0,0.0,0.0,0.0,0.0,0.0,0.0,0.0,0.0,,,,
baseline_fixed_alpha,reputation_poison,oracle,16,250,400,0.6801164347468569,5.333614072973331,7.842207305221983,4.93726347648752,0.913927426645536,1.0,0.0,0.0,0.0,0.0,0.0,0.0,0.0,0.0,,,,
baseline_fixed_alpha,reputation_poison,oracle,17,263,400,0.6762162351960428,5.438225022816718,8.042139096586634,4.842270875355173,1.1992081425971124,1.0,0.0,0.0,0.0,0.0,0.0,0.0,0.0,0.0,,,,
baseline_fixed_alpha,reputation_poison,oracle,18,276,400,0.6780481437427133,5.374290363881951,7.92611913103509,4.67875167833786,1.1664187470126794,1.0,0.0,0.0,0.0,0.0,0.0,0.0,0.0,0.0,,,,
baseline_fixed_alpha,reputation_poison,oracle,19,289,400,0.6802509142246536,5.403358577420798,7.943184587380553,4.630890908235033,1.3764784190800148,1.0,0.0,0.0,0.0,0.0,0.0,0.0,0.0,0.0,,,,
baseline_fixed_alpha,reputation_poison,oracle,20,302,400,0.6817046442951331,5.236501355602345,7.681481121515268,4.851477150211881,0.6640095492349394,1.0,0.0,0.0,0.0,0.0,0.0,0.0,0.0,0.0,,,,
baseline_fixed_alpha,reputation_poison,oracle,21,315,400,0.6840380197484749,5.255724943582665,7.6833813206979755,4.734105143847667,0.9812492427503736,1.0,0.0,0.0,0.0,0.0,0.0,0.0,0.0,0.0,,,,
baseline_fixed_alpha,reputation_poison,oracle,22,328,400,0.6764224514609289,5.427239754042753,8.02344709629473,4.682034569924404,1.3731231529133696,1.0,0.0,0.0,0.0,0.0,0.0,0.0,0.0,0.0,,,,
baseline_fixed_alpha,reputation_poison,oracle,23,341,400,0.6815749485711008,5.3215440507639755,7.807716615642074,4.645061838308777,1.1193531466772004,1.0,0.0,0.0,0.0,0.0,0.0,0.0,0.0,0.0,,,,
baseline_fixed_alpha,reputation_poison,oracle,24,354,400,0.6793341802961754,5.306302014065767,7.811033461841021,4.247338116525024,1.6438608265831256,1.0,0.0,0.0,0.0,0.0,0.0,0.0,0.0,0.0,,,,
baseline_fixed_alpha,reputation_poison,sparse_online,0,42,400,0.6775988706514964,5.412972398172854,7.988461363532675,4.6340208463924135,1.6418236569119573,1.0,0.0,0.0,0.0,0.0,0.0009642857142857145,0.0,0.025,0.0,,,,
baseline_fixed_alpha,reputation_poison,sparse_online,1,55,400,0.6741931287219283,5.401307329992582,8.011513466819027,4.7959810368176,1.0583161720837087,1.0,0.0,0.0,0.0,0.0,0.0008482142857142858,0.0,0.02,0.0,,,,
baseline_fixed_alpha,reputation_poison,sparse_online,2,68,400,0.677411260406388,5.260428416973112,7.76548711903211,4.86213782820188,1.3741011617234093,1.0,0.0,0.0,0.0,0.0,0.0036366758241758246,0.0,0.0225,0.0,,,,
baseline_fixed_alpha,reputation_poison,sparse_online,3,81,400,0.6791708491411934,5.255092678031275,7.737512121841362,4.886722785797932,1.1184424031576095,1.0,0.0,0.0,0.0,0.0,0.00239453601953602,0.0,0.0275,0.0,,,,
baseline_fixed_alpha,reputation_poison,sparse_online,4,94,400,0.6773111498816498,5.324520141002617,7.8612616106098345,4.886695862294417,1.1232854186460548,1.0,0.0,0.0,0.0,0.0,0.0015204237779748574,0.0,0.0225,0.0,,,,
baseline_fixed_alpha,reputation_poison,sparse_online,5,107,400,0.6797821753198943,5.294385695480219,7.788356164220942,4.573835241055387,1.4032748859267885,1.0,0.0,0.0,0.0,0.0,0.0008437500000000001,0.0,0.0175,0.0,,,,
baseline_fixed_alpha,reputation_poison,sparse_online,6,120,400,0.6798888350924549,5.277880784728719,7.762858444367607,4.726182862413183,1.181136624074898,1.0,0.0,0.0,0.0,0.0,0.0010369318181818181,0.0,0.02,0.0,,,,
baseline_fixed_alpha,reputation_poison,sparse_online,7,133,400,0.6787211389593747,5.348826204362246,7.880742026928976,4.791214011196189,1.2670180915346396,1.0,0.0,0.0,0.0,0.0,0.0008849206349206348,0.0,0.02,0.0,,,,
baseline_fixed_alpha,reputation_poison,sparse_online,8,146,400,0.6763174955204995,5.309062497076016,7.849955874629737,4.924155627204443,1.2213934806332585,1.0,0.0,0.0,0.0,0.0,0.003530219780219781,0.0,0.0275,0.0,,,,
baseline_fixed_alpha,reputation_poison,sparse_online,9,159,400,0.6748836782174867,5.323466332576082,7.887976112619147,4.644911525967213,2.027228529417795,1.0,0.0,0.0,0.0,0.0,0.001649122746945543,0.0,0.0125,0.0,,,,
baseline_fixed_alpha,reputation_poison,sparse_online,10,172,400,0.6793219704538416,5.290810199351055,7.7883690348133,4.514946511888887,1.4652679496146694,1.0,0.0,0.0,0.0,0.0,0.003464285714285714,0.0,0.025,0.0,,,,
baseline_fixed_alpha,reputation_poison,sparse_online,11,185,400,0.675347870834613,5.324532870914845,7.8841336455753455,4.574411134979024,1.413043536938443,1.0,0.0,0.0,0.0,0.0,0.0021480082417582418,0.0,0.0225,0.0,,,,
baseline_fixed_alpha,reputation_poison,sparse_online,12,198,400,0.6752081186814741,5.381136507887264,7.969596867992914,4.903341590279477,1.072680215308261,1.0,0.0,0.0,0.0,0.0,0.0009226190476190477,0.0,0.025,0.0,,,,
baseline_fixed_alpha,reputation_poison,sparse_online,13,211,400,0.6835954949720732,5.205232269920472,7.614491769190376,4.504570251601034,1.88204601751106,1.0,0.0,0.0,0.0,0.0,0.0009955357142857144,0.0,0.025,0.0,,,,
baseline_fixed_alpha,reputation_poison,sparse_online,14,224,400,0.679520568050868,5.196348786453025,7.647080943198224,4.759667133878792,0.9408648249510794,1.0,0.0,0.0,0.0,0.0,0.0009196428571428572,0.0,0.0225,0.0,,,,
baseline_fixed_alpha,reputation_poison,sparse_online,15,237,400,0.6818377426546746,5.162240230819332,7.571068463767654,4.302679477925411,1.6575974801963191,1.0,0.0,0.0,0.0,0.0,0.0009508928571428572,0.0,0.0225,0.0,,,,
baseline_fixed_alpha,reputation_poison,sparse_online,16,250,400,0.6797703115616733,5.330899703201978,7.842207305221983,4.936298940780007,0.9134624689663653,1.0,0.0,0.0,0.0,0.0,0.0009253246753246755,0.0,0.0225,0.0,,,,
baseline_fixed_alpha,reputation_poison,sparse_online,17,263,400,0.6757807922556199,5.4347231301212116,8.042139096586634,4.83908598731977,1.194930537000304,1.0,0.0,0.0,0.0,0.0,0.0011309523809523811,0.0,0.03,0.0,,,,
baseline_fixed_alpha,reputation_poison,sparse_online,18,276,400,0.6761309315059965,5.359094311294255,7.92611913103509,4.648174701540409,1.1949136520895012,1.0,0.0,0.0,0.0,0.0,0.003638392857142857,0.0,0.02,0.0,,,,
baseline_fixed_alpha,reputation_poison,sparse_online,19,289,400,0.6795949854336323,5.398148413957539,7.943184587380553,4.616265872348233,1.3900906980522425,1.0,0.0,0.0,0.0,0.0,0.0013963661719066595,0.0,0.025,0.0,,,,
baseline_fixed_alpha,reputation_poison,sparse_online,20,302,400,0.6813363078403948,5.233671986078908,7.681481121515268,4.844578280495116,0.6691949021239427,1.0,0.0,0.0,0.0,0.0,0.0010380244755244757,0.0,0.025,0.0,,,,
baseline_fixed_alpha,reputation_poison,sparse_online,21,315,400,0.6818505506069771,5.238917784041277,7.6833813206979755,4.71409882060113,0.991607170404281,1.0,0.0,0.0,0.0,0.0,0.0034917582417582417,0.0,0.025,0.0,,,,
baseline_fixed_alpha,reputation_poison,sparse_online,22,328,400,0.6750171801186856,5.415964633772324,8.02344709629473,4.668656593168213,1.378446511908864,1.0,0.0,0.0,0.0,0.0,0.002380952380952381,0.0,0.03,0.0,,,,
baseline_fixed_alpha,reputation_poison,sparse_online,23,341,400,0.6786177957428408,5.298455439491777,7.807716615642074,4.623018515252239,1.117940679157165,1.0,0.0,0.0,0.0,0.0,0.004776785714285714,0.0,0.0275,0.0,,,,
baseline_fixed_alpha,reputation_poison,sparse_online,24,354,400,0.6781573032463675,5.297109388049244,7.811033461841021,4.240125845899983,1.6465220674536427,1.0,0.0,0.0,0.0,0.0,0.002321428571428572,0.0,0.03,0.0,,,,
baseline_fixed_alpha,trust_mimicry,algorithm1,0,42,400,0.5165155859199284,4.12616480178379,7.988461363532675,3.694078640935615,0.9975152488413848,0.0,0.0,1.0,0.0,0.0,0.29473244745037996,0.14285714285714288,3.9825,4.0,,,,
baseline_fixed_alpha,trust_mimicry,algorithm1,1,55,400,0.5213450788100656,4.176763119746668,8.011513466819027,3.7272508248834773,0.8644223701911176,0.0,0.0,1.0,0.0,0.0,0.2881270992396427,0.14285714285714288,3.985,4.0,,,,
baseline_fixed_alpha,trust_mimicry,algorithm1,2,68,400,0.5130218097889169,3.983864255698375,7.76548711903211,3.4691269831453475,1.3154003737361872,0.0,0.0,1.0,0.0,0.0,0.2951822466535852,0.14285714285714288,3.9725,4.0,,,,
baseline_fixed_alpha,trust_mimicry,algorithm1,3,81,400,0.5262533896503745,4.071891981579878,7.737512121841362,3.6779791336512244,1.0769059937509406,0.0,0.0,1.0,0.0,0.0,0.2873204914852351,0.6428571428571429,3.9775,4.0,,,,
baseline_fixed_alpha,trust_mimicry,algorithm1,4,94,400,0.5211418141280607,4.09683213708849,7.8612616106098345,3.6532206264178555,1.2350838685831258,0.0,0.0,1.0,0.0,0.0,0.288220897396739,0.6428571428571429,3.9775,4.0,,,,
baseline_fixed_alpha,trust_mimicry,algorithm1,5,107,400,0.5142890653558162,4.005466412355398,7.788356164220942,3.269467105873807,1.2859916225007701,0.0,0.0,1.0,0.0,0.0,0.2975635589463548,0.6428571428571429,3.975,4.0,,,,
baseline_fixed_alpha,trust_mimicry,algorithm1,6,120,400,0.5285425752027623,4.103001193120564,7.762858444367607,3.791767416611261,0.6448514531554146,0.0,0.0,1.0,0.0,0.0,0.2828655561320236,0.14285714285714288,3.965,4.0,,,,
baseline_fixed_alpha,trust_mimicry,algorithm1,7,133,400,0.5196554757750013,4.095270747463825,7.880742026928976,3.5139085792055065,1.0009367082581937,0.0,0.0,1.0,0.0,0.0,0.2898987349778239,0.14285714285714288,3.9875,4.0,,,,
baseline_fixed_alpha,trust_mimicry,algorithm1,8,146,400,0.5240234611346292,4.11356104717759,7.849955874629737,3.767800681891788,1.076521188475224,0.0,0.0,1.0,0.0,0.0,0.2907237170487131,0.3959930420662255,3.9825,4.0,,,,
baseline_fixed_alpha,trust_mimicry,algorithm1,9,159,400,0.5197266583620107,4.099591466250913,7.887976112619147,3.267012157076632,1.9329928082593035,0.0,0.0,1.0,0.0,0.0,0.2922627445791484,0.14285714285714288,3.97,4.0,,,,
baseline_fixed_alpha,trust_mimicry,algorithm1,10,172,400,0.5064346096429836,3.9442996319011745,7.7883690348133,3.184883841523636,1.4417897941824958,0.0,0.0,1.0,0.0,0.0,0.3077368010557754,0.6428571428571429,3.98,4.0,,,,
baseline_fixed_alpha,trust_mimicry,algorithm1,11,185,400,0.5281716540616687,4.164175908426784,7.8841336455753455,3.696021982234774,1.0208460791747966,0.0,0.0,1.0,0.0,0.0,0.2821999459461543,0.6428571428571429,3.99,4.0,,,,
baseline_fixed_alpha,trust_mimicry,algorithm1,12,198,400,0.5199740513734799,4.1439835712636715,7.969596867992914,3.5262640738749056,1.0593743793720032,0.0,0.0,1.0,0.0,0.0,0.2922887351101314,0.14285714285714288,3.995,4.0,,,,
baseline_fixed_alpha,trust_mimicry,algorithm1,13,211,400,0.5165089058455673,3.9329528122745994,7.614491769190376,3.2503249020400404,1.610223641198933,0.0,0.0,1.0,0.0,0.0,0.297859730990725,0.6428571428571429,3.985,4.0,,,,
baseline_fixed_alpha,trust_mimicry,algorithm1,14,224,400,0.5286038551367576,4.042276467117413,7.647080943198224,3.7656247117993513,0.8847669718391065,0.0,0.0,1.0,0.0,0.0,0.29100940710388196,0.6428571428571429,3.9875,4.0,,,,
baseline_fixed_alpha,trust_mimicry,algorithm1,15,237,400,0.5228055847831572,3.9581968756333676,7.571068463767654,3.2336565981925647,1.398419270559609,0.0,0.0,1.0,0.0,0.0,0.2901660451331174,0.14285714285714288,3.99,4.0,,,,
baseline_fixed_alpha,trust_mimicry,algorithm1,16,250,400,0.5201811065430196,4.079368073770123,7.842207305221983,3.7045415799477177,0.8591645659364482,0.0,0.0,1.0,0.0,0.0,0.2893114392185803,0.14285714285714288,3.9925,4.0,,,,
baseline_fixed_alpha,trust_mimicry,algorithm1,17,263,400,0.5180771458952212,4.166448470051977,8.042139096586634,3.7559330652885072,1.0314000004349277,0.0,0.0,1.0,0.0,0.0,0.2947304097406628,0.6428571428571429,3.98,4.0,,,,
baseline_fixed_alpha,trust_mimicry,algorithm1,18,276,400,0.5269541196087851,4.176701128608945,7.92611913103509,3.666562285491858,1.0178226142347158,0.0,0.0,1.0,0.0,0.0,0.28435333938254653,0.14285714285714288,3.9775,4.0,,,,
baseline_fixed_alpha,trust_mimicry,algorithm1,19,289,400,0.5152156419298353,4.092452946154445,7.943184587380553,3.4437929272334107,1.2683181982198106,0.0,0.0,1.0,0.0,0.0,0.29777469498600906,0.14285714285714288,3.975,4.0,,,,
baseline_fixed_alpha,trust_mimicry,algorithm1,20,302,400,0.5119739898506929,3.9327185377449463,7.681481121515268,3.42277161163142,0.9219444182645775,0.0,0.0,1.0,0.0,0.0,0.3004514379454926,0.6428571428571429,3.9825,4.0,,,,
baseline_fixed_alpha,trust_mimicry,algorithm1,21,315,400,0.5274231343915269,4.052393058887835,7.6833813206979755,3.6565184764525154,0.8498234535145648,0.0,0.0,1.0,0.0,0.0,0.2861282036529215,0.6428571428571429,3.9825,4.0,,,,
baseline_fixed_alpha,trust_mimicry,algorithm1,22,328,400,0.5235310518750753,4.200523697987198,8.02344709629473,3.624481224530391,1.079654836801999,0.0,0.0,1.0,0.0,0.0,0.2903310321084011,0.6428571428571429,3.9825,4.0,,,,
baseline_fixed_alpha,trust_mimicry,algorithm1,23,341,400,0.5210942612836059,4.0685563221397425,7.807716615642074,3.5571291997139136,0.8292817315047589,0.0,0.0,1.0,0.0,0.0,0.29176937912047474,0.14285714285714288,3.9925,4.0,,,,
baseline_fixed_alpha,trust_mimicry,algorithm1,24,354,400,0.5212846047875229,4.0717714911379135,7.811033461841021,3.0832356610009706,1.4999523437429394,0.0,0.0,1.0,0.0,0.0,0.28921944082036505,0.14285714285714288,3.995,4.0,,,,
baseline_fixed_alpha,trust_mimicry,no_trust,0,42,400,0.5160528307966251,4.122468100360504,7.988461363532675,3.696433578720086,0.9807137910293191,0.0,0.0,1.0,0.0,0.0,0.2961113027356212,0.14285714285714288,4.0,4.0,,,,
baseline_fixed_alpha,trust_mimicry,no_trust,1,55,400,0.5223709733371326,4.184982087565801,8.011513466819027,3.7250439312909784,0.8887576655916916,0.0,0.0,1.0,0.0,0.0,0.2886178360808644,0.14285714285714288,4.0,4.0,,,,
baseline_fixed_alpha,trust_mimicry,no_trust,2,68,400,0.5152466497431624,4.001141221704977,7.76548711903211,3.4707403398068895,1.3198819519830298,0.0,0.0,1.0,0.0,0.0,0.29581517371631016,0.14285714285714288,4.0,4.0,,,,
baseline_fixed_alpha,trust_mimicry,no_trust,3,81,400,0.5266449591668095,4.074921755459838,7.737512121841362,3.689045598566145,1.0718272115175522,0.0,0.0,1.0,0.0,0.0,0.28742690738565635,0.6428571428571429,4.0,4.0,,,,
baseline_fixed_alpha,trust_mimicry,no_trust,4,94,400,0.5205562970446611,4.092229234118404,7.8612616106098345,3.647300573598477,1.2326765589601876,0.0,0.0,1.0,0.0,0.0,0.28910073572528033,0.6428571428571429,4.0,4.0,,,,
baseline_fixed_alpha,trust_mimicry,no_trust,5,107,400,0.5133927784116088,3.9984858104085697,7.788356164220942,3.2640788624424895,1.2857468049646332,0.0,0.0,1.0,0.0,0.0,0.29877361513681255,0.6428571428571429,4.0,4.0,,,,
baseline_fixed_alpha,trust_mimicry,no_trust,6,120,400,0.527985971898988,4.098680360463697,7.762858444367607,3.784636738668974,0.649645913629592,0.0,0.0,1.0,0.0,0.0,0.28411023912610595,0.14285714285714288,4.0,4.0,,,,
baseline_fixed_alpha,trust_mimicry,no_trust,7,133,400,0.5195700802044457,4.094597767002035,7.880742026928976,3.511612136195046,1.0072382219785005,0.0,0.0,1.0,0.0,0.0,0.2908617475796036,0.14285714285714288,4.0,4.0,,,,
baseline_fixed_alpha,trust_mimicry,no_trust,8,146,400,0.5237209247461809,4.111186149877802,7.849955874629737,3.7638139970002986,1.0680479772786096,0.0,0.0,1.0,0.0,0.0,0.29069464548552504,0.4105735532578057,4.0,4.0,,,,
baseline_fixed_alpha,trust_mimicry,no_trust,9,159,400,0.5197575503429238,4.099835141458427,7.887976112619147,3.2566539564819017,1.9574971576507512,0.0,0.0,1.0,0.0,0.0,0.2936919022902665,0.14285714285714288,4.0,4.0,,,,
baseline_fixed_alpha,trust_mimicry,no_trust,10,172,400,0.5077024634439122,3.9541741451849974,7.7883690348133,3.1869266434939085,1.4383579041386518,0.0,0.0,1.0,0.0,0.0,0.30714921887025076,0.6428571428571429,4.0,4.0,,,,
baseline_fixed_alpha,trust_mimicry,no_trust,11,185,400,0.5283573047190597,4.165639603021044,7.8841336455753455,3.6983446946400917,1.0091294992689779,0.0,0.0,1.0,0.0,0.0,0.28266918610161396,0.6428571428571429,4.0,4.0,,,,
baseline_fixed_alpha,trust_mimicry,no_trust,12,198,400,0.5199130846664715,4.143497691186446,7.969596867992914,3.5241252568883987,1.0614727784382683,0.0,0.0,1.0,0.0,0.0,0.2924375446339409,0.14285714285714288,4.0,4.0,,,,
baseline_fixed_alpha,trust_mimicry,no_trust,13,211,400,0.516376287337952,3.9319429897399205,7.614491769190376,3.2496693718744902,1.6041601488313715,0.0,0.0,1.0,0.0,0.0,0.2983656833716774,0.6428571428571429,4.0,4.0,,,,
baseline_fixed_alpha,trust_mimicry,no_trust,14,224,400,0.5284533083400655,4.04112522357737,7.647080943198224,3.7682855401289816,0.8808337796800241,0.0,0.0,1.0,0.0,0.0,0.29133404080351566,0.6428571428571429,4.0,4.0,,,,
baseline_fixed_alpha,trust_mimicry,no_trust,15,237,400,0.5227068707455427,3.9574495048962532,7.571068463767654,3.233118528383694,1.3932234683236513,0.0,0.0,1.0,0.0,0.0,0.2904957154627878,0.14285714285714288,4.0,4.0,,,,
baseline_fixed_alpha,trust_mimicry,no_trust,16,250,400,0.5200749938154342,4.078535915762676,7.842207305221983,3.7040110796244106,0.8581760544130539,0.0,0.0,1.0,0.0,0.0,0.28950461676762673,0.14285714285714288,4.0,4.0,,,,
baseline_fixed_alpha,trust_mimicry,no_trust,17,263,400,0.5177975216206695,4.164199692741249,8.042139096586634,3.752905385604163,1.0343005454352037,0.0,0.0,1.0,0.0,0.0,0.2952922935410347,0.6428571428571429,4.0,4.0,,,,
baseline_fixed_alpha,trust_mimicry,no_trust,18,276,400,0.5273244977726486,4.17963679005926,7.92611913103509,3.6687526024135746,1.0158018739186803,0.0,0.0,1.0,0.0,0.0,0.28424720488940286,0.14285714285714288,4.0,4.0,,,,
baseline_fixed_alpha,trust_mimicry,no_trust,19,289,400,0.514869210692761,4.08970117889153,7.943184587380553,3.434977471422035,1.274693830154313,0.0,0.0,1.0,0.0,0.0,0.2985655756458651,0.14285714285714288,4.0,4.0,,,,
baseline_fixed_alpha,trust_mimicry,no_trust,20,302,400,0.511683431348906,3.930486618098775,7.681481121515268,3.4206915556353192,0.9221745191275912,0.0,0.0,1.0,0.0,0.0,0.30090294118142463,0.6428571428571429,4.0,4.0,,,,
baseline_fixed_alpha,trust_mimicry,no_trust,21,315,400,0.527687494101809,4.054424235347763,7.6833813206979755,3.6597148773736317,0.8518098350754713,0.0,0.0,1.0,0.0,0.0,0.28674164780137673,0.6428571428571429,4.0,4.0,,,,
baseline_fixed_alpha,trust_mimicry,no_trust,22,328,400,0.5241567779308772,4.2055441778926985,8.02344709629473,3.628833237898028,1.0959733399229967,0.0,0.0,1.0,0.0,0.0,0.2898872210793929,0.6428571428571429,4.0,4.0,,,,
baseline_fixed_alpha,trust_mimicry,no_trust,23,341,400,0.5210376587082559,4.068114385271694,7.807716615642074,3.5560979826013286,0.8299869996433538,0.0,0.0,1.0,0.0,0.0,0.2919679305690262,0.14285714285714288,4.0,4.0,,,,
baseline_fixed_alpha,trust_mimicry,no_trust,24,354,400,0.5203608298266311,4.0645558540071764,7.811033461841021,3.072835991414917,1.5100658809201697,0.0,0.0,1.0,0.0,0.0,0.29018024000385667,0.14285714285714288,4.0,4.0,,,,
baseline_fixed_alpha,trust_mimicry,oracle,0,42,400,0.677991743211429,5.416110845438667,7.988461363532675,4.638625804574406,1.639061900493835,1.0,0.0,0.0,0.0,0.0,0.0,0.0,0.0,0.0,,,,
baseline_fixed_alpha,trust_mimicry,oracle,1,55,400,0.6760946971656788,5.4165417711877675,8.011513466819027,4.777054223796596,1.08934749098304,1.0,0.0,0.0,0.0,0.0,0.0,0.0,0.0,0.0,,,,
baseline_fixed_alpha,trust_mimicry,oracle,2,68,400,0.6805796598013851,5.285032581662912,7.76548711903211,4.879120191706504,1.370983763820778,1.0,0.0,0.0,0.0,0.0,0.0,0.0,0.0,0.0,,,,
baseline_fixed_alpha,trust_mimicry,oracle,3,81,400,0.6799814734469061,5.261364893422986,7.737512121841362,4.892684940682015,1.1172884130712246,1.0,0.0,0.0,0.0,0.0,0.0,0.0,0.0,0.0,,,,
baseline_fixed_alpha,trust_mimicry,oracle,4,94,400,0.6781575644935518,5.331174027697822,7.8612616106098345,4.888996107143578,1.1548167671283762,1.0,0.0,0.0,0.0,0.0,0.0,0.0,0.0,0.0,,,,
baseline_fixed_alpha,trust_mimicry,oracle,5,107,400,0.6799432135754957,5.295639918770909,7.788356164220942,4.575906126638843,1.402823462954017,1.0,0.0,0.0,0.0,0.0,0.0,0.0,0.0,0.0,,,,
baseline_fixed_alpha,trust_mimicry,oracle,6,120,400,0.681111665343713,5.287373442870726,7.762858444367607,4.7189068742104885,1.1871598526024023,1.0,0.0,0.0,0.0,0.0,0.0,0.0,0.0,0.0,,,,
baseline_fixed_alpha,trust_mimicry,oracle,7,133,400,0.6795049126955339,5.355002922984399,7.880742026928976,4.800549146314065,1.263830033611347,1.0,0.0,0.0,0.0,0.0,0.0,0.0,0.0,0.0,,,,
baseline_fixed_alpha,trust_mimicry,oracle,8,146,400,0.6784837626841703,5.326067598723491,7.849955874629737,4.929697230228188,1.232906335883876,1.0,0.0,0.0,0.0,0.0,0.0,0.0,0.0,0.0,,,,
baseline_fixed_alpha,trust_mimicry,oracle,9,159,400,0.676418217645056,5.335570742924621,7.887976112619147,4.66816481056164,2.0220520913638946,1.0,0.0,0.0,0.0,0.0,0.0,0.0,0.0,0.0,,,,
baseline_fixed_alpha,trust_mimicry,oracle,10,172,400,0.6815871647936634,5.308452368805158,7.7883690348133,4.5465117435947136,1.4351577710383943,1.0,0.0,0.0,0.0,0.0,0.0,0.0,0.0,0.0,,,,
baseline_fixed_alpha,trust_mimicry,oracle,11,185,400,0.6777097315716735,5.343154096618067,7.8841336455753455,4.587850351058791,1.4312915684976,1.0,0.0,0.0,0.0,0.0,0.0,0.0,0.0,0.0,,,,
baseline_fixed_alpha,trust_mimicry,oracle,12,198,400,0.6755672816469009,5.383998891931629,7.969596867992914,4.9077607691536835,1.0695479589165204,1.0,0.0,0.0,0.0,0.0,0.0,0.0,0.0,0.0,,,,
baseline_fixed_alpha,trust_mimicry,oracle,13,211,400,0.6840385806777343,5.208606142379275,7.614491769190376,4.504918861571616,1.8801535656578068,1.0,0.0,0.0,0.0,0.0,0.0,0.0,0.0,0.0,,,,
baseline_fixed_alpha,trust_mimicry,oracle,14,224,400,0.679815002119349,5.198600347607134,7.647080943198224,4.761623837707325,0.9412956326666997,1.0,0.0,0.0,0.0,0.0,0.0,0.0,0.0,0.0,,,,
baseline_fixed_alpha,trust_mimicry,oracle,15,237,400,0.6822217148305748,5.165147310451254,7.571068463767654,4.303407744979731,1.6702474480508807,1.0,0.0,0.0,0.0,0.0,0.0,0.0,0.0,0.0,,,,
baseline_fixed_alpha,trust_mimicry,oracle,16,250,400,0.6801164347468569,5.333614072973331,7.842207305221983,4.93726347648752,0.913927426645536,1.0,0.0,0.0,0.0,0.0,0.0,0.0,0.0,0.0,,,,
baseline_fixed_alpha,trust_mimicry,oracle,17,263,400,0.6762162351960428,5.438225022816718,8.042139096586634,4.842270875355173,1.1992081425971124,1.0,0.0,0.0,0.0,0.0,0.0,0.0,0.0,0.0,,,,
baseline_fixed_alpha,trust_mimicry,oracle,18,276,400,0.6780481437427133,5.374290363881951,7.92611913103509,4.67875167833786,1.1664187470126794,1.0,0.0,0.0,0.0,0.0,0.0,0.0,0.0,0.0,,,,
baseline_fixed_alpha,trust_mimicry,oracle,19,289,400,0.6802509142246536,5.403358577420798,7.943184587380553,4.630890908235033,1.3764784190800148,1.0,0.0,0.0,0.0,0.0,0.0,0.0,0.0,0.0,,,,
baseline_fixed_alpha,trust_mimicry,oracle,20,302,400,0.6817046442951331,5.236501355602345,7.681481121515268,4.851477150211881,0.6640095492349394,1.0,0.0,0.0,0.0,0.0,0.0,0.0,0.0,0.0,,,,
baseline_fixed_alpha,trust_mimicry,oracle,21,315,400,0.6840380197484749,5.255724943582665,7.6833813206979755,4.734105143847667,0.9812492427503736,1.0,0.0,0.0,0.0,0.0,0.0,0.0,0.0,0.0,,,,
baseline_fixed_alpha,trust_mimicry,oracle,22,328,400,0.6764224514609289,5.427239754042753,8.02344709629473,4.682034569924404,1.3731231529133696,1.0,0.0,0.0,0.0,0.0,0.0,0.0,0.0,0.0,,,,
baseline_fixed_alpha,trust_mimicry,oracle,23,341,400,0.6815749485711008,5.3215440507639755,7.807716615642074,4.645061838308777,1.1193531466772004,1.0,0.0,0.0,0.0,0.0,0.0,0.0,0.0,0.0,,,,
baseline_fixed_alpha,trust_mimicry,oracle,24,354,400,0.6793341802961754,5.306302014065767,7.811033461841021,4.247338116525024,1.6438608265831256,1.0,0.0,0.0,0.0,0.0,0.0,0.0,0.0,0.0,,,,
baseline_fixed_alpha,trust_mimicry,sparse_online,0,42,400,0.6777791928346718,5.414412894966138,7.988461363532675,4.634063218318277,1.64350443671582,1.0,0.0,0.0,0.0,0.0,0.00047077922077922086,0.0,0.0125,0.0,,,,
baseline_fixed_alpha,trust_mimicry,sparse_online,1,55,400,0.6740077966887046,5.399822539912577,8.011513466819027,4.802143815781913,1.0523849242581882,1.0,0.0,0.0,0.0,0.0,0.0007094155844155844,0.0,0.0175,0.0,,,,
baseline_fixed_alpha,trust_mimicry,sparse_online,2,68,400,0.6783217076320586,5.267498483176616,7.76548711903211,4.870521787848851,1.3778961458579628,1.0,0.0,0.0,0.0,0.0,0.00043560606060606065,0.0,0.01,0.0,,,,
baseline_fixed_alpha,trust_mimicry,sparse_online,3,81,400,0.6793303122315325,5.256326525625759,7.737512121841362,4.886853470691578,1.1184929201935851,1.0,0.0,0.0,0.0,0.0,0.0018269230769230771,0.0,0.015,0.0,,,,
baseline_fixed_alpha,trust_mimicry,sparse_online,4,94,400,0.6780995919712233,5.330718290533571,7.8612616106098345,4.888632586273822,1.1553231118633827,1.0,0.0,0.0,0.0,0.0,0.00032196969696969704,0.0,0.0075,0.0,,,,
baseline_fixed_alpha,trust_mimicry,sparse_online,5,107,400,0.6799137208081595,5.2954102185946255,7.788356164220942,4.57519361025406,1.4043904375893792,1.0,0.0,0.0,0.0,0.0,0.0002698863636363637,0.0,0.005,0.0,,,,
baseline_fixed_alpha,trust_mimicry,sparse_online,6,120,400,0.6810889345949501,5.287196987285745,7.762858444367607,4.71892750610846,1.1807724882471176,1.0,0.0,0.0,0.0,0.0,0.00023863636363636364,0.0,0.005,0.0,,,,
baseline_fixed_alpha,trust_mimicry,sparse_online,7,133,400,0.678820705657129,5.349610863821721,7.880742026928976,4.791214011196189,1.2670180915346396,1.0,0.0,0.0,0.0,0.0,0.0007599206349206348,0.0,0.0175,0.0,,,,
baseline_fixed_alpha,trust_mimicry,sparse_online,8,146,400,0.6764834391458904,5.310365147213011,7.849955874629737,4.924800802408577,1.22178629463901,1.0,0.0,0.0,0.0,0.0,0.0030416666666666665,0.0,0.0125,0.0,,,,
baseline_fixed_alpha,trust_mimicry,sparse_online,9,159,400,0.674887800274948,5.323498847266872,7.887976112619147,4.645509775067794,2.026316526314476,1.0,0.0,0.0,0.0,0.0,0.001571969696969697,0.0,0.0075,0.0,,,,
baseline_fixed_alpha,trust_mimicry,sparse_online,10,172,400,0.6808477177867247,5.302693282633431,7.7883690348133,4.535265346289238,1.4642773494048358,1.0,0.0,0.0,0.0,0.0,0.0004166666666666667,0.0,0.01,0.0,,,,
baseline_fixed_alpha,trust_mimicry,sparse_online,11,185,400,0.6767205010881018,5.335354871279311,7.8841336455753455,4.585587027899556,1.416628519550966,1.0,0.0,0.0,0.0,0.0,0.0008018543956043958,0.0,0.02,0.0,,,,
baseline_fixed_alpha,trust_mimicry,sparse_online,12,198,400,0.6752081186814741,5.381136507887264,7.969596867992914,4.903341590279477,1.072680215308261,1.0,0.0,0.0,0.0,0.0,0.0009226190476190477,0.0,0.025,0.0,,,,
baseline_fixed_alpha,trust_mimicry,sparse_online,13,211,400,0.6837735047841965,5.2065877241697205,7.614491769190376,4.504820748810249,1.8835919173088813,1.0,0.0,0.0,0.0,0.0,0.0005654761904761906,0.0,0.015,0.0,,,,
baseline_fixed_alpha,trust_mimicry,sparse_online,14,224,400,0.6795653240075583,5.1966910388765255,7.647080943198224,4.7611526890188065,0.9397130434880019,1.0,0.0,0.0,0.0,0.0,0.0007467948717948719,0.0,0.0175,0.0,,,,
baseline_fixed_alpha,trust_mimicry,sparse_online,15,237,400,0.6804372610618212,5.151637088797593,7.571068463767654,4.289320039287215,1.6639432727791315,1.0,0.0,0.0,0.0,0.0,0.001991758241758242,0.0,0.02,0.0,,,,
baseline_fixed_alpha,trust_mimicry,sparse_online,16,250,400,0.6791486563884617,5.326024554461289,7.842207305221983,4.928538905650357,0.9184280370028688,1.0,0.0,0.0,0.0,0.0,0.0014053005389654104,0.0,0.0225,0.0,,,,
baseline_fixed_alpha,trust_mimicry,sparse_online,17,263,400,0.6759331117776953,5.435948104904868,8.042139096586634,4.840318326011975,1.1969261106454736,1.0,0.0,0.0,0.0,0.0,0.0007583286438337186,0.0,0.0175,0.0,,,,
baseline_fixed_alpha,trust_mimicry,sparse_online,18,276,400,0.6769716252941697,5.365757750412037,7.92611913103509,4.661798975198287,1.1827928159805392,1.0,0.0,0.0,0.0,0.0,0.0021009615384615385,0.0,0.015,0.0,,,,
baseline_fixed_alpha,trust_mimicry,sparse_online,19,289,400,0.6797788935833554,5.399609230337914,7.943184587380553,4.620448658057697,1.3868828520141774,1.0,0.0,0.0,0.0,0.0,0.0009861097616502492,0.0,0.015,0.0,,,,
baseline_fixed_alpha,trust_mimicry,sparse_online,20,302,400,0.681501749911417,5.234942826224169,7.681481121515268,4.84586401648298,0.6706379690664406,1.0,0.0,0.0,0.0,0.0,0.0005397727272727274,0.0,0.0125,0.0,,,,
baseline_fixed_alpha,trust_mimicry,sparse_online,21,315,400,0.6827883599428456,5.246123330774866,7.6833813206979755,4.724183585822382,0.9845304915217055,1.0,0.0,0.0,0.0,0.0,0.001746794871794872,0.0,0.0125,0.0,,,,
baseline_fixed_alpha,trust_mimicry,sparse_online,22,328,400,0.6762186467306155,5.425604537571108,8.02344709629473,4.6797764145927685,1.37401953490353,1.0,0.0,0.0,0.0,0.0,0.0007019230769230771,0.0,0.0175,0.0,,,,
baseline_fixed_alpha,trust_mimicry,sparse_online,23,341,400,0.6786641026751474,5.298816990896567,7.807716615642074,4.623482701554241,1.117726300948946,1.0,0.0,0.0,0.0,0.0,0.004622877122877123,0.0,0.0225,0.0,,,,
baseline_fixed_alpha,trust_mimicry,sparse_online,24,354,400,0.6782089189400815,5.297512559960001,7.811033461841021,4.240741062233426,1.6459637230127235,1.0,0.0,0.0,0.0,0.0,0.002172619047619048,0.0,0.025,0.0,,,,
expert_advice,burst,algorithm1,0,42,400,0.722212875727216,5.76936965399269,7.988461363532675,5.071725181135599,1.44053522243449,1.0,0.0,0.0,1.0,0.0,0.13940767657008332,0.0,1.285,0.0,,0.0455959939126579,0.9058222912704587,0.048581714816883344
expert_advice,burst,algorithm1,1,55,400,0.7542283597078469,6.04251066085624,8.011513466819027,5.556891874419786,0.9796241948634297,1.0,0.0,0.0,1.0,0.0,0.10226660220784903,0.0,0.935,0.0,,0.04650386748970756,0.9076349207787149,0.045861211731577284
expert_advice,burst,algorithm1,2,68,400,0.7672134035474951,5.957785802796857,7.76548711903211,5.299908765523923,1.7445874074774288,1.0,0.0,0.0,1.0,0.0,0.08743317286668927,0.0,0.7325,0.0,,0.04538735926918974,0.9066986097754325,0.0479140309553776
expert_advice,burst,algorithm1,3,81,400,0.7782924339811508,6.022047142266572,7.737512121841362,5.38455481064104,1.1794824752667292,1.0,0.0,0.0,1.0,0.0,0.07900713480744669,0.0,0.635,0.0,,0.04640294059202562,0.9052808284706342,0.048316230937340096
expert_advice,burst,algorithm1,4,94,400,0.7919218474038787,6.225504817599331,7.8612616106098345,5.583614314193862,1.4524120837834156,1.0,0.0,0.0,1.0,0.0,0.058696586553852355,0.0,0.33,0.0,,0.0458534651585587,0.9057249031946113,0.0484216316468299
expert_advice,burst,algorithm1,5,107,400,0.7358626747156898,5.731160598642052,7.788356164220942,5.099159794888496,1.3881060766872304,1.0,0.0,0.0,1.0,0.0,0.12993925647171142,0.0,1.12,0.0,,0.04536156263962526,0.9061958933981233,0.04844254396225131
expert_advice,burst,algorithm1,6,120,400,0.7369968996414189,5.721202605854135,7.762858444367607,5.2922089540789345,1.0083881452235826,1.0,0.0,0.0,1.0,0.0,0.1282326467134855,0.0,1.1875,0.0,,0.045385550132729297,0.9058190375897258,0.048795412277544636
expert_advice,burst,algorithm1,7,133,400,0.7454666759141346,5.874830562551564,7.880742026928976,5.145673546276257,1.5520176750510934,1.0,0.0,0.0,1.0,0.0,0.1246606410141263,0.0,1.125,0.0,,0.045733461002102745,0.9065115369912067,0.047755002006690354
expert_advice,burst,algorithm1,8,146,400,0.7415654409406447,5.821255989534405,7.849955874629737,5.242550673117738,1.1317464515687572,1.0,0.0,0.0,1.0,0.0,0.126676611531295,0.0,0.8975,0.0,,0.04594819832564683,0.906669188818642,0.04738261285571088
expert_advice,burst,algorithm1,9,159,400,0.7843358236443809,6.186822241178341,7.887976112619147,5.428557673716642,2.166023997607865,1.0,0.0,0.0,1.0,0.0,0.060519106380824306,0.0,0.58,0.0,,0.0463542285104209,0.9072724592970587,0.04637331219252024
expert_advice,burst,algorithm1,10,172,400,0.7563453749004837,5.890696897499184,7.7883690348133,4.973181410030835,1.6126403480715936,1.0,0.0,0.0,1.0,0.0,0.11043802756446695,0.0,1.0475,0.0,,0.04557169912020788,0.907048171239729,0.04738012964006294
expert_advice,burst,algorithm1,11,185,400,0.7913282922311798,6.238938013475524,7.8841336455753455,5.494694151974847,1.6063241406520765,1.0,0.0,0.0,1.0,0.0,0.06224894403452971,0.0,0.5125,0.0,,0.04684187118536723,0.9060563656999062,0.04710176311472636
expert_advice,burst,algorithm1,12,198,400,0.7511466538879262,5.986336020228574,7.969596867992914,5.211675711100322,1.6294562187333756,1.0,0.0,0.0,1.0,0.0,0.11106022437684658,0.0,1.085,0.0,,0.04537248414766821,0.9073531070466724,0.04727440880565915
expert_advice,burst,algorithm1,13,211,400,0.7892016056537764,6.00936913048251,7.614491769190376,4.996197866235253,2.1616024153522186,1.0,0.0,0.0,1.0,0.0,0.06436742424280495,0.0,0.45,0.0,,0.046070292335363645,0.9074573118596391,0.04647239580499716
expert_advice,burst,algorithm1,14,224,400,0.7861859451963654,6.012027559321409,7.647080943198224,5.551988165703093,0.964444175683326,1.0,0.0,0.0,1.0,0.0,0.06583734129747272,0.0,0.5075,0.0,,0.045391614454592825,0.9072402637496997,0.047368121795707284
expert_advice,burst,algorithm1,15,237,400,0.7465355239214382,5.652071562243863,7.571068463767654,4.819314294359793,1.6020097206380877,1.0,0.0,0.0,1.0,0.0,0.11438140773022966,0.0,0.8525,0.0,,0.04685413775356007,0.9067819818804326,0.046363880366007165
expert_advice,burst,algorithm1,16,250,400,0.7211015351424971,5.655027726701277,7.842207305221983,5.179241759756325,0.9964217103502859,1.0,0.0,0.0,1.0,0.0,0.1483100944568089,0.0,1.08,0.0,,0.04622570962783554,0.9073299472278287,0.04644434314433564
expert_advice,burst,algorithm1,17,263,400,0.7610350049690812,6.120349367332851,8.042139096586634,5.434411679384366,1.506829372423601,1.0,0.0,0.0,1.0,0.0,0.08860119954466054,0.0,0.7175,0.0,,0.04604836675203236,0.9072464947192761,0.04670513852869141
expert_advice,burst,algorithm1,18,276,400,0.7805894816870814,6.187045224284741,7.92611913103509,5.455124870126803,1.5461813704822926,1.0,0.0,0.0,1.0,0.0,0.07818587298263255,0.0,0.535,0.0,,0.0464495441532875,0.9070285319614529,0.0465219238852594
expert_advice,burst,algorithm1,19,289,400,0.7641558358070998,6.069830857339859,7.943184587380553,5.2832351282205865,1.5049288266405139,1.0,0.0,0.0,1.0,0.0,0.09251224917624346,0.0,0.62,0.0,,0.04585265280967155,0.905047533810921,0.049099813379407296
expert_advice,burst,algorithm1,20,302,400,0.7818147473098571,6.005495221982897,7.681481121515268,5.188779464171565,1.2734515577704695,1.0,0.0,0.0,1.0,0.0,0.07103871408481426,0.0,0.52,0.0,,0.045614839850331775,0.9045469513823902,0.049838208767277827
expert_advice,burst,algorithm1,21,315,400,0.7438394705321557,5.715202293484637,7.6833813206979755,5.110331496335479,1.2274960567108675,1.0,0.0,0.0,1.0,0.0,0.1260874423934166,0.0,0.9475,0.0,,0.04546707818392623,0.906849393619337,0.04768352819673659
expert_advice,burst,algorithm1,22,328,400,0.7775556793906965,6.23867685801476,8.02344709629473,5.546473507638337,1.4744542246176504,1.0,0.0,0.0,1.0,0.0,0.08399721859797847,0.0,0.7825,0.0,,0.04559194077198096,0.9048601342213612,0.049547925006657605
expert_advice,burst,algorithm1,23,341,400,0.730339914443833,5.702287085069726,7.807716615642074,5.059172356618855,1.1410242805855697,1.0,0.0,0.0,1.0,0.0,0.14139632817345457,0.0,1.32,0.0,,0.04599496908098208,0.9060540339633469,0.04795099695567074
expert_advice,burst,algorithm1,24,354,400,0.723627432551842,5.6522780895685445,7.811033461841021,4.687491273244666,1.691199373388411,1.0,0.0,0.0,1.0,0.0,0.14518348121769503,0.0,1.2625,0.0,,0.04594808778277208,0.9059247686877265,0.04812714352950126
expert_advice,burst,no_trust,0,42,400,0.5470319670525059,4.369943733416223,7.988461363532675,3.666033531157009,1.1868321410297118,0.0,0.0,1.0,1.0,0.0,0.3724425212604959,0.07420353694529408,4.0,4.0,,0.045526472891726524,0.9080244149287477,0.04644911217952555
expert_advice,burst,no_trust,1,55,400,0.5435857471815642,4.354944533915984,8.011513466819027,3.8777743485282516,1.1242930470844228,0.0,0.0,1.0,1.0,0.0,0.37826312862167216,0.0676980646894461,4.0,4.0,,0.045847184815681466,0.9081081715805184,0.046044643603800076
expert_advice,burst,no_trust,2,68,400,0.5567499808179338,4.323434804563039,7.76548711903211,3.6897857515385626,1.3538655569748217,0.0,0.0,1.0,1.0,0.0,0.37614910186895684,0.06841227319191924,4.0,4.0,,0.04535306238136608,0.907529187142914,0.04711775047571983
expert_advice,burst,no_trust,3,81,400,0.5635250033514739,4.360281544392723,7.737512121841362,3.797920459600802,0.9213590200506583,0.0,0.0,1.0,1.0,0.0,0.36706800474803,0.07554828627056757,4.0,4.0,,0.04566748255620881,0.9077095197617134,0.04662299768207758
expert_advice,burst,no_trust,4,94,400,0.563719972218614,4.431550176736233,7.8612616106098345,3.8399224647125463,1.302964989450838,0.0,0.0,1.0,1.0,0.0,0.3734127251991994,0.0705450394843984,4.0,4.0,,0.045143223707662904,0.9072285210152249,0.04762825527711202
expert_advice,burst,no_trust,5,107,400,0.5652747809344191,4.402561324569225,7.788356164220942,3.978830547278296,0.9977333916700424,0.0,0.0,1.0,1.0,0.0,0.3676863844082588,0.8164438660217642,4.0,4.0,,0.04535997082240779,0.9079744248316564,0.04666560434593569
expert_advice,burst,no_trust,6,120,400,0.5445277423048324,4.227091782543496,7.762858444367607,3.2801699293700537,1.5705884630132756,0.0,0.0,1.0,1.0,0.0,0.376098532457533,0.06791853202130922,4.0,4.0,,0.04532749722863622,0.9073161634962135,0.04735633927515016
expert_advice,burst,no_trust,7,133,400,0.5606575076928657,4.418397183588422,7.880742026928976,3.563798954171883,1.5766482953091314,0.0,0.0,1.0,1.0,0.0,0.371729002938038,0.06813498904970419,4.0,4.0,,0.04558142794629641,0.907674794307843,0.04674377774586036
expert_advice,burst,no_trust,8,146,400,0.5656835614035436,4.440590996021219,7.849955874629737,3.955948183743906,0.9667577796863793,0.0,0.0,1.0,1.0,0.0,0.37227815222317173,0.07810494165994225,4.0,4.0,,0.04563928640728507,0.9072093484310318,0.04715136516168294
expert_advice,burst,no_trust,9,159,400,0.5395870316868202,4.256249616624708,7.887976112619147,3.6600464993572146,1.7849890666663333,0.0,0.0,1.0,1.0,0.0,0.3752066202858134,0.0697235888427048,4.0,4.0,,0.045003730555846305,0.9069730458852244,0.04802322355892903
expert_advice,burst,no_trust,10,172,400,0.5546507704825804,4.319824885961868,7.7883690348133,3.4490584261617205,1.7609258917274064,0.0,0.0,1.0,1.0,0.0,0.3803262210220735,0.8204350873922264,4.0,4.0,,0.045738285320872485,0.9081655047054181,0.046096209973709217
expert_advice,burst,no_trust,11,185,400,0.561872223472746,4.429875701595706,7.8841336455753455,3.9230331778626146,1.0020944562974003,0.0,0.0,1.0,1.0,0.0,0.3621856975011743,0.8223459910153944,4.0,4.0,,0.045588851452786835,0.9074055975882181,0.047005550958994835
expert_advice,burst,no_trust,12,198,400,0.553945903070838,4.414725534150857,7.969596867992914,3.627941176764869,1.4068305462619164,0.0,0.0,1.0,1.0,0.0,0.37207009342838937,0.06872552242538515,4.0,4.0,,0.045423662758036186,0.9072173309829321,0.047359006259031514
expert_advice,burst,no_trust,13,211,400,0.5565151666710201,4.237580156046093,7.614491769190376,3.617004609858598,1.267900296298535,0.0,0.0,1.0,1.0,0.0,0.37148578286842465,0.07054751164735114,4.0,4.0,,0.04526529678509733,0.9077238596861933,0.04701084352870914
expert_advice,burst,no_trust,14,224,400,0.5562433584080323,4.253637985862643,7.647080943198224,3.810146020711999,1.0699492896118983,0.0,0.0,1.0,1.0,0.0,0.3726704752923712,0.8178133610508382,4.0,4.0,,0.045566387770508816,0.9072067461628541,0.047226866066636876
expert_advice,burst,no_trust,15,237,400,0.5595524537554851,4.236409936451962,7.571068463767654,3.7792996360989397,1.2548753067661345,0.0,0.0,1.0,1.0,0.0,0.37162790857681927,0.06731318203169599,4.0,4.0,,0.04535390860193542,0.9068102692117814,0.047835822186282934
expert_advice,burst,no_trust,16,250,400,0.5556444976090285,4.357479338255922,7.842207305221983,3.8332714840433417,1.3504632680327169,0.0,0.0,1.0,1.0,0.0,0.37041629638268886,0.06937310189691445,4.0,4.0,,0.04499537607308664,0.9074281839127855,0.04757644001412767
expert_advice,burst,no_trust,17,263,400,0.5499898741701278,4.423095069790349,8.042139096586634,3.9211122736165307,1.5613878116798765,0.0,0.0,1.0,1.0,0.0,0.3754956120665521,0.8169732710447069,4.0,4.0,,0.04534817624214896,0.9078682135555158,0.0467836102023351
expert_advice,burst,no_trust,18,276,400,0.5590240999971421,4.430891613697021,7.92611913103509,3.8997493830351955,1.0547638401269808,0.0,0.0,1.0,1.0,0.0,0.37488152480547304,0.06866782910910452,4.0,4.0,,0.04519046949147192,0.9067846648365357,0.04802486567199213
expert_advice,burst,no_trust,19,289,400,0.5491912450831432,4.362327433468759,7.943184587380553,3.4811215957955484,1.437531245233044,0.0,0.0,1.0,1.0,0.0,0.37933544522596535,0.07054606338653482,4.0,4.0,,0.04542731617365342,0.9075338527525686,0.04703883107377783
expert_advice,burst,no_trust,20,302,400,0.5602238067147669,4.3033485951029,7.681481121515268,3.811945635155091,0.725791667004434,0.0,0.0,1.0,1.0,0.0,0.3735260500885979,0.27219563149183773,4.0,4.0,,0.04508084488994735,0.907586686582218,0.047332468527834556
expert_advice,burst,no_trust,21,315,400,0.5596064214298888,4.299669525357047,7.6833813206979755,3.7468820901065714,1.394471595389148,0.0,0.0,1.0,1.0,0.0,0.36685569427927817,0.8145028967791177,4.0,4.0,,0.04577061601453445,0.9078367519370185,0.046392632048446764
expert_advice,burst,no_trust,22,328,400,0.5561285260862118,4.462067807793083,8.02344709629473,3.9242279710493335,1.4279658537412896,0.0,0.0,1.0,1.0,0.0,0.3822299420842095,0.8233847478770818,4.0,4.0,,0.04578368411190723,0.9075436897557304,0.04667262613236209
expert_advice,burst,no_trust,23,341,400,0.5573265306670403,4.351447613827203,7.807716615642074,3.9528313301400932,0.8363509555118438,0.0,0.0,1.0,1.0,0.0,0.3725486945714019,0.07004850348262781,4.0,4.0,,0.04501330638388836,0.9037078503867275,0.05127884322938389
expert_advice,burst,no_trust,24,354,400,0.5512193211755847,4.305592562515785,7.811033461841021,3.6445796558393235,1.3226055286511045,0.0,0.0,1.0,1.0,0.0,0.37130708373890664,0.06603971039616668,4.0,4.0,,0.045298805177520884,0.9068920618152909,0.047809133007188025
expert_advice,burst,oracle,0,42,400,0.8360846825152083,6.679030182914224,7.988461363532675,5.940055106296372,1.6355039461703393,1.0,0.0,0.0,1.0,0.0,0.0,0.0,0.0,0.0,,0.04529607132948174,0.9070083623241096,0.04769556634640846
expert_advice,burst,oracle,1,55,400,0.8352274677324959,6.691436105596045,8.011513466819027,6.207321932024397,1.0513390272182397,1.0,0.0,0.0,1.0,0.0,0.0,0.0,0.0,0.0,,0.04580971408532774,0.9076350434198036,0.046555242494868504
expert_advice,burst,oracle,2,68,400,0.8365057334594189,6.495874498175625,7.76548711903211,5.728037104006642,1.825113480046852,1.0,0.0,0.0,1.0,0.0,0.0,0.0,0.0,0.0,,0.04541498913580508,0.9068246456277084,0.04776036523648644
expert_advice,burst,oracle,3,81,400,0.8358930340957055,6.467732483878276,7.737512121841362,5.9082525112586906,1.150567625245026,1.0,0.0,0.0,1.0,0.0,0.0,0.0,0.0,0.0,,0.045705272931315793,0.9056056931433567,0.048689033925327335
expert_advice,burst,oracle,4,94,400,0.8370030903922531,6.579900262462412,7.8612616106098345,5.975632565947415,1.4341724207637103,1.0,0.0,0.0,1.0,0.0,0.0,0.0,0.0,0.0,,0.045329296544815934,0.907445194068751,0.047225509386432926
expert_advice,burst,oracle,5,107,400,0.8363008438611518,6.513408832429177,7.788356164220942,5.743401028530841,1.5702197793636161,1.0,0.0,0.0,1.0,0.0,0.0,0.0,0.0,0.0,,0.045626254583033675,0.9072130430407668,0.04716070237619935
expert_advice,burst,oracle,6,120,400,0.836466651836055,6.493372211637419,7.762858444367607,6.028140696367989,1.1633725885823143,1.0,0.0,0.0,1.0,0.0,0.0,0.0,0.0,0.0,,0.04576902485692342,0.907718286250024,0.04651268889305248
expert_advice,burst,oracle,7,133,400,0.8352169794657393,6.582129551680327,7.880742026928976,5.770617562459942,1.8112309796635646,1.0,0.0,0.0,1.0,0.0,0.0,0.0,0.0,0.0,,0.04528496994551294,0.907779140291829,0.04693588976265781
expert_advice,burst,oracle,8,146,400,0.8361995215264008,6.564129346368745,7.849955874629737,5.906373677615402,1.3973804404789192,1.0,0.0,0.0,1.0,0.0,0.0,0.0,0.0,0.0,,0.04609960315317443,0.907030634375553,0.04686976247127246
expert_advice,burst,oracle,9,159,400,0.8326886874890014,6.5682284761614325,7.887976112619147,5.84893020513558,2.2795110632496653,1.0,0.0,0.0,1.0,0.0,0.0,0.0,0.0,0.0,,0.04528441632082472,0.906447207275081,0.04826837640409409
expert_advice,burst,oracle,10,172,400,0.8395996788302534,6.5391121402407375,7.7883690348133,5.5524259694125,1.7943427520985002,1.0,0.0,0.0,1.0,0.0,0.0,0.0,0.0,0.0,,0.045278307982179966,0.9078142896362362,0.04690740238158362
expert_advice,burst,oracle,11,185,400,0.8373414168921646,6.6017116377532465,7.8841336455753455,5.921074754745797,1.531594332384409,1.0,0.0,0.0,1.0,0.0,0.0,0.0,0.0,0.0,,0.04498860564198742,0.9070700285959825,0.047941365762029856
expert_advice,burst,oracle,12,198,400,0.8309623352202821,6.622434824191638,7.969596867992914,5.812303258428953,1.6376444150087854,1.0,0.0,0.0,1.0,0.0,0.0,0.0,0.0,0.0,,0.04538663496327783,0.9071680700662736,0.0474452949704484
expert_advice,burst,oracle,13,211,400,0.8391739857936374,6.3898834077443345,7.614491769190376,5.370713556328607,2.1766516565898337,1.0,0.0,0.0,1.0,0.0,0.0,0.0,0.0,0.0,,0.04518092623069258,0.9065184368792139,0.04830063689009336
expert_advice,burst,oracle,14,224,400,0.8361762668707268,6.394307595541767,7.647080943198224,5.94790752261611,0.9222800271544385,1.0,0.0,0.0,1.0,0.0,0.0,0.0,0.0,0.0,,0.04544996546772051,0.9069038598125367,0.0476461747197426
expert_advice,burst,oracle,15,237,400,0.8350878369691859,6.322507186953347,7.571068463767654,5.420899902918534,1.7549701867904997,1.0,0.0,0.0,1.0,0.0,0.0,0.0,0.0,0.0,,0.04594802675080974,0.9071549295212011,0.04689704372798885
expert_advice,burst,oracle,16,250,400,0.836856045574824,6.562798594026066,7.842207305221983,5.988127601985385,1.04098236614952,1.0,0.0,0.0,1.0,0.0,0.0,0.0,0.0,0.0,,0.04539808482567958,0.9080140491172997,0.04658786605702058
expert_advice,burst,oracle,17,263,400,0.8354680652124763,6.718950391194848,8.042139096586634,5.960861476527285,1.6921427678539072,1.0,0.0,0.0,1.0,0.0,0.0,0.0,0.0,0.0,,0.045254634992534466,0.9077138345842007,0.047031530423264585
expert_advice,burst,oracle,18,276,400,0.8370026331937221,6.634182583683508,7.92611913103509,5.866853484874842,1.6150228316832314,1.0,0.0,0.0,1.0,0.0,0.0,0.0,0.0,0.0,,0.045050803814554,0.9071865494223451,0.04776264676310078
expert_advice,burst,oracle,19,289,400,0.8355396964319658,6.636846038843016,7.943184587380553,5.790566711972053,1.665857132642473,1.0,0.0,0.0,1.0,0.0,0.0,0.0,0.0,0.0,,0.04555642735442133,0.9076539831856423,0.04678958945993632
expert_advice,burst,oracle,20,302,400,0.8342321970428928,6.4081388725451855,7.681481121515268,5.584848862106589,1.2817633201505618,1.0,0.0,0.0,1.0,0.0,0.0,0.0,0.0,0.0,,0.045072728859052766,0.9068710167186859,0.04805625442226119
expert_advice,burst,oracle,21,315,400,0.8390424642150897,6.44668319682262,7.6833813206979755,5.837488083602542,1.1773090505692725,1.0,0.0,0.0,1.0,0.0,0.0,0.0,0.0,0.0,,0.04514622337229558,0.9074379465483962,0.04741583007930808
expert_advice,burst,oracle,22,328,400,0.8361161339717722,6.708533567280991,8.02344709629473,5.978098901260992,1.6026544095024375,1.0,0.0,0.0,1.0,0.0,0.0,0.0,0.0,0.0,,0.04544161374004556,0.9065666836106467,0.04799170264930752
expert_advice,burst,oracle,23,341,400,0.8390812372453881,6.551308517914326,7.807716615642074,5.890222114665594,1.1050647243018537,1.0,0.0,0.0,1.0,0.0,0.0,0.0,0.0,0.0,,0.045872476199398785,0.9065325824800595,0.04759494132054151
expert_advice,burst,oracle,24,354,400,0.8339964533521198,6.514374204190141,7.811033461841021,5.403050327237464,1.9816026734243257,1.0,0.0,0.0,1.0,0.0,0.0,0.0,0.0,0.0,,0.0451630284493504,0.9061873983068317,0.04864957324381769
expert_advice,burst,sparse_online,0,42,400,0.8337030948190653,6.660004961619722,7.988461363532675,5.922273869400715,1.63057068612025,1.0,0.0,0.0,1.0,0.0,0.001900756098857197,0.0,0.0025,0.0,,0.045130934064449894,0.9054842296813547,0.049384836254195236
expert_advice,burst,sparse_online,1,55,400,0.8331962069824395,6.675162632742347,8.011513466819027,6.189836739747181,1.0397271267442614,1.0,0.0,0.0,1.0,0.0,0.0007868092475072152,0.0,0.01,0.0,,0.04606653068021967,0.9077441724584837,0.046189296861296414
expert_advice,burst,sparse_online,2,68,400,0.8321738873899882,6.4622356033218304,7.76548711903211,5.7002771697192625,1.8298553980971368,1.0,0.0,0.0,1.0,0.0,0.004156505241291847,0.0,0.0125,0.0,,0.04498454975956007,0.9051481432792968,0.04986730696114284
expert_advice,burst,sparse_online,3,81,400,0.8356156101106098,6.465585912430709,7.737512121841362,5.905908177728021,1.1505840791809554,1.0,0.0,0.0,1.0,0.0,0.0,0.0,0.0,0.0,,0.04598787489778182,0.9051363125611454,0.04887581254107271
expert_advice,burst,sparse_online,4,94,400,0.8368595652586588,6.57877197383953,7.8612616106098345,5.972938095638511,1.4353883713084734,1.0,0.0,0.0,1.0,0.0,0.0,0.0,0.0,0.0,,0.04562744406882452,0.9074227628148414,0.04694979311633395
expert_advice,burst,sparse_online,5,107,400,0.8361405917313883,6.512160731766504,7.788356164220942,5.742431937510234,1.5704338123746258,1.0,0.0,0.0,1.0,0.0,0.0,0.0,0.0,0.0,,0.045751170433391844,0.9070786654180494,0.04717016414855859
expert_advice,burst,sparse_online,6,120,400,0.8365878510853175,6.494313064253007,7.762858444367607,6.0283404136032095,1.1643421603642752,1.0,0.0,0.0,1.0,0.0,0.0,0.0,0.0,0.0,,0.045630082357958165,0.90670952236807,0.04766039527397174
expert_advice,burst,sparse_online,7,133,400,0.834123067357586,6.573508712555837,7.880742026928976,5.764386403905844,1.8112448204043563,1.0,0.0,0.0,1.0,0.0,0.0,0.0,0.0,0.0,,0.04600175817569094,0.9077813961112665,0.04621684571304234
expert_advice,burst,sparse_online,8,146,400,0.8345949918089257,6.5515338588870335,7.849955874629737,5.8870700214073155,1.3891900534878454,1.0,0.0,0.0,1.0,0.0,0.0025064750466766744,0.0,0.01,0.0,,0.0458568429289321,0.9057758422770205,0.048367314794047205
expert_advice,burst,sparse_online,9,159,400,0.8324327940052414,6.566209994474159,7.887976112619147,5.846326593463939,2.2811355878506063,1.0,0.0,0.0,1.0,0.0,0.0,0.0,0.0,0.0,,0.04520693693999618,0.9066826690562952,0.04811039400370845
expert_advice,burst,sparse_online,10,172,400,0.8363634767872603,6.51390740445869,7.7883690348133,5.528973835012412,1.7942241588529528,1.0,0.0,0.0,1.0,0.0,0.004672897671775956,0.0,0.01,0.0,,0.04494926522371433,0.9054380512921223,0.049612683484163166
expert_advice,burst,sparse_online,11,185,400,0.8360325945733265,6.591392707673215,7.8841336455753455,5.913877245988625,1.5296855670630078,1.0,0.0,0.0,1.0,0.0,0.0,0.0,0.0,0.0,,0.04563863961348292,0.9076227909946898,0.04673856939182701
expert_advice,burst,sparse_online,12,198,400,0.8287324788630439,6.604663767950918,7.969596867992914,5.790424047464006,1.647172060172367,1.0,0.0,0.0,1.0,0.0,0.0027162021430404016,0.0,0.0175,0.0,,0.04519556027398851,0.9068186193899815,0.04798582033602977
expert_advice,burst,sparse_online,13,211,400,0.8380633439803634,6.38142643479864,7.614491769190376,5.362941176082238,2.1747768747739062,1.0,0.0,0.0,1.0,0.0,0.0010279251139755712,0.0,0.01,0.0,,0.045954309811332764,0.9073432409034058,0.04670244928526126
expert_advice,burst,sparse_online,14,224,400,0.8349504382886841,6.384933585152401,7.647080943198224,5.9372697576898,0.9242576371585969,1.0,0.0,0.0,1.0,0.0,0.0011708179198127626,0.0,0.0025,0.0,,0.04545523622333112,0.9062598352100123,0.04828492856665641
expert_advice,burst,sparse_online,15,237,400,0.8347981362763062,6.320313843173554,7.571068463767654,5.418477028049864,1.7551273722827156,1.0,0.0,0.0,1.0,0.0,0.0,0.0,0.0,0.0,,0.04610909353091815,0.9070765418420019,0.04681436462707973
expert_advice,burst,sparse_online,16,250,400,0.8350840126105153,6.54890194416827,7.842207305221983,5.975719608566019,1.0374965738567372,1.0,0.0,0.0,1.0,0.0,0.0029126938184991717,0.0,0.0175,0.0,,0.04554700683401278,0.9072377355156853,0.04721525765030182
expert_advice,burst,sparse_online,17,263,400,0.8323335574611775,6.693742243859574,8.042139096586634,5.939217740288088,1.6819604070796919,1.0,0.0,0.0,1.0,0.0,0.002740976191101978,0.0,0.0125,0.0,,0.04565272841904307,0.9068304696978576,0.047516801883099154
expert_advice,burst,sparse_online,18,276,400,0.8358214936950387,6.6248207313065715,7.92611913103509,5.857789701774824,1.612942473870861,1.0,0.0,0.0,1.0,0.0,0.0007216159813280183,0.0,0.0025,0.0,,0.04642226270184253,0.905917091382971,0.04766064591518629
expert_advice,burst,sparse_online,19,289,400,0.833571294954637,6.621210662566521,7.943184587380553,5.774525355181134,1.664671644056746,1.0,0.0,0.0,1.0,0.0,0.0030001701777932805,0.0,0.01,0.0,,0.045456723013631635,0.9064287465985095,0.04811453038785865
expert_advice,burst,sparse_online,20,302,400,0.8343564100504159,6.409093012417522,7.681481121515268,5.585467099157865,1.2810445737453175,1.0,0.0,0.0,1.0,0.0,0.0,0.0,0.0,0.0,,0.0450697544982712,0.905817936585855,0.049112308915873565
expert_advice,burst,sparse_online,21,315,400,0.8372564297316066,6.432960412834103,7.6833813206979755,5.8218631757647605,1.178093174633342,1.0,0.0,0.0,1.0,0.0,0.002558305539702517,0.0,0.0075,0.0,,0.04501975287579827,0.9067087340498073,0.048271513074394125
expert_advice,burst,sparse_online,22,328,400,0.8344511723959426,6.695174836159958,8.02344709629473,5.965873635311168,1.6005960751607473,1.0,0.0,0.0,1.0,0.0,0.0018707401863865723,0.0,0.005,0.0,,0.04525953062940463,0.9058312557077676,0.04890921366282752
expert_advice,burst,sparse_online,23,341,400,0.8370407759105728,6.535377174046913,7.807716615642074,5.873831480410691,1.1076337718725373,1.0,0.0,0.0,1.0,0.0,0.002856588243942014,0.0,0.01,0.0,,0.04565837315641895,0.9057072067035279,0.04863442014005301
expert_advice,burst,sparse_online,24,354,400,0.8308008099278029,6.48941292647069,7.811033461841021,5.382557116060554,1.9725018904298262,1.0,0.0,0.0,1.0,0.0,0.0027478843207468977,0.0,0.01,0.0,,0.04548534459987363,0.9049442120568348,0.04957044334329133
expert_advice,byzantine,algorithm1,0,42,400,0.8159945215915354,6.51854070858831,7.988461363532675,5.802210713553914,1.5918647029259292,1.0,0.0,0.0,1.0,0.0,0.02286206771210523,0.0,0.0925,0.0,,0.04520333177133334,0.9049892903124998,0.04980737791616684
expert_advice,byzantine,algorithm1,1,55,400,0.8176716742681415,6.550787629835676,8.011513466819027,6.068131083646772,1.029217756451981,1.0,0.0,0.0,1.0,0.0,0.020582094054867925,0.0,0.0825,0.0,,0.0458985320041492,0.9073021516768313,0.04679931631901936
expert_advice,byzantine,algorithm1,2,68,400,0.8326335540734708,6.465805139031463,7.76548711903211,5.705347521563508,1.8256740221619987,1.0,0.0,0.0,1.0,0.0,0.0031983623563354878,0.0,0.01,0.0,,0.04540456082764997,0.906693154653787,0.04790228451856284
expert_advice,byzantine,algorithm1,3,81,400,0.8320062359378438,6.43765833601667,7.737512121841362,5.8722854249692285,1.1547714670895308,1.0,0.0,0.0,1.0,0.0,0.004575090273935038,0.0,0.0175,0.0,,0.04600309771569262,0.9063540361753172,0.047642866108989906
expert_advice,byzantine,algorithm1,4,94,400,0.8346636286391651,6.561509141593372,7.8612616106098345,5.947402404967239,1.4430827075524695,1.0,0.0,0.0,1.0,0.0,0.003212396472813763,0.0,0.0075,0.0,,0.046198430272532995,0.9072828682480101,0.046518701479456775
expert_advice,byzantine,algorithm1,5,107,400,0.8261016035417064,6.433973516216853,7.788356164220942,5.684104577829986,1.5650052797157628,1.0,0.0,0.0,1.0,0.0,0.011860574651614391,0.0,0.04,0.0,,0.04559068363776408,0.9061162739721118,0.048293042390123914
expert_advice,byzantine,algorithm1,6,120,400,0.8297644862655471,6.441344249042852,7.762858444367607,5.987273829248488,1.154106812096205,1.0,0.0,0.0,1.0,0.0,0.008243312052914316,0.0,0.035,0.0,,0.045528938935194975,0.9056273406901171,0.04884372037468775
expert_advice,byzantine,algorithm1,7,133,400,0.8271848057641322,6.518830062822479,7.880742026928976,5.720540504623836,1.7860922279032572,1.0,0.0,0.0,1.0,0.0,0.009314979077060052,0.0,0.065,0.0,,0.046185424541272536,0.9060426007704169,0.047771974688310286
expert_advice,byzantine,algorithm1,8,146,400,0.8243642255357108,6.4712227950786465,7.849955874629737,5.8109615067732925,1.3586850766214127,1.0,0.0,0.0,1.0,0.0,0.013389045731939154,0.0,0.055,0.0,,0.04586677433734195,0.904635163304879,0.049498062357778844
expert_advice,byzantine,algorithm1,9,159,400,0.8205553277931915,6.472520824715069,7.887976112619147,5.745854470561102,2.2724558454919306,1.0,0.0,0.0,1.0,0.0,0.01688623382844618,0.0,0.06,0.0,,0.045925092764007226,0.9072202886211561,0.04685461861483652
expert_advice,byzantine,algorithm1,10,172,400,0.8270485782513564,6.4413595371392285,7.7883690348133,5.471185890101431,1.7776857649043576,1.0,0.0,0.0,1.0,0.0,0.01555267589485591,0.0,0.0575,0.0,,0.04507141022936438,0.9049748411587467,0.04995374861188884
expert_advice,byzantine,algorithm1,11,185,400,0.8296926035922872,6.54140737146696,7.8841336455753455,5.881507528883904,1.490201732974846,1.0,0.0,0.0,1.0,0.0,0.009920493426182122,0.0,0.04,0.0,,0.046190383493735714,0.9066020604815662,0.047207556024697804
expert_advice,byzantine,algorithm1,12,198,400,0.8174958713041918,6.515112535543025,7.969596867992914,5.705321028670171,1.624051883956934,1.0,0.0,0.0,1.0,0.0,0.015049502765645291,0.0,0.08,0.0,,0.045139776392423024,0.9061449121443218,0.04871531146325505
expert_advice,byzantine,algorithm1,13,211,400,0.8320364845271193,6.335534963097846,7.614491769190376,5.3215887581340215,2.1640968546889594,1.0,0.0,0.0,1.0,0.0,0.01012544199550248,0.0,0.03,0.0,,0.045473016851065785,0.9064419732762724,0.04808500987266163
expert_advice,byzantine,algorithm1,14,224,400,0.8307610045635425,6.352896646350079,7.647080943198224,5.905966615794973,0.924864336392841,1.0,0.0,0.0,1.0,0.0,0.0075586224645821645,0.0,0.045,0.0,,0.045331208815342715,0.9064052475797415,0.04826354360491557
expert_advice,byzantine,algorithm1,15,237,400,0.829461396415109,6.279909020311112,7.571068463767654,5.378388770029866,1.7524356136649448,1.0,0.0,0.0,1.0,0.0,0.00811596525885855,0.0,0.045,0.0,,0.04565747716510676,0.9071828009261612,0.047159721908731765
expert_advice,byzantine,algorithm1,16,250,400,0.8283917357042679,6.496419721325529,7.842207305221983,5.9291960941991535,1.0241447414782332,1.0,0.0,0.0,1.0,0.0,0.012235746122386,0.0,0.06,0.0,,0.045335181528971355,0.907581813056251,0.04708300541477753
expert_advice,byzantine,algorithm1,17,263,400,0.8119697868577569,6.5299739681358835,8.042139096586634,5.800103556503436,1.639864340742605,1.0,0.0,0.0,1.0,0.0,0.02926383611262801,0.0,0.1,0.0,,0.04571598549652852,0.9078828267399888,0.04640118776348259
expert_advice,byzantine,algorithm1,18,276,400,0.8276911781302169,6.560378881566884,7.92611913103509,5.795468846879331,1.6113363865755987,1.0,0.0,0.0,1.0,0.0,0.013466631096885366,0.0,0.0625,0.0,,0.045937984190779574,0.9066751918457534,0.04738682396346684
expert_advice,byzantine,algorithm1,19,289,400,0.8295268953978152,6.589085250341566,7.943184587380553,5.744801120362708,1.659490788442632,1.0,0.0,0.0,1.0,0.0,0.007362233932498478,0.0,0.025,0.0,,0.045456064801211296,0.9063413052651255,0.04820262993366306
expert_advice,byzantine,algorithm1,20,302,400,0.8309506969672417,6.382932091663821,7.681481121515268,5.561630100612205,1.2768534113453427,1.0,0.0,0.0,1.0,0.0,0.004628704603569848,0.0,0.0175,0.0,,0.045703329152086546,0.9061406533923052,0.048156017455608054
expert_advice,byzantine,algorithm1,21,315,400,0.8374867947612595,6.434730395199881,7.6833813206979755,5.824681951144608,1.1779149237503006,1.0,0.0,0.0,1.0,0.0,0.0026275367899153187,0.0,0.0075,0.0,,0.04538342049739055,0.9069375335593406,0.04767904594326857
expert_advice,byzantine,algorithm1,22,328,400,0.8298315049889171,6.658109179117212,8.02344709629473,5.932670838502769,1.5876454496658798,1.0,0.0,0.0,1.0,0.0,0.008919648773267857,0.0,0.0325,0.0,,0.04528611205393214,0.9057604665688352,0.04895342137723253
expert_advice,byzantine,algorithm1,23,341,400,0.8263186593121579,6.451661926126618,7.807716615642074,5.795185554209127,1.0977262208077878,1.0,0.0,0.0,1.0,0.0,0.01461795650198789,0.0,0.0875,0.0,,0.045688012544268145,0.9056625752057045,0.04864941225002727
expert_advice,byzantine,algorithm1,24,354,400,0.8233943157771056,6.431560552824664,7.811033461841021,5.3331823653527906,1.9503642315503082,1.0,0.0,0.0,1.0,0.0,0.012108862756910919,0.0,0.0725,0.0,,0.04544833640078071,0.9062217230450308,0.048329940554188176
expert_advice,byzantine,no_trust,0,42,400,0.39844303988989876,3.182946829728965,7.988461363532675,2.6441865286251973,1.0182107126789925,0.0,0.0,1.0,1.0,0.0,0.5470065288179331,0.8252160758823845,4.0,4.0,,0.045499502015690585,0.9084553701621964,0.04604512782211289
expert_advice,byzantine,no_trust,1,55,400,0.40010838108895236,3.205473683281301,8.011513466819027,2.713027265756906,1.1446677762249444,0.0,0.0,1.0,1.0,0.0,0.5463788167325493,0.07550419033238268,4.0,4.0,,0.045818737989261234,0.9076446560703954,0.04653660594034321
expert_advice,byzantine,no_trust,2,68,400,0.4038465590591867,3.1360652524395545,7.76548711903211,2.4214470253381535,2.0294005110789772,0.0,0.0,1.0,1.0,0.0,0.5351804375939438,0.8139284177108045,4.0,4.0,,0.045875193013899675,0.9077926011237705,0.04633220586232975
expert_advice,byzantine,no_trust,3,81,400,0.42760683384607523,3.3086130602662123,7.737512121841362,2.728955396173906,1.0578910679307278,0.0,0.0,1.0,1.0,0.0,0.5247840882144359,0.825433868348851,4.0,4.0,,0.04603546155559807,0.9075190228389621,0.04644551560543959
expert_advice,byzantine,no_trust,4,94,400,0.40520395485138055,3.1854142947404385,7.8612616106098345,2.7372129581285463,1.3023136908179809,0.0,0.0,1.0,1.0,0.0,0.5426870122645164,0.8194783003376678,4.0,4.0,,0.045268381364470034,0.9067423085122033,0.04798931012332651
expert_advice,byzantine,no_trust,5,107,400,0.41918988059182716,3.2648000904863976,7.788356164220942,2.790711488681112,1.0276168149189076,0.0,0.0,1.0,1.0,0.0,0.5294980953265043,0.8261557527898095,4.0,4.0,,0.04524365181764744,0.9077008682643435,0.04705547991800868
expert_advice,byzantine,no_trust,6,120,400,0.39681838459212315,3.080444947711276,7.762858444367607,2.587467562772316,0.7635978696370103,0.0,0.0,1.0,1.0,0.0,0.5357667768207045,0.07072945219527836,4.0,4.0,,0.04525611126987311,0.9075764760629546,0.04716741266717227
expert_advice,byzantine,no_trust,7,133,400,0.3949845621702614,3.11277143908332,7.880742026928976,2.6782137444139864,1.2005932873376008,0.0,0.0,1.0,1.0,0.0,0.5483169411640174,0.06445370931294649,4.0,4.0,,0.045660716564451906,0.9076706590088558,0.04666862442669207
expert_advice,byzantine,no_trust,8,146,400,0.4121631076997086,3.2354622085929767,7.849955874629737,2.864036741815434,0.9396275747870999,0.0,0.0,1.0,1.0,0.0,0.5425339495740541,0.07376198680002394,4.0,4.0,,0.04563503573542693,0.9061882258518023,0.04817673841277052
expert_advice,byzantine,no_trust,9,159,400,0.39039793021898145,3.079449547983282,7.887976112619147,2.5539222216691453,1.941854735371268,0.0,0.0,1.0,1.0,0.0,0.5543290535745861,0.8195092445819818,4.0,4.0,,0.04573402140830151,0.9074041785824036,0.046861800009294755
expert_advice,byzantine,no_trust,10,172,400,0.4073331320053737,3.172460752164171,7.7883690348133,2.5830946583686014,1.2650450728629483,0.0,0.0,1.0,1.0,0.0,0.5362718455781059,0.8277653428542698,4.0,4.0,,0.04567512510479247,0.9080390806129381,0.04628579428226919
expert_advice,byzantine,no_trust,11,185,400,0.40690925155918073,3.2081269209136187,7.8841336455753455,2.5522321865720854,1.4768632396405441,0.0,0.0,1.0,1.0,0.0,0.532628677863235,0.8328485737920773,4.0,4.0,,0.0456802615327101,0.9077275360984771,0.04659220236881254
expert_advice,byzantine,no_trust,12,198,400,0.4019178642470431,3.203123352093636,7.969596867992914,2.910374570998951,1.0909512285244278,0.0,0.0,1.0,1.0,0.0,0.5485357605760469,0.8197898376464516,4.0,4.0,,0.04575220064937484,0.9074580671966135,0.04678973215401159
expert_advice,byzantine,no_trust,13,211,400,0.3825033898757124,2.91256891389603,7.614491769190376,2.2647687263038545,1.227523660593481,0.0,0.0,1.0,1.0,0.0,0.558200053221308,0.8217232246301931,4.0,4.0,,0.045634854019253386,0.9082882228694712,0.04607692311127531
expert_advice,byzantine,no_trust,14,224,400,0.41842781936120527,3.199751403541062,7.647080943198224,2.7068658731949613,0.9053237826329368,0.0,0.0,1.0,1.0,0.0,0.5342115124716819,0.823950113132947,4.0,4.0,,0.04569741747451175,0.9077741515327256,0.04652843099276243
expert_advice,byzantine,no_trust,15,237,400,0.3980265212364387,3.0134860426763477,7.571068463767654,2.7144056985860106,1.068458017262233,0.0,0.0,1.0,1.0,0.0,0.5513923684676559,0.8161090903567789,4.0,4.0,,0.04530040721331984,0.9070203005371447,0.047679292249535175
expert_advice,byzantine,no_trust,16,250,400,0.4168853825354601,3.269301592359846,7.842207305221983,2.844213342638465,0.8698940401899771,0.0,0.0,1.0,1.0,0.0,0.5241093440426852,0.06754536746735211,4.0,4.0,,0.04537341345609201,0.9071638108945035,0.047462775649404175
expert_advice,byzantine,no_trust,17,263,400,0.4142692636731984,3.331611041900386,8.042139096586634,2.7648874665273837,1.3248591871719118,0.0,0.0,1.0,1.0,0.0,0.5348911452400544,0.8209168588448512,4.0,4.0,,0.045576616027126905,0.9078172745199169,0.04660610945295605
expert_advice,byzantine,no_trust,18,276,400,0.4231919919513472,3.354270143506421,7.92611913103509,2.747779181952642,1.1126871927724524,0.0,0.0,1.0,1.0,0.0,0.5303243978033193,0.8180010106092725,4.0,4.0,,0.04592185964632525,0.9068551039965845,0.04722303635708998
expert_advice,byzantine,no_trust,19,289,400,0.38980917741011584,3.0963262500235236,7.943184587380553,2.755577826761416,0.7522540618795017,0.0,0.0,1.0,1.0,0.0,0.5569887978924354,0.06819812882448807,4.0,4.0,,0.04560264326764717,0.9081893625033325,0.046207994229020055
expert_advice,byzantine,no_trust,20,302,400,0.403671389550203,3.1007941581257197,7.681481121515268,2.8295552254620913,0.7809057134647284,0.0,0.0,1.0,1.0,0.0,0.5368858674762264,0.822213044241023,4.0,4.0,,0.04544969344208518,0.9068231484971645,0.04772715806075015
expert_advice,byzantine,no_trust,21,315,400,0.4162040509879529,3.197854430959665,7.6833813206979755,2.865358291968233,1.2156720365025242,0.0,0.0,1.0,1.0,0.0,0.5342420876530709,0.824002450044275,4.0,4.0,,0.046031827787197416,0.9076152233464054,0.046352948866396855
expert_advice,byzantine,no_trust,22,328,400,0.4232094024956486,3.395598251578339,8.02344709629473,2.730787267530583,1.3398843843134296,0.0,0.0,1.0,1.0,0.0,0.5288171851312569,0.8180758448157941,4.0,4.0,,0.045992878832696,0.9076432811183852,0.04636384004891852
expert_advice,byzantine,no_trust,23,341,400,0.4246327070432461,3.315411842326626,7.807716615642074,2.8596650907313093,0.9680173117055952,0.0,0.0,1.0,1.0,0.0,0.5188914334889825,0.8227746120469758,4.0,4.0,,0.04592361901677975,0.9070479860591811,0.04702839492403891
expert_advice,byzantine,no_trust,24,354,400,0.40532105841897675,3.1659763500994464,7.811033461841021,2.6347151877426938,1.124137430762135,0.0,0.0,1.0,1.0,0.0,0.5408696344673587,0.06363561245237559,4.0,4.0,,0.04586499933621365,0.9080555823422,0.04607941832158618
expert_advice,byzantine,oracle,0,42,400,0.8360846825152083,6.679030182914224,7.988461363532675,5.940055106296372,1.6355039461703393,1.0,0.0,0.0,1.0,0.0,0.0,0.0,0.0,0.0,,0.04529607132948174,0.9070083623241096,0.04769556634640846
expert_advice,byzantine,oracle,1,55,400,0.8352274677324959,6.691436105596045,8.011513466819027,6.207321932024397,1.0513390272182397,1.0,0.0,0.0,1.0,0.0,0.0,0.0,0.0,0.0,,0.04580971408532774,0.9076350434198036,0.046555242494868504
expert_advice,byzantine,oracle,2,68,400,0.8365057334594189,6.495874498175625,7.76548711903211,5.728037104006642,1.825113480046852,1.0,0.0,0.0,1.0,0.0,0.0,0.0,0.0,0.0,,0.04541498913580508,0.9068246456277084,0.04776036523648644
expert_advice,byzantine,oracle,3,81,400,0.8358930340957055,6.467732483878276,7.737512121841362,5.9082525112586906,1.150567625245026,1.0,0.0,0.0,1.0,0.0,0.0,0.0,0.0,0.0,,0.045705272931315793,0.9056056931433567,0.048689033925327335
expert_advice,byzantine,oracle,4,94,400,0.8370030903922531,6.579900262462412,7.8612616106098345,5.975632565947415,1.4341724207637103,1.0,0.0,0.0,1.0,0.0,0.0,0.0,0.0,0.0,,0.045329296544815934,0.907445194068751,0.047225509386432926
expert_advice,byzantine,oracle,5,107,400,0.8363008438611518,6.513408832429177,7.788356164220942,5.743401028530841,1.5702197793636161,1.0,0.0,0.0,1.0,0.0,0.0,0.0,0.0,0.0,,0.045626254583033675,0.9072130430407668,0.04716070237619935
expert_advice,byzantine,oracle,6,120,400,0.836466651836055,6.493372211637419,7.762858444367607,6.028140696367989,1.1633725885823143,1.0,0.0,0.0,1.0,0.0,0.0,0.0,0.0,0.0,,0.04576902485692342,0.907718286250024,0.04651268889305248
expert_advice,byzantine,oracle,7,133,400,0.8352169794657393,6.582129551680327,7.880742026928976,5.770617562459942,1.8112309796635646,1.0,0.0,0.0,1.0,0.0,0.0,0.0,0.0,0.0,,0.04528496994551294,0.907779140291829,0.04693588976265781
expert_advice,byzantine,oracle,8,146,400,0.8361995215264008,6.564129346368745,7.849955874629737,5.906373677615402,1.3973804404789192,1.0,0.0,0.0,1.0,0.0,0.0,0.0,0.0,0.0,,0.04609960315317443,0.907030634375553,0.04686976247127246
expert_advice,byzantine,oracle,9,159,400,0.8326886874890014,6.5682284761614325,7.887976112619147,5.84893020513558,2.2795110632496653,1.0,0.0,0.0,1.0,0.0,0.0,0.0,0.0,0.0,,0.04528441632082472,0.906447207275081,0.04826837640409409
expert_advice,byzantine,oracle,10,172,400,0.8395996788302534,6.5391121402407375,7.7883690348133,5.5524259694125,1.7943427520985002,1.0,0.0,0.0,1.0,0.0,0.0,0.0,0.0,0.0,,0.045278307982179966,0.9078142896362362,0.04690740238158362
expert_advice,byzantine,oracle,11,185,400,0.8373414168921646,6.6017116377532465,7.8841336455753455,5.921074754745797,1.531594332384409,1.0,0.0,0.0,1.0,0.0,0.0,0.0,0.0,0.0,,0.04498860564198742,0.9070700285959825,0.047941365762029856
expert_advice,byzantine,oracle,12,198,400,0.8309623352202821,6.622434824191638,7.969596867992914,5.812303258428953,1.6376444150087854,1.0,0.0,0.0,1.0,0.0,0.0,0.0,0.0,0.0,,0.04538663496327783,0.9071680700662736,0.0474452949704484
expert_advice,byzantine,oracle,13,211,400,0.8391739857936374,6.3898834077443345,7.614491769190376,5.370713556328607,2.1766516565898337,1.0,0.0,0.0,1.0,0.0,0.0,0.0,0.0,0.0,,0.04518092623069258,0.9065184368792139,0.04830063689009336
expert_advice,byzantine,oracle,14,224,400,0.8361762668707268,6.394307595541767,7.647080943198224,5.94790752261611,0.9222800271544385,1.0,0.0,0.0,1.0,0.0,0.0,0.0,0.0,0.0,,0.04544996546772051,0.9069038598125367,0.0476461747197426
expert_advice,byzantine,oracle,15,237,400,0.8350878369691859,6.322507186953347,7.571068463767654,5.420899902918534,1.7549701867904997,1.0,0.0,0.0,1.0,0.0,0.0,0.0,0.0,0.0,,0.04594802675080974,0.9071549295212011,0.04689704372798885
expert_advice,byzantine,oracle,16,250,400,0.836856045574824,6.562798594026066,7.842207305221983,5.988127601985385,1.04098236614952,1.0,0.0,0.0,1.0,0.0,0.0,0.0,0.0,0.0,,0.04539808482567958,0.9080140491172997,0.04658786605702058
expert_advice,byzantine,oracle,17,263,400,0.8354680652124763,6.718950391194848,8.042139096586634,5.960861476527285,1.6921427678539072,1.0,0.0,0.0,1.0,0.0,0.0,0.0,0.0,0.0,,0.045254634992534466,0.9077138345842007,0.047031530423264585
expert_advice,byzantine,oracle,18,276,400,0.8370026331937221,6.634182583683508,7.92611913103509,5.866853484874842,1.6150228316832314,1.0,0.0,0.0,1.0,0.0,0.0,0.0,0.0,0.0,,0.045050803814554,0.9071865494223451,0.04776264676310078
expert_advice,byzantine,oracle,19,289,400,0.8355396964319658,6.636846038843016,7.943184587380553,5.790566711972053,1.665857132642473,1.0,0.0,0.0,1.0,0.0,0.0,0.0,0.0,0.0,,0.04555642735442133,0.9076539831856423,0.04678958945993632
expert_advice,byzantine,oracle,20,302,400,0.8342321970428928,6.4081388725451855,7.681481121515268,5.584848862106589,1.2817633201505618,1.0,0.0,0.0,1.0,0.0,0.0,0.0,0.0,0.0,,0.045072728859052766,0.9068710167186859,0.04805625442226119
expert_advice,byzantine,oracle,21,315,400,0.8390424642150897,6.44668319682262,7.6833813206979755,5.837488083602542,1.1773090505692725,1.0,0.0,0.0,1.0,0.0,0.0,0.0,0.0,0.0,,0.04514622337229558,0.9074379465483962,0.04741583007930808
expert_advice,byzantine,oracle,22,328,400,0.8361161339717722,6.708533567280991,8.02344709629473,5.978098901260992,1.6026544095024375,1.0,0.0,0.0,1.0,0.0,0.0,0.0,0.0,0.0,,0.04544161374004556,0.9065666836106467,0.04799170264930752
expert_advice,byzantine,oracle,23,341,400,0.8390812372453881,6.551308517914326,7.807716615642074,5.890222114665594,1.1050647243018537,1.0,0.0,0.0,1.0,0.0,0.0,0.0,0.0,0.0,,0.045872476199398785,0.9065325824800595,0.04759494132054151
expert_advice,byzantine,oracle,24,354,400,0.8339964533521198,6.514374204190141,7.811033461841021,5.403050327237464,1.9816026734243257,1.0,0.0,0.0,1.0,0.0,0.0,0.0,0.0,0.0,,0.0451630284493504,0.9061873983068317,0.04864957324381769
expert_advice,byzantine,sparse_online,0,42,400,0.8337223487824461,6.660158771162284,7.988461363532675,5.922288948223866,1.630938941806913,1.0,0.0,0.0,1.0,0.0,0.0020191271676278286,0.0,0.0075,0.0,,0.045077814203504006,0.9056466314093083,0.04927555438718745
expert_advice,byzantine,sparse_online,1,55,400,0.8327128303144998,6.671290054057603,8.011513466819027,6.185988611917848,1.03860131088428,1.0,0.0,0.0,1.0,0.0,0.0011589143308849254,0.0,0.0075,0.0,,0.045623941372173835,0.9073827506998589,0.04699330792796705
expert_advice,byzantine,sparse_online,2,68,400,0.8324701825776519,6.464536479785065,7.76548711903211,5.7042922955517,1.8230563531873978,1.0,0.0,0.0,1.0,0.0,0.0035757327664324885,0.0,0.0075,0.0,,0.04491877005436197,0.9048013521549736,0.050279877790664285
expert_advice,byzantine,sparse_online,3,81,400,0.8354470182092212,6.46428143055007,7.737512121841362,5.904528422577608,1.1507454130842536,1.0,0.0,0.0,1.0,0.0,0.0008215868713372259,0.0,0.0025,0.0,,0.045724655942090776,0.9065335377301125,0.04774180632779666
expert_advice,byzantine,sparse_online,4,94,400,0.8356380743290792,6.569169514087118,7.8612616106098345,5.968143790670674,1.4322366237946174,1.0,0.0,0.0,1.0,0.0,0.0020697961600081916,0.0,0.005,0.0,,0.04576179908232543,0.9083502720567392,0.045887928860935075
expert_advice,byzantine,sparse_online,5,107,400,0.8362542350635471,6.5130458265130455,7.788356164220942,5.7431219533282185,1.5701395374850042,1.0,0.0,0.0,1.0,0.0,0.0001509901177584595,0.0,0.0025,0.0,,0.04573514714243911,0.9072370659132963,0.047027786944264474
expert_advice,byzantine,sparse_online,6,120,400,0.8365878510853175,6.494313064253007,7.762858444367607,6.0283404136032095,1.1643421603642752,1.0,0.0,0.0,1.0,0.0,0.0,0.0,0.0,0.0,,0.045630082357958165,0.90670952236807,0.04766039527397174
expert_advice,byzantine,sparse_online,7,133,400,0.8333146544096887,6.567137818662229,7.880742026928976,5.758839683374197,1.8080025974127292,1.0,0.0,0.0,1.0,0.0,0.0008800424963543569,0.0,0.01,0.0,,0.04612797247028415,0.9067746204875513,0.0470974070421643
expert_advice,byzantine,sparse_online,8,146,400,0.834025029729104,6.547059681710221,7.849955874629737,5.879546495823315,1.384891057066505,1.0,0.0,0.0,1.0,0.0,0.003012220001836248,0.0,0.01,0.0,,0.04571213522623346,0.9056915833317593,0.04859628144200712
expert_advice,byzantine,sparse_online,9,159,400,0.8320372142934597,6.563089671156988,7.887976112619147,5.84340935729304,2.280746388285281,1.0,0.0,0.0,1.0,0.0,0.0008117499022341979,0.0,0.0025,0.0,,0.04550285845160071,0.9068261677036941,0.047670973844705
expert_advice,byzantine,sparse_online,10,172,400,0.8387883687033346,6.532793357570613,7.7883690348133,5.545813892358221,1.797367647432039,1.0,0.0,0.0,1.0,0.0,0.00035494261585795146,0.0,0.005,0.0,,0.04497912497999181,0.9060668227072152,0.048954052312792824
expert_advice,byzantine,sparse_online,11,185,400,0.8353498509016851,6.586009865320324,7.8841336455753455,5.909290964350834,1.5277338829599394,1.0,0.0,0.0,1.0,0.0,0.0011548856224997963,0.0,0.0075,0.0,,0.046145740019482503,0.9076352454699625,0.04621901451055482
expert_advice,byzantine,sparse_online,12,198,400,0.8259544909003942,6.5825243237844635,7.969596867992914,5.773026550386321,1.6358599998796688,1.0,0.0,0.0,1.0,0.0,0.003924468227024991,0.0,0.0275,0.0,,0.04558814388357523,0.9051054914760815,0.049306364640343
expert_advice,byzantine,sparse_online,13,211,400,0.8380887698022581,6.3816200395101825,7.614491769190376,5.362575716713199,2.1757236167585745,1.0,0.0,0.0,1.0,0.0,0.0013545686157045897,0.0,0.0075,0.0,,0.04544748100173667,0.9074335584107448,0.04711896058751844
expert_advice,byzantine,sparse_online,14,224,400,0.8349649169019624,6.385044304280085,7.647080943198224,5.937442061947106,0.9241971384464334,1.0,0.0,0.0,1.0,0.0,0.001303707742229992,0.0,0.0075,0.0,,0.04547003730408464,0.9062660237823956,0.048263938913519544
expert_advice,byzantine,sparse_online,15,237,400,0.8320339956614934,6.299386345335326,7.571068463767654,5.397340420945403,1.7544274617412086,1.0,0.0,0.0,1.0,0.0,0.00454013232043928,0.0,0.0175,0.0,,0.04533184392540656,0.90648913859115,0.04817901748344318
expert_advice,byzantine,sparse_online,16,250,400,0.8339184687665075,6.539761507720235,7.842207305221983,5.968002520703175,1.033702776425959,1.0,0.0,0.0,1.0,0.0,0.003959267384981911,0.0,0.0175,0.0,,0.04513329520617401,0.9070297894507456,0.047836915343080176
expert_advice,byzantine,sparse_online,17,263,400,0.8328105102035539,6.697577964156263,8.042139096586634,5.941707583571733,1.6842344022409224,1.0,0.0,0.0,1.0,0.0,0.002366638863709105,0.0,0.0125,0.0,,0.04560505819118898,0.9070441353026353,0.04735080650617557
expert_advice,byzantine,sparse_online,18,276,400,0.8343682616508338,6.6133022409991655,7.92611913103509,5.845183197947944,1.6192625955041633,1.0,0.0,0.0,1.0,0.0,0.0029932890950584616,0.0,0.0075,0.0,,0.0454531984783496,0.906042129410005,0.04850467211164526
expert_advice,byzantine,sparse_online,19,289,400,0.8351461498646696,6.633720025815253,7.943184587380553,5.784273971924207,1.6697721966223806,1.0,0.0,0.0,1.0,0.0,0.0008024825432761143,0.0,0.005,0.0,,0.0451683103014056,0.9065361768299521,0.048295512868642004
expert_advice,byzantine,sparse_online,20,302,400,0.8343564100504159,6.409093012417522,7.681481121515268,5.585467099157865,1.2810445737453175,1.0,0.0,0.0,1.0,0.0,0.0,0.0,0.0,0.0,,0.0450697544982712,0.905817936585855,0.049112308915873565
expert_advice,byzantine,sparse_online,21,315,400,0.8378993121102795,6.437899923293804,7.6833813206979755,5.828036185949913,1.1772077294898242,1.0,0.0,0.0,1.0,0.0,0.0016666997992175598,0.0,0.0025,0.0,,0.045045572836641366,0.9068493831361661,0.04810504402719237
expert_advice,byzantine,sparse_online,22,328,400,0.8347043034188747,6.697205819530885,8.02344709629473,5.9677295886146,1.600975268207824,1.0,0.0,0.0,1.0,0.0,0.00158711985302392,0.0,0.005,0.0,,0.04522620014254823,0.9057641318614225,0.04900966799602914
expert_advice,byzantine,sparse_online,23,341,400,0.8356991750365852,6.524902334611521,7.807716615642074,5.863055491475059,1.107949498659135,1.0,0.0,0.0,1.0,0.0,0.004875712632299138,0.0,0.02,0.0,,0.045124211075607906,0.9041996155749742,0.05067617334941774
expert_advice,byzantine,sparse_online,24,354,400,0.8309339140261431,6.490452607036734,7.811033461841021,5.383305438544511,1.97338778728286,1.0,0.0,0.0,1.0,0.0,0.0034552979829296014,0.0,0.02,0.0,,0.04529057611200609,0.9061214057098758,0.04858801817811782
expert_advice,compound,algorithm1,0,42,400,0.6815557606443254,5.444581861000318,7.988461363532675,4.615912640764253,1.529056854705754,0.5,0.0,0.5,0.5,0.0,0.21639556256476197,0.04476306770264473,2.04,2.0,,0.04487190756159252,0.9057018957546995,0.049426196683707714
expert_advice,compound,algorithm1,1,55,400,0.6167670961421128,4.941237896633402,8.011513466819027,4.432973496646519,1.0759855408179018,0.25,0.0,0.75,0.25,0.0,0.3098795276424951,0.05466825297400723,3.75,3.0,,0.04581008428686869,0.9078816218329205,0.046308293880210585
expert_advice,compound,algorithm1,2,68,400,0.7251678732742181,5.63128177904685,7.76548711903211,4.866837629533038,1.5697818176412355,0.75,0.0,0.25,0.75,0.0,0.15320651043489553,0.02070512392107942,1.1375,1.0,,0.04478452451930256,0.9053393219934057,0.049876153487291665
expert_advice,compound,algorithm1,3,81,400,0.7466698057681644,5.777366673144107,7.737512121841362,5.362594316204642,0.9316313068601749,0.75,0.0,0.25,0.75,0.0,0.13097608101982997,0.23897289489799983,1.1225,1.0,,0.04556486659220373,0.9071476877962958,0.047287445611500264
expert_advice,compound,algorithm1,4,94,400,0.6858958039220312,5.392006352250634,7.8612616106098345,4.850876779952441,1.252766083332462,0.5,0.0,0.5,0.5,0.0,0.21839512378028747,0.042308467790070886,2.0475,2.0,,0.04553600433087514,0.9071072906641444,0.047356705004980314
expert_advice,compound,algorithm1,5,107,400,0.7344480692272125,5.720143147265929,7.788356164220942,5.122940848857326,1.3134652610409985,0.75,0.0,0.25,0.75,0.0,0.14248051168890696,0.021628416104778288,1.0725,1.0,,0.04590060848086894,0.9067040527355306,0.04739533878360032
expert_advice,compound,algorithm1,6,120,400,0.779910077605368,6.054331531786227,7.762858444367607,5.634324239414984,1.061432377611884,1.0,0.0,0.0,1.0,0.0,0.06718855410748972,0.0,0.3775,0.0,,0.04568150366688388,0.9054792566883786,0.048839239644737374
expert_advice,compound,algorithm1,7,133,400,0.7189587206815784,5.665928205702405,7.880742026928976,4.698188904910473,1.6212512547993958,1.0,0.0,0.0,1.0,0.0,0.15301440167438163,0.0,1.3525,0.0,,0.046004946318245,0.9077357392628668,0.04625931441888808
expert_advice,compound,algorithm1,8,146,400,0.7094165372038587,5.568888513782916,7.849955874629737,4.926063176918545,1.3341771152402497,0.75,0.0,0.25,0.75,0.0,0.17396939903381511,0.03107117933141674,1.3375,1.0,,0.04579288654647783,0.906046289543298,0.04816082391022386
expert_advice,compound,algorithm1,9,159,400,0.7096438088654613,5.5976534127988264,7.887976112619147,4.8872205223835765,1.8705084431180454,0.75,0.0,0.25,0.75,0.0,0.1601676198902242,0.023131680142212382,1.42,1.0,,0.0459612389475571,0.9071266509812417,0.04691211007120109
expert_advice,compound,algorithm1,10,172,400,0.6939779745964704,5.404956568189601,7.7883690348133,4.490630228271019,1.81843754179609,0.75,0.0,0.25,0.75,0.0,0.19756313173718476,0.02189466355547382,1.6975,1.0,,0.04550772652114528,0.9063859906275539,0.048106282851300496
expert_advice,compound,algorithm1,11,185,400,0.6828244157641902,5.38347895034678,7.8841336455753455,4.820795642464936,1.25807242408131,0.5,0.0,0.5,0.5,0.0,0.21762586921219382,0.053795655232511966,2.1475,2.0,,0.04613567325363311,0.907353467061908,0.04651085968445876
expert_advice,compound,algorithm1,12,198,400,0.7008375710469027,5.585392911187157,7.969596867992914,4.762562312164517,1.7976323551036346,0.75,0.0,0.25,0.75,0.0,0.17763733820933575,0.020348465600838285,1.5275,1.0,,0.04528708893476972,0.9070874616149162,0.047625449450313974
expert_advice,compound,algorithm1,13,211,400,0.808244784903605,6.154373262139546,7.614491769190376,5.158071719911855,2.1571793320280266,1.0,0.0,0.0,1.0,0.0,0.036219398389938234,0.0,0.1425,0.0,,0.04522412004927625,0.9074537334284483,0.04732214652227535
expert_advice,compound,algorithm1,14,224,400,0.7360532697668449,5.628658932412781,7.647080943198224,5.330598659291418,0.6380535516656938,0.75,0.0,0.25,0.75,0.0,0.1465788780470711,0.7689199488807177,1.1225,1.0,,0.04536534179635458,0.9061793783463193,0.04845527985732584
expert_advice,compound,algorithm1,15,237,400,0.714304384519638,5.408047399167595,7.571068463767654,4.6234344093027335,1.7801809716529409,0.75,0.0,0.25,0.75,0.0,0.15898747936780652,0.02047226224315453,1.1775,1.0,,0.04623472741928574,0.9054425272194976,0.04832274536121642
expert_advice,compound,algorithm1,16,250,400,0.6831353267942408,5.357288850241002,7.842207305221983,5.035555625584843,0.7599986282967128,0.75,0.0,0.25,0.75,0.0,0.20351130487437633,0.02189244915893643,1.58,1.0,,0.04628113276581512,0.9067036415816884,0.04701522565249631
expert_advice,compound,algorithm1,17,263,400,0.6684408389783973,5.375694204903341,8.042139096586634,4.98163765178979,1.2997598151959355,0.5,0.0,0.5,0.5,0.0,0.22384700885192182,0.03764501109899623,2.1675,2.0,,0.04549187040047167,0.9071690371057487,0.04733909249377946
expert_advice,compound,algorithm1,18,276,400,0.7383901778575458,5.852568514885097,7.92611913103509,4.98978264384721,1.6495628273570233,0.75,0.0,0.25,0.75,0.0,0.14382669799936296,0.023190539477573362,1.125,1.0,,0.04597250038208798,0.9065568817007832,0.047470617917128616
expert_advice,compound,algorithm1,19,289,400,0.689846267143964,5.479576236839942,7.943184587380553,4.6246778397776165,1.6530824471000356,0.75,0.0,0.25,0.75,0.0,0.1921633036428915,0.02308638194475694,1.5525,1.0,,0.04551686018127361,0.9049916872474205,0.04949145257130575
expert_advice,compound,algorithm1,20,302,400,0.7255012749544196,5.572924347197632,7.681481121515268,4.849113010477997,1.2057703892807767,0.75,0.0,0.25,0.75,0.0,0.14905428892726313,0.7711263256606761,1.1875,1.0,,0.045855070131946556,0.9054338830832096,0.04871104678484364
expert_advice,compound,algorithm1,21,315,400,0.6860474531143261,5.271164186371034,7.6833813206979755,4.621065840165626,1.1936004045182438,0.5,0.0,0.5,0.5,0.0,0.21235725980475872,0.03841953143939634,2.14,2.0,,0.04548323652538997,0.9075280527954572,0.046988710679152564
expert_advice,compound,algorithm1,22,328,400,0.7064836613558256,5.6684342812850685,8.02344709629473,5.000824163581821,1.589692541931023,0.75,0.0,0.25,0.75,0.0,0.18493545305080378,0.021628244658187183,1.4525,1.0,,0.0457227624417605,0.906420014613399,0.047857222944840336
expert_advice,compound,algorithm1,23,341,400,0.7575385655986313,5.914646445614097,7.807716615642074,5.263287041595982,1.1739263013209618,1.0,0.0,0.0,1.0,0.0,0.09937539381294438,0.0,0.7725,0.0,,0.04557523913874695,0.9060967002634415,0.04832806059781142
expert_advice,compound,algorithm1,24,354,400,0.6920344001839642,5.405503856582024,7.811033461841021,4.480036042054134,1.847315511160815,0.75,0.0,0.25,0.75,0.0,0.18499544369614845,0.020836728146451895,1.385,1.0,,0.045780718354751275,0.9059097502343626,0.04830953141088596
expert_advice,compound,no_trust,0,42,400,0.47129844842761354,3.764949445956888,7.988461363532675,3.2932883965780326,1.053932231957718,0.0,0.0,1.0,0.5,0.0,0.47054290837222906,0.8184381864163848,4.0,4.0,,0.045547493743985645,0.907673511827451,0.04677899442856312
expert_advice,compound,no_trust,1,55,400,0.6084580098557782,4.874669539953471,8.011513466819027,4.347058827326361,1.154411689341372,0.0,0.0,1.0,0.25,0.0,0.32418388133465975,0.06895168143633489,4.0,4.0,,0.04555657331327854,0.9070088815211544,0.047434545165566944
expert_advice,compound,no_trust,2,68,400,0.43469578089720395,3.3756244872548415,7.76548711903211,2.8298181986111333,1.3682188427243327,0.0,0.0,1.0,0.75,0.0,0.5007224030766815,0.813378416513425,4.0,4.0,,0.045828418707846395,0.9074042742191305,0.04676730707302291
expert_advice,compound,no_trust,3,81,400,0.47440527205325517,3.6707165431775106,7.737512121841362,3.2991485157702964,0.7054690002119353,0.0,0.0,1.0,0.75,0.0,0.46970976884192644,0.3873320712411715,4.0,4.0,,0.04601141314975809,0.9078383523670884,0.046150234483153335
expert_advice,compound,no_trust,4,94,400,0.5762440201087342,4.5300049936242734,7.8612616106098345,3.8906174182925186,1.369537718969914,0.0,0.0,1.0,0.5,0.0,0.36225671285442745,0.07143276365929514,4.0,4.0,,0.044982608924653264,0.9070955651781293,0.047921825897217385
expert_advice,compound,no_trust,5,107,400,0.47629809539441453,3.7095792072717826,7.788356164220942,3.4192021982877394,0.9613695951665697,0.0,0.0,1.0,0.75,0.0,0.46978675752087445,0.8287820314017796,4.0,4.0,,0.045540669100668806,0.9081924861294783,0.04626684476985271
expert_advice,compound,no_trust,6,120,400,0.39348465722610976,3.0545656940767993,7.762858444367607,2.7050560403661326,0.6894601110263325,0.0,0.0,1.0,1.0,0.0,0.5382396408675674,0.4513397493592398,4.0,4.0,,0.04533340649929341,0.907301913236128,0.0473646802645784
expert_advice,compound,no_trust,7,133,400,0.4932428992602938,3.8871200456848927,7.880742026928976,3.2209829148132716,1.4653062580888259,0.0,0.0,1.0,1.0,0.0,0.4423807763454077,0.06737942060394893,4.0,4.0,,0.045403369172432075,0.9072480265563593,0.04734860427120847
expert_advice,compound,no_trust,8,146,400,0.5552872475548468,4.358980391050147,7.849955874629737,3.788239308950022,1.1964557775270919,0.0,0.0,1.0,0.75,0.0,0.3778122237782612,0.194437696165278,4.0,4.0,,0.04585718506142105,0.9067147992960755,0.0474280156425033
expert_advice,compound,no_trust,9,159,400,0.5349001728785489,4.219279786301845,7.887976112619147,3.558717068711091,1.5868670670370544,0.0,0.0,1.0,0.75,0.0,0.37637050884330026,0.069762908996305,4.0,4.0,,0.04537162043798138,0.9068842632434634,0.04774411631855506
expert_advice,compound,no_trust,10,172,400,0.5629172260176437,4.384207092278816,7.7883690348133,3.432838007739033,1.9134740551548797,0.0,0.0,1.0,0.75,0.0,0.3697180273652493,0.8204582220001287,4.0,4.0,,0.04531464902517004,0.907564172663697,0.047121178311132626
expert_advice,compound,no_trust,11,185,400,0.5056598263108195,3.9866896498329174,7.8841336455753455,3.305460715159752,1.3613983189864616,0.0,0.0,1.0,0.5,0.0,0.42452432164294107,0.8286113670971462,4.0,4.0,,0.04553620583987044,0.9072430053763995,0.04722078878372996
expert_advice,compound,no_trust,12,198,400,0.4866831352026899,3.8786683900163297,7.969596867992914,3.173733104688848,1.4185659918755,0.0,0.0,1.0,0.75,0.0,0.4506106198863717,0.8174471897014539,4.0,4.0,,0.0457194719004249,0.9074029241692003,0.04687760393037465
expert_advice,compound,no_trust,13,211,400,0.4314347388492731,3.2851562679105895,7.614491769190376,2.9238640154151883,0.8510835444389437,0.0,0.0,1.0,1.0,0.0,0.500734613204965,0.07399167584133952,4.0,4.0,,0.04562054855450446,0.908357528892746,0.04602192255274927
expert_advice,compound,no_trust,14,224,400,0.45522139449330934,3.481114850765907,7.647080943198224,3.1009742980371553,0.9924394692443168,0.0,0.0,1.0,0.75,0.0,0.4968469207975682,0.8227852564323123,4.0,4.0,,0.04509787367903908,0.9077085416246203,0.0471935846963404
expert_advice,compound,no_trust,15,237,400,0.44665137957888634,3.3816281742280223,7.571068463767654,2.7261474141153017,1.632569771721975,0.0,0.0,1.0,0.75,0.0,0.4893246136009883,0.6411037933750517,4.0,4.0,,0.04567122023849549,0.9078139310435176,0.046514848717986716
expert_advice,compound,no_trust,16,250,400,0.4838776043499566,3.7946684836665416,7.842207305221983,3.423915756221797,1.0999549630822076,0.0,0.0,1.0,0.75,0.0,0.45015381039813707,0.07073741770185635,4.0,4.0,,0.04566573430199359,0.9078370116779595,0.04649725402004668
expert_advice,compound,no_trust,17,263,400,0.5123162662548455,4.120118674665381,8.042139096586634,3.704096112092526,1.27586417084434,0.0,0.0,1.0,0.5,0.0,0.4196507208256358,0.8234513766572997,4.0,4.0,,0.0453725400176857,0.9074529961266344,0.04717446385567956
expert_advice,compound,no_trust,18,276,400,0.47800586203472056,3.7887314078203187,7.92611913103509,3.115419275643652,1.3418088686071972,0.0,0.0,1.0,0.75,0.0,0.47198206384039565,0.07064678037385383,4.0,4.0,,0.04538109076720056,0.9071296932379715,0.04748921599482759
expert_advice,compound,no_trust,19,289,400,0.5514539082388352,4.3803001845734855,7.943184587380553,3.4375016230830826,1.4576115182422718,0.0,0.0,1.0,0.75,0.0,0.3794232333093629,0.07067699696985887,4.0,4.0,,0.045587834456206566,0.9073660871398868,0.04704607840390659
expert_advice,compound,no_trust,20,302,400,0.49171097269367314,3.7770685539883595,7.681481121515268,3.2103330493379874,0.9068911089144125,0.0,0.0,1.0,0.75,0.0,0.43737539290601013,0.8172536008177856,4.0,4.0,,0.04527764282414621,0.907656754252183,0.04706560292367075
expert_advice,compound,no_trust,21,315,400,0.5122587951043209,3.9358796576677912,7.6833813206979755,3.317843161430356,1.3587019015608846,0.0,0.0,1.0,0.5,0.0,0.42231790848061096,0.8229724885016507,4.0,4.0,,0.0454192448942225,0.9074783485648359,0.04710240654094147
expert_advice,compound,no_trust,22,328,400,0.5118838220715614,4.107072765840317,8.02344709629473,3.716130742651982,0.7986417162554225,0.0,0.0,1.0,0.75,0.0,0.4311772170390194,0.8317860657784572,4.0,4.0,,0.04581303034197482,0.9074862545584259,0.046700715099599215
expert_advice,compound,no_trust,23,341,400,0.4462415106654982,3.48412725741223,7.807716615642074,3.1434480856499247,0.9673732383154574,0.0,0.0,1.0,1.0,0.0,0.48826123615711886,0.8173606262905788,4.0,4.0,,0.045331491793538035,0.9061574651085621,0.04851104309789964
expert_advice,compound,no_trust,24,354,400,0.49956854448968485,3.902146617492143,7.811033461841021,3.0977778939605374,1.7145327858316204,0.0,0.0,1.0,0.75,0.0,0.43119282378925095,0.06651471845434202,4.0,4.0,,0.045671056783906,0.90724129195243,0.047087651263663835
expert_advice,compound,oracle,0,42,400,0.832775119771299,6.652591868804318,7.988461363532675,5.873240738468625,1.5845202607084339,1.0,0.0,0.0,0.5,0.0,0.0,0.0,0.0,0.0,,0.04529158214974181,0.9072337893703454,0.047474628479912545
expert_advice,compound,oracle,1,55,400,0.8343141630546511,6.684119152870183,8.011513466819027,6.197402686885955,0.9892217827015388,1.0,0.0,0.0,0.25,0.0,0.0,0.0,0.0,0.0,,0.045820953998214106,0.9075685611017661,0.046610484900019636
expert_advice,compound,oracle,2,68,400,0.8330078371301736,6.46871162928716,7.76548711903211,5.6673028046122065,1.6742167274941,1.0,0.0,0.0,0.75,0.0,0.0,0.0,0.0,0.0,,0.04542280996581342,0.9068598388697489,0.04771735116443763
expert_advice,compound,oracle,3,81,400,0.8350860209494433,6.4614882098765865,7.737512121841362,5.885031313505182,1.1681384553336889,1.0,0.0,0.0,0.75,0.0,0.0,0.0,0.0,0.0,,0.04567590078849038,0.9052137774756827,0.04911032173582676
expert_advice,compound,oracle,4,94,400,0.8345333000118647,6.560484594158812,7.8612616106098345,5.933863391570855,1.363621951947069,1.0,0.0,0.0,0.5,0.0,0.0,0.0,0.0,0.0,,0.045261069917940475,0.9072529989735382,0.04748593110852112
expert_advice,compound,oracle,5,107,400,0.8362542836644459,6.513046205034155,7.788356164220942,5.743587658168815,1.5707443809362776,1.0,0.0,0.0,0.75,0.0,0.0,0.0,0.0,0.0,,0.04563037444640552,0.9070643713175562,0.047305254236038194
expert_advice,compound,oracle,6,120,400,0.8326487189290589,6.463734138930315,7.762858444367607,6.027523837776575,1.0789921215097662,1.0,0.0,0.0,1.0,0.0,0.0,0.0,0.0,0.0,,0.045709847365567595,0.9073415733638669,0.04694857927056528
expert_advice,compound,oracle,7,133,400,0.8324870910176349,6.560616005058523,7.880742026928976,5.760612600525269,1.7731987056525584,1.0,0.0,0.0,1.0,0.0,0.0,0.0,0.0,0.0,,0.045275134109347116,0.9077063131702247,0.047018552720428014
expert_advice,compound,oracle,8,146,400,0.8322647362762879,6.533241455779216,7.849955874629737,5.9624564094249655,1.3261944881419225,1.0,0.0,0.0,0.75,0.0,0.0,0.0,0.0,0.0,,0.04606279814718854,0.9068430826842376,0.047094119168573624
expert_advice,compound,oracle,9,159,400,0.8252351617589514,6.5094352432480065,7.887976112619147,5.639865478966084,2.2774896297754985,1.0,0.0,0.0,0.75,0.0,0.0,0.0,0.0,0.0,,0.04525570870666132,0.906280670567918,0.048463620725420604
expert_advice,compound,oracle,10,172,400,0.8364364905556102,6.514476062631222,7.7883690348133,5.593143283109329,1.802067777773373,1.0,0.0,0.0,0.75,0.0,0.0,0.0,0.0,0.0,,0.04526333602950695,0.9075959595598533,0.04714070441063949
expert_advice,compound,oracle,11,185,400,0.8351887338970757,6.584739597323408,7.8841336455753455,5.629044257672143,1.8441437728386783,1.0,0.0,0.0,0.5,0.0,0.0,0.0,0.0,0.0,,0.044910424390504265,0.9067558146448156,0.048333760964680055
expert_advice,compound,oracle,12,198,400,0.8268157995038806,6.589388606133184,7.969596867992914,5.805762375926931,1.773047980353458,1.0,0.0,0.0,0.75,0.0,0.0,0.0,0.0,0.0,,0.045369310888301824,0.9070825103488245,0.04754817876287347
expert_advice,compound,oracle,13,211,400,0.836273684013836,6.367799083713868,7.614491769190376,5.390356329697327,2.113681646544041,1.0,0.0,0.0,1.0,0.0,0.0,0.0,0.0,0.0,,0.04512489989327209,0.906345886249771,0.0485292138569567
expert_advice,compound,oracle,14,224,400,0.8340846353666838,6.378312720127007,7.647080943198224,5.8275455825184475,1.0379796642025312,1.0,0.0,0.0,0.75,0.0,0.0,0.0,0.0,0.0,,0.0454576883498818,0.9067892460725294,0.04775306557758863
expert_advice,compound,oracle,15,237,400,0.833204176103325,6.3082458615753945,7.571068463767654,5.443058674239982,1.6979444864035633,1.0,0.0,0.0,0.75,0.0,0.0,0.0,0.0,0.0,,0.04583325412210845,0.9070128089507665,0.047153936927124766
expert_advice,compound,oracle,16,250,400,0.8352755944555081,6.550404368712621,7.842207305221983,5.97339833010278,1.0465714938568462,1.0,0.0,0.0,0.75,0.0,0.0,0.0,0.0,0.0,,0.04540921080725816,0.9078738998784988,0.04671688931424284
expert_advice,compound,oracle,17,263,400,0.829383397083836,6.670016643747755,8.042139096586634,6.046947871190282,1.3986415810340542,1.0,0.0,0.0,0.5,0.0,0.0,0.0,0.0,0.0,,0.045253012786802015,0.9078241409488212,0.04692284626437654
expert_advice,compound,oracle,18,276,400,0.833960652687385,6.610071483795992,7.92611913103509,5.857744930654742,1.438037499450533,1.0,0.0,0.0,0.75,0.0,0.0,0.0,0.0,0.0,,0.04500710795579591,0.9070202074780067,0.04797268456619719
expert_advice,compound,oracle,19,289,400,0.8309388743580607,6.600300859856294,7.943184587380553,5.722721506564783,1.5257019123377367,1.0,0.0,0.0,0.75,0.0,0.0,0.0,0.0,0.0,,0.04548585359390165,0.9074896318073162,0.047024514598781944
expert_advice,compound,oracle,20,302,400,0.8329765965312916,6.398494000919157,7.681481121515268,5.510400928506478,1.3788931379972436,1.0,0.0,0.0,0.75,0.0,0.0,0.0,0.0,0.0,,0.04503673858241264,0.906717137294877,0.0482461241227101
expert_advice,compound,oracle,21,315,400,0.8368137166007524,6.4295588790340705,7.6833813206979755,5.89267223715597,1.1801231183108944,1.0,0.0,0.0,0.5,0.0,0.0,0.0,0.0,0.0,,0.04514611307654501,0.9072792079416289,0.047574678981826005
expert_advice,compound,oracle,22,328,400,0.8342319152299119,6.693415637887828,8.02344709629473,5.960655372179652,1.5987970779499765,1.0,0.0,0.0,0.75,0.0,0.0,0.0,0.0,0.0,,0.04540667982489459,0.9064735305212389,0.04811978965386626
expert_advice,compound,oracle,23,341,400,0.8368522642536276,6.53390532845074,7.807716615642074,5.882411048178771,1.1793447689961702,1.0,0.0,0.0,1.0,0.0,0.0,0.0,0.0,0.0,,0.045855934286596185,0.9062305176035976,0.04791354810980611
expert_advice,compound,oracle,24,354,400,0.8292898748752262,6.477610962216345,7.811033461841021,5.364631771818867,2.0222003974232816,1.0,0.0,0.0,0.75,0.0,0.0,0.0,0.0,0.0,,0.04509786542064573,0.9060087970805998,0.04889333749875425
expert_advice,compound,sparse_online,0,42,400,0.830253125194566,6.632445012569047,7.988461363532675,5.856519873130253,1.5733568346539597,1.0,0.0,0.0,0.5,0.0,0.002510546100883443,0.0,0.0175,0.0,,0.04493197264796166,0.9060278329188456,0.04904019443319253
expert_advice,compound,sparse_online,1,55,400,0.8283445893083167,6.636293832410255,8.011513466819027,6.158939456143421,0.9611820983977442,1.0,0.0,0.0,0.25,0.0,0.005824562495447554,0.0,0.0375,0.0,,0.04585409802428998,0.9076479751491898,0.04649792682652008
expert_advice,compound,sparse_online,2,68,400,0.8307633909857707,6.451282411663438,7.76548711903211,5.649957450853392,1.6797897910521948,1.0,0.0,0.0,0.75,0.0,0.0003623766770154787,0.0,0.005,0.0,,0.044899050903456514,0.9048969545339759,0.050203994562567474
expert_advice,compound,sparse_online,3,81,400,0.8342962935385221,6.4553776844616335,7.737512121841362,5.878613089471228,1.1678793664518965,1.0,0.0,0.0,0.75,0.0,0.0022865462493099347,0.0,0.0075,0.0,,0.045328715682586826,0.9069441677816296,0.047727116535783355
expert_advice,compound,sparse_online,4,94,400,0.8337413209675477,6.554258639701315,7.8612616106098345,5.926809923347563,1.3614663339038842,1.0,0.0,0.0,0.5,0.0,0.0007926841179358198,0.0,0.005,0.0,,0.04576194122704178,0.9075312012659943,0.0467068575069638
expert_advice,compound,sparse_online,5,107,400,0.8360961047616575,6.5118142514015736,7.788356164220942,5.7426378641399065,1.5709680755081514,1.0,0.0,0.0,0.75,0.0,0.0,0.0,0.0,0.0,,0.04573866892794154,0.9068972011786718,0.047364129893386425
expert_advice,compound,sparse_online,6,120,400,0.8303902253786108,6.44620177320067,7.762858444367607,6.009615639686294,1.0787321257419338,1.0,0.0,0.0,1.0,0.0,0.0025073734668512714,0.0,0.005,0.0,,0.04567642966604248,0.905742573703714,0.04858099663024332
expert_advice,compound,sparse_online,7,133,400,0.8313664150852522,6.5517842471396275,7.880742026928976,5.753303174950921,1.7705984366030334,1.0,0.0,0.0,1.0,0.0,0.0004289666922468716,0.0,0.005,0.0,,0.04591758587722996,0.9077963699417607,0.04628604418100913
expert_advice,compound,sparse_online,8,146,400,0.8299924412223756,6.515404039871864,7.849955874629737,5.948546815166368,1.3121015660208002,1.0,0.0,0.0,0.75,0.0,0.003530173130932933,0.0,0.01,0.0,,0.045782520182662295,0.905488785414926,0.048728694402411545
expert_advice,compound,sparse_online,9,159,400,0.8244664908924585,6.503371985814644,7.887976112619147,5.633865442606074,2.2752911768831705,1.0,0.0,0.0,0.75,0.0,0.0008692606647255683,0.0,0.005,0.0,,0.04561707671616578,0.9076721512585942,0.04671077202523987
expert_advice,compound,sparse_online,10,172,400,0.8342641300397518,6.497556917257059,7.7883690348133,5.574805863213632,1.8009824352973656,1.0,0.0,0.0,0.75,0.0,0.0029031980117640212,0.0,0.0125,0.0,,0.044924566738549394,0.9063307216126859,0.04874471164876461
expert_advice,compound,sparse_online,11,185,400,0.8336815276539069,6.572856581870821,7.8841336455753455,5.618990680310426,1.8441158737030499,1.0,0.0,0.0,0.5,0.0,0.0006431581824134236,0.0,0.0075,0.0,,0.045625609266657347,0.9075460974079441,0.04682829332539835
expert_advice,compound,sparse_online,12,198,400,0.8241184110787528,6.567891507788525,7.969596867992914,5.764709453836587,1.7949364640367698,1.0,0.0,0.0,0.75,0.0,0.0034223462497814027,0.0,0.02,0.0,,0.045201063478962966,0.9066023905465262,0.04819654597451065
expert_advice,compound,sparse_online,13,211,400,0.8346979809995599,6.355800906080974,7.614491769190376,5.379610848678842,2.1122031505876144,1.0,0.0,0.0,1.0,0.0,0.002619249800343128,0.0,0.01,0.0,,0.04528258292642011,0.9078479802593387,0.04686943681424108
expert_advice,compound,sparse_online,14,224,400,0.8309629008331886,6.354440563466192,7.647080943198224,5.805348992586015,1.0386687680385727,1.0,0.0,0.0,0.75,0.0,0.0046535120516371055,0.0,0.015,0.0,,0.04542195310581814,0.9062068039006147,0.048371242993566946
expert_advice,compound,sparse_online,15,237,400,0.832655507274857,6.304091852311129,7.571068463767654,5.439435227425039,1.6973855168453902,1.0,0.0,0.0,0.75,0.0,0.0005413223570056333,0.0,0.005,0.0,,0.04608914390628959,0.9069494457572972,0.04696141033641311
expert_advice,compound,sparse_online,16,250,400,0.834353745087939,6.543175034867955,7.842207305221983,5.967125535337806,1.0438572652962712,1.0,0.0,0.0,0.75,0.0,0.0014300772607465683,0.0,0.01,0.0,,0.045390076767722304,0.9079035264652003,0.04670639676707717
expert_advice,compound,sparse_online,17,263,400,0.823004403639084,6.618715891168844,8.042139096586634,5.999945288450682,1.3864146582942496,1.0,0.0,0.0,0.5,0.0,0.00547974678873216,0.0,0.015,0.0,,0.045525862938470746,0.9060230414349587,0.048451095626570434
expert_advice,compound,sparse_online,18,276,400,0.8303268865573203,6.5812698205547795,7.92611913103509,5.835133704507502,1.4308552813016489,1.0,0.0,0.0,0.75,0.0,0.004288276808829063,0.0,0.01,0.0,,0.045939503601973,0.9051838628255495,0.048876633572477284
expert_advice,compound,sparse_online,19,289,400,0.8289459970489739,6.584471067530214,7.943184587380553,5.704277681980338,1.5340269834066689,1.0,0.0,0.0,0.75,0.0,0.0031627568439799012,0.0,0.0125,0.0,,0.045269334214159775,0.9058607111879298,0.048869954597910284
expert_advice,compound,sparse_online,20,302,400,0.8325868428907106,6.395500115686992,7.681481121515268,5.50640783284892,1.3769906879827323,1.0,0.0,0.0,0.75,0.0,0.0008960161427394747,0.0,0.005,0.0,,0.045352730803443216,0.9066189039511631,0.04802836524539363
expert_advice,compound,sparse_online,21,315,400,0.8355986938704076,6.420223396083516,7.6833813206979755,5.882779085826369,1.1824453558358394,1.0,0.0,0.0,0.5,0.0,0.0020518401333891735,0.0,0.0125,0.0,,0.04503534404696232,0.9067866313456697,0.04817802460736772
expert_advice,compound,sparse_online,22,328,400,0.8321204942454921,6.676474763321329,8.02344709629473,5.944902096490852,1.5946705849372922,1.0,0.0,0.0,0.75,0.0,0.002512630438905757,0.0,0.01,0.0,,0.04532251753759201,0.9057361958734694,0.04894128658893835
expert_advice,compound,sparse_online,23,341,400,0.8345647566234542,6.516045117118227,7.807716615642074,5.864959933929815,1.1840260404274972,1.0,0.0,0.0,1.0,0.0,0.0036293984393496936,0.0,0.0125,0.0,,0.04569999354540119,0.9055415044791074,0.04875850197549122
expert_advice,compound,sparse_online,24,354,400,0.8262055601954077,6.4535192770454355,7.811033461841021,5.343971824385295,2.0228103216889552,1.0,0.0,0.0,0.75,0.0,0.0032019512994488374,0.0,0.0125,0.0,,0.04560348869532034,0.9044162365463861,0.04998027475829327
expert_advice,reputation_poison,algorithm1,0,42,400,0.639042535163674,5.104966601808981,7.988461363532675,4.370619146468808,1.412359082893894,0.0,0.0,1.0,0.0,0.0,0.30397022536308715,0.07607121497128139,3.995,4.0,,0.04527126641972543,0.9074946849037713,0.04723404867650313
expert_advice,reputation_poison,algorithm1,1,55,400,0.6465436990065279,5.179793551477785,8.011513466819027,4.56691898826434,1.0450718445239726,0.0,0.0,1.0,0.0,0.0,0.2972090773352695,0.07071441480055306,3.99,4.0,,0.04599031033294009,0.9077612418728092,0.04624844779425063
expert_advice,reputation_poison,algorithm1,2,68,400,0.6432302007308833,4.994995838348113,7.76548711903211,4.173666313189744,1.7816159739161428,0.0,0.0,1.0,0.0,0.0,0.2947026463123709,0.06995992907297979,3.9875,4.0,,0.04501055935002359,0.9059092042761893,0.04908023637378693
expert_advice,reputation_poison,algorithm1,3,81,400,0.6576985330033809,5.088950371630941,7.737512121841362,4.491603664651223,1.0749980273676858,0.0,0.0,1.0,0.0,0.0,0.28666286100895944,0.8215522695392934,3.995,4.0,,0.04563229874572596,0.9081579066961809,0.04620979455809288
expert_advice,reputation_poison,algorithm1,4,94,400,0.6489525560119122,5.101585815683573,7.8612616106098345,4.478612124253486,1.594029687411819,0.0,0.0,1.0,0.0,0.0,0.29359241559117927,0.8195234248036479,3.9925,4.0,,0.04593975279150731,0.9078676359872668,0.04619261122122564
expert_advice,reputation_poison,algorithm1,5,107,400,0.643141031567942,5.009011417675596,7.788356164220942,4.178345797686102,1.4705257925518112,0.0,0.0,1.0,0.0,0.0,0.2995361260302044,0.817773402216587,3.9875,4.0,,0.045773958675091445,0.9072782725977521,0.046947768727156246
expert_advice,reputation_poison,algorithm1,6,120,400,0.6497504976294276,5.043921137254657,7.762858444367607,4.7111079721243545,0.7816243078217369,0.0,0.0,1.0,0.0,0.0,0.29410528444550066,0.07013147640701217,3.9875,4.0,,0.04544935789061105,0.9074121038747791,0.04713853823460971
expert_advice,reputation_poison,algorithm1,7,133,400,0.6382449631798549,5.02984390480722,7.880742026928976,4.220943353745602,1.4767212780986023,0.0,0.0,1.0,0.0,0.0,0.30528345459548833,0.0696833237920051,3.99,4.0,,0.04603491695087837,0.9076365897950599,0.04632849325406152
expert_advice,reputation_poison,algorithm1,8,146,400,0.6529836807555743,5.12589308078457,7.849955874629737,4.468278685519647,1.2630937871183976,0.0,0.0,1.0,0.0,0.0,0.2950772055543282,0.32277306922673693,3.9975,4.0,,0.04589815855473251,0.9073434610645846,0.046758380380682724
expert_advice,reputation_poison,algorithm1,9,159,400,0.6453731971120621,5.0906883625445944,7.887976112619147,4.166435169052154,2.282603623997569,0.0,0.0,1.0,0.0,0.0,0.2999398405092888,0.07193403198920677,3.9825,4.0,,0.04542854468969064,0.907103986673443,0.04746746863686615
expert_advice,reputation_poison,algorithm1,10,172,400,0.6369188576889078,4.960559108912948,7.7883690348133,4.054757234346899,1.6677763796185001,0.0,0.0,1.0,0.0,0.0,0.3110220358826925,0.8233768020594214,3.995,4.0,,0.04505991159033005,0.9069759772486142,0.047964111161055596
expert_advice,reputation_poison,algorithm1,11,185,400,0.6622084054673867,5.220939569928224,7.8841336455753455,4.568066287379464,1.317225146376975,0.0,0.0,1.0,0.0,0.0,0.28219059871932284,0.8260165486773856,3.9925,4.0,,0.045235100154867605,0.9076619163436779,0.04710298350145436
expert_advice,reputation_poison,algorithm1,12,198,400,0.6471168418938681,5.157260356382837,7.969596867992914,4.359586895814788,1.4968081019936381,0.0,0.0,1.0,0.0,0.0,0.2952532663351808,0.07044370090707566,3.995,4.0,,0.04515057357911603,0.9077131747590687,0.04713625166181508
expert_advice,reputation_poison,algorithm1,13,211,400,0.6340771959923756,4.828175589915257,7.614491769190376,3.8985139289217337,1.7854535390358368,0.0,0.0,1.0,0.0,0.0,0.3079082053870187,0.8147873086240991,3.9925,4.0,,0.04534766122658828,0.9081001288768533,0.04655220989655825
expert_advice,reputation_poison,algorithm1,14,224,400,0.6623289853694004,5.0648833621461575,7.647080943198224,4.716613834147721,0.9726558572327315,0.0,0.0,1.0,0.0,0.0,0.2901760226114347,0.822816852173837,3.9925,4.0,,0.04518797365156968,0.9059362489768907,0.04887577737153953
expert_advice,reputation_poison,algorithm1,15,237,400,0.6420833468322458,4.861256978312005,7.571068463767654,4.161415599327359,1.5237048680429641,0.0,0.0,1.0,0.0,0.0,0.3030613626356484,0.06883478541810059,3.99,4.0,,0.04620291608515066,0.9075644352210452,0.046232648693804036
expert_advice,reputation_poison,algorithm1,16,250,400,0.6437357776164977,5.048309417856852,7.842207305221983,4.548446069209447,0.8548388026529441,0.0,0.0,1.0,0.0,0.0,0.29962667347418,0.07179260626775062,3.9925,4.0,,0.04572926149512412,0.9082166602251068,0.046054078279768845
expert_advice,reputation_poison,algorithm1,17,263,400,0.6397812768016243,5.145210019430459,8.042139096586634,4.656958668049847,1.2305477117553494,0.0,0.0,1.0,0.0,0.0,0.3067530795288326,0.8200630467763463,4.0,4.0,,0.04553979472963774,0.9069972731559346,0.047462932114427384
expert_advice,reputation_poison,algorithm1,18,276,400,0.6611232630318264,5.240141743088904,7.92611913103509,4.477480945238277,1.384282431578855,0.0,0.0,1.0,0.0,0.0,0.28404264123616696,0.07140114452599151,3.99,4.0,,0.045410248416971034,0.907048694397577,0.0475410571854518
expert_advice,reputation_poison,algorithm1,19,289,400,0.6437382995122549,5.113332138992309,7.943184587380553,4.311484341240509,1.6258186365429594,0.0,0.0,1.0,0.0,0.0,0.2993067568847962,0.07335376643953262,3.99,4.0,,0.045523693930244455,0.9061203440642102,0.04835596200554515
expert_advice,reputation_poison,algorithm1,20,302,400,0.6455352337546049,4.958666711358942,7.681481121515268,4.405306090516091,1.1046696131661378,0.0,0.0,1.0,0.0,0.0,0.2917971122384147,0.8205762039533884,3.995,4.0,,0.04513881468805879,0.9059168506035572,0.0489443347083839
expert_advice,reputation_poison,algorithm1,21,315,400,0.6595682641237277,5.067714480293438,7.6833813206979755,4.348177022276826,1.641912270441817,0.0,0.0,1.0,0.0,0.0,0.281217203389966,0.8180655126486126,3.995,4.0,,0.04525362382399782,0.9073729615137083,0.04737341466229369
expert_advice,reputation_poison,algorithm1,22,328,400,0.6479001586156437,5.198392646333581,8.02344709629473,4.604122870035324,1.1211479764719234,0.0,0.0,1.0,0.0,0.0,0.3018444662549485,0.834033452168411,4.0,4.0,,0.04548456754309383,0.9076529525515261,0.046862479905379874
expert_advice,reputation_poison,algorithm1,23,341,400,0.6511188187710234,5.08375122007576,7.807716615642074,4.59676251657923,0.927453327089963,0.0,0.0,1.0,0.0,0.0,0.29303339210704393,0.07218122493003445,3.9975,4.0,,0.045208500908707865,0.9052777309390144,0.049513768152277544
expert_advice,reputation_poison,algorithm1,24,354,400,0.6517164935209018,5.09057933852546,7.811033461841021,4.046990233434361,1.8768923751651734,0.0,0.0,1.0,0.0,0.0,0.2879128044671797,0.06846617388028882,4.0,4.0,,0.04519115652668886,0.9070161970198528,0.04779264645345822
expert_advice,reputation_poison,no_trust,0,42,400,0.6389736228011675,5.104416098063628,7.988461363532675,4.370410230949198,1.411459015990201,0.0,0.0,1.0,0.0,0.0,0.30358684922660745,0.07607357394009556,4.0,4.0,,0.045283019174497514,0.9076991465310433,0.04701783429445893
expert_advice,reputation_poison,no_trust,1,55,400,0.6478074425172908,5.189918049632868,8.011513466819027,4.576674692121966,1.0451140615525576,0.0,0.0,1.0,0.0,0.0,0.29717787512323607,0.0707195937032507,4.0,4.0,,0.045746558968845503,0.9079046145368346,0.04634882649431964
expert_advice,reputation_poison,no_trust,2,68,400,0.6453526288599891,5.011477526645756,7.76548711903211,4.188151236969769,1.782889607342744,0.0,0.0,1.0,0.0,0.0,0.2933692141962806,0.06996171222908501,4.0,4.0,,0.04514075785617431,0.9070396768649276,0.047819565278897934
expert_advice,reputation_poison,no_trust,3,81,400,0.6577842346442849,5.089613489116297,7.737512121841362,4.491832123437823,1.0752471925174278,0.0,0.0,1.0,0.0,0.0,0.28672353418009455,0.8215529967650319,4.0,4.0,,0.04552953123671173,0.9078972172975166,0.04657325146577148
expert_advice,reputation_poison,no_trust,4,94,400,0.6493930410115054,5.105048583500925,7.8612616106098345,4.482272703388418,1.594140662597602,0.0,0.0,1.0,0.0,0.0,0.2933320902689266,0.819525108687027,4.0,4.0,,0.045066458376161585,0.9069947585196233,0.04793878310421494
expert_advice,reputation_poison,no_trust,5,107,400,0.643196163330448,5.009440803477955,7.788356164220942,4.179175065167209,1.4708124061008654,0.0,0.0,1.0,0.0,0.0,0.2995149307342943,0.8177767430480185,4.0,4.0,,0.045342532787520276,0.9072566903903397,0.04740077682213984
expert_advice,reputation_poison,no_trust,6,120,400,0.6500045131182853,5.045893023537336,7.762858444367607,4.7158031173473915,0.7654927986560063,0.0,0.0,1.0,0.0,0.0,0.2940346654936327,0.07012494307957609,4.0,4.0,,0.04571440650737336,0.9080591597678495,0.04622643372477708
expert_advice,reputation_poison,no_trust,7,133,400,0.639134982027951,5.03685791374817,7.880742026928976,4.228698793620708,1.4752431399682964,0.0,0.0,1.0,0.0,0.0,0.3055925628916022,0.0696870932849033,4.0,4.0,,0.04536221859336772,0.9081882657173534,0.04644951568927866
expert_advice,reputation_poison,no_trust,8,146,400,0.6527704571598238,5.1242192849664985,7.849955874629737,4.466559887654098,1.2628320039542213,0.0,0.0,1.0,0.0,0.0,0.29532314797099235,0.32235686840730293,4.0,4.0,,0.04615086050612437,0.9071223822937066,0.046726757200168854
expert_advice,reputation_poison,no_trust,9,159,400,0.645630416929594,5.092717306320978,7.887976112619147,4.168597788129847,2.2816299175683747,0.0,0.0,1.0,0.0,0.0,0.30014498637965636,0.071933173803423,4.0,4.0,,0.04530958459794357,0.9074128449972565,0.04727757040479978
expert_advice,reputation_poison,no_trust,10,172,400,0.6371433387628554,4.962307450358184,7.7883690348133,4.057692037908128,1.666517107197076,0.0,0.0,1.0,0.0,0.0,0.3108338618142778,0.8233763383737434,4.0,4.0,,0.045325082232165616,0.9079546684348597,0.04672024933297456
expert_advice,reputation_poison,no_trust,11,185,400,0.663368582610255,5.230086561575139,7.8841336455753455,4.578511476059422,1.3136664777722533,0.0,0.0,1.0,0.0,0.0,0.2826876617720001,0.8260345394594216,4.0,4.0,,0.045113743254071643,0.9071407626405009,0.04774549410542732
expert_advice,reputation_poison,no_trust,12,198,400,0.6469371227494802,5.155828067252605,7.969596867992914,4.3585850346176835,1.4969765600746587,0.0,0.0,1.0,0.0,0.0,0.2952094009691739,0.07044235922302883,4.0,4.0,,0.04552848589214405,0.9078342611142,0.04663725299365582
expert_advice,reputation_poison,no_trust,13,211,400,0.6340758504739283,4.8281653444761155,7.614491769190376,3.898207256461439,1.7858850647711924,0.0,0.0,1.0,0.0,0.0,0.3082988626328271,0.8147873794632867,4.0,4.0,,0.045330559002933424,0.9074268083984223,0.04724263259864411
expert_advice,reputation_poison,no_trust,14,224,400,0.6626733318674924,5.067516607689574,7.647080943198224,4.719327660449087,0.9734342352114593,0.0,0.0,1.0,0.0,0.0,0.2902862653302439,0.8228210755475769,4.0,4.0,,0.04525753445381996,0.9072815410887991,0.04746092445738079
expert_advice,reputation_poison,no_trust,15,237,400,0.6422609388133194,4.862601539359329,7.571068463767654,4.16243554656094,1.5234507197280678,0.0,0.0,1.0,0.0,0.0,0.3028332674167911,0.06883392774598175,4.0,4.0,,0.04590344914074151,0.9077722706144524,0.04632428024480587
expert_advice,reputation_poison,no_trust,16,250,400,0.6437339802653569,5.048295322656606,7.842207305221983,4.548840610571194,0.853415296321959,0.0,0.0,1.0,0.0,0.0,0.2993519240187764,0.07179212441114362,4.0,4.0,,0.04538427579895474,0.9076486610406169,0.04696706316042816
expert_advice,reputation_poison,no_trust,17,263,400,0.6399076415672755,5.146226262452733,8.042139096586634,4.658037196835144,1.2296217950182564,0.0,0.0,1.0,0.0,0.0,0.3070941853925722,0.8200653340839275,4.0,4.0,,0.04544315360340904,0.9078942264521369,0.04666261994445388
expert_advice,reputation_poison,no_trust,18,276,400,0.6608198729708881,5.237737037322734,7.92611913103509,4.475164992898337,1.383652561351263,0.0,0.0,1.0,0.0,0.0,0.284088359792834,0.071400890912292,4.0,4.0,,0.045053333465816116,0.9068195244123146,0.04812714212186915
expert_advice,reputation_poison,no_trust,19,289,400,0.6438389746851041,5.114131820473617,7.943184587380553,4.309699119892478,1.6302446764298493,0.0,0.0,1.0,0.0,0.0,0.29934727421140983,0.07335423891971456,4.0,4.0,,0.04567348334328198,0.9075863069518135,0.04674020970490428
expert_advice,reputation_poison,no_trust,20,302,400,0.6454160336775023,4.9577510782169965,7.681481121515268,4.405003819325518,1.1032505097224945,0.0,0.0,1.0,0.0,0.0,0.2915993239716191,0.8205798798071398,4.0,4.0,,0.04515135418391429,0.9066209157767591,0.04822773003932643
expert_advice,reputation_poison,no_trust,21,315,400,0.6595669304364248,5.067704233065327,7.6833813206979755,4.34835787705633,1.6419203090375385,0.0,0.0,1.0,0.0,0.0,0.28139471698840524,0.8180645986386667,4.0,4.0,,0.04524264089079901,0.9079223246612008,0.046835034447999885
expert_advice,reputation_poison,no_trust,22,328,400,0.6478503289234089,5.19799284043411,8.02344709629473,4.603852257532139,1.1210762912158154,0.0,0.0,1.0,0.0,0.0,0.30181995395993905,0.834033060755389,4.0,4.0,,0.04555044301933456,0.9078434296877154,0.04660612729294988
expert_advice,reputation_poison,no_trust,23,341,400,0.6510657665495605,5.083337003364747,7.807716615642074,4.596398934630524,0.9275217490132972,0.0,0.0,1.0,0.0,0.0,0.2930801689134636,0.07218207833314365,4.0,4.0,,0.04523793783897852,0.9054910029660175,0.04927105919500377
expert_advice,reputation_poison,no_trust,24,354,400,0.651702540267616,5.090470349197144,7.811033461841021,4.046900220435943,1.8768681287463815,0.0,0.0,1.0,0.0,0.0,0.28790017532523204,0.06846619951350388,4.0,4.0,,0.04519001639117942,0.9069949183212414,0.04781506528757898
expert_advice,reputation_poison,oracle,0,42,400,0.8360846825152083,6.679030182914224,7.988461363532675,5.940055106296372,1.6355039461703393,1.0,0.0,0.0,0.0,0.0,0.0,0.0,0.0,0.0,,0.04529607132948174,0.9070083623241096,0.04769556634640846
expert_advice,reputation_poison,oracle,1,55,400,0.8352274677324959,6.691436105596045,8.011513466819027,6.207321932024397,1.0513390272182397,1.0,0.0,0.0,0.0,0.0,0.0,0.0,0.0,0.0,,0.04580971408532774,0.9076350434198036,0.046555242494868504
expert_advice,reputation_poison,oracle,2,68,400,0.8365057334594189,6.495874498175625,7.76548711903211,5.728037104006642,1.825113480046852,1.0,0.0,0.0,0.0,0.0,0.0,0.0,0.0,0.0,,0.04541498913580508,0.9068246456277084,0.04776036523648644
expert_advice,reputation_poison,oracle,3,81,400,0.8358930340957055,6.467732483878276,7.737512121841362,5.9082525112586906,1.150567625245026,1.0,0.0,0.0,0.0,0.0,0.0,0.0,0.0,0.0,,0.045705272931315793,0.9056056931433567,0.048689033925327335
expert_advice,reputation_poison,oracle,4,94,400,0.8370030903922531,6.579900262462412,7.8612616106098345,5.975632565947415,1.4341724207637103,1.0,0.0,0.0,0.0,0.0,0.0,0.0,0.0,0.0,,0.045329296544815934,0.907445194068751,0.047225509386432926
expert_advice,reputation_poison,oracle,5,107,400,0.8363008438611518,6.513408832429177,7.788356164220942,5.743401028530841,1.5702197793636161,1.0,0.0,0.0,0.0,0.0,0.0,0.0,0.0,0.0,,0.045626254583033675,0.9072130430407668,0.04716070237619935
expert_advice,reputation_poison,oracle,6,120,400,0.836466651836055,6.493372211637419,7.762858444367607,6.028140696367989,1.1633725885823143,1.0,0.0,0.0,0.0,0.0,0.0,0.0,0.0,0.0,,0.04576902485692342,0.907718286250024,0.04651268889305248
expert_advice,reputation_poison,oracle,7,133,400,0.8352169794657393,6.582129551680327,7.880742026928976,5.770617562459942,1.8112309796635646,1.0,0.0,0.0,0.0,0.0,0.0,0.0,0.0,0.0,,0.04528496994551294,0.907779140291829,0.04693588976265781
expert_advice,reputation_poison,oracle,8,146,400,0.8361995215264008,6.564129346368745,7.849955874629737,5.906373677615402,1.3973804404789192,1.0,0.0,0.0,0.0,0.0,0.0,0.0,0.0,0.0,,0.04609960315317443,0.907030634375553,0.04686976247127246
expert_advice,reputation_poison,oracle,9,159,400,0.8326886874890014,6.5682284761614325,7.887976112619147,5.84893020513558,2.2795110632496653,1.0,0.0,0.0,0.0,0.0,0.0,0.0,0.0,0.0,,0.04528441632082472,0.906447207275081,0.04826837640409409
expert_advice,reputation_poison,oracle,10,172,400,0.8395996788302534,6.5391121402407375,7.7883690348133,5.5524259694125,1.7943427520985002,1.0,0.0,0.0,0.0,0.0,0.0,0.0,0.0,0.0,,0.045278307982179966,0.9078142896362362,0.04690740238158362
expert_advice,reputation_poison,oracle,11,185,400,0.8373414168921646,6.6017116377532465,7.8841336455753455,5.921074754745797,1.531594332384409,1.0,0.0,0.0,0.0,0.0,0.0,0.0,0.0,0.0,,0.04498860564198742,0.9070700285959825,0.047941365762029856
expert_advice,reputation_poison,oracle,12,198,400,0.8309623352202821,6.622434824191638,7.969596867992914,5.812303258428953,1.6376444150087854,1.0,0.0,0.0,0.0,0.0,0.0,0.0,0.0,0.0,,0.04538663496327783,0.9071680700662736,0.0474452949704484
expert_advice,reputation_poison,oracle,13,211,400,0.8391739857936374,6.3898834077443345,7.614491769190376,5.370713556328607,2.1766516565898337,1.0,0.0,0.0,0.0,0.0,0.0,0.0,0.0,0.0,,0.04518092623069258,0.9065184368792139,0.04830063689009336
expert_advice,reputation_poison,oracle,14,224,400,0.8361762668707268,6.394307595541767,7.647080943198224,5.94790752261611,0.9222800271544385,1.0,0.0,0.0,0.0,0.0,0.0,0.0,0.0,0.0,,0.04544996546772051,0.9069038598125367,0.0476461747197426
expert_advice,reputation_poison,oracle,15,237,400,0.8350878369691859,6.322507186953347,7.571068463767654,5.420899902918534,1.7549701867904997,1.0,0.0,0.0,0.0,0.0,0.0,0.0,0.0,0.0,,0.04594802675080974,0.9071549295212011,0.04689704372798885
expert_advice,reputation_poison,oracle,16,250,400,0.836856045574824,6.562798594026066,7.842207305221983,5.988127601985385,1.04098236614952,1.0,0.0,0.0,0.0,0.0,0.0,0.0,0.0,0.0,,0.04539808482567958,0.9080140491172997,0.04658786605702058
expert_advice,reputation_poison,oracle,17,263,400,0.8354680652124763,6.718950391194848,8.042139096586634,5.960861476527285,1.6921427678539072,1.0,0.0,0.0,0.0,0.0,0.0,0.0,0.0,0.0,,0.045254634992534466,0.9077138345842007,0.047031530423264585
expert_advice,reputation_poison,oracle,18,276,400,0.8370026331937221,6.634182583683508,7.92611913103509,5.866853484874842,1.6150228316832314,1.0,0.0,0.0,0.0,0.0,0.0,0.0,0.0,0.0,,0.045050803814554,0.9071865494223451,0.04776264676310078
expert_advice,reputation_poison,oracle,19,289,400,0.8355396964319658,6.636846038843016,7.943184587380553,5.790566711972053,1.665857132642473,1.0,0.0,0.0,0.0,0.0,0.0,0.0,0.0,0.0,,0.04555642735442133,0.9076539831856423,0.04678958945993632
expert_advice,reputation_poison,oracle,20,302,400,0.8342321970428928,6.4081388725451855,7.681481121515268,5.584848862106589,1.2817633201505618,1.0,0.0,0.0,0.0,0.0,0.0,0.0,0.0,0.0,,0.045072728859052766,0.9068710167186859,0.04805625442226119
expert_advice,reputation_poison,oracle,21,315,400,0.8390424642150897,6.44668319682262,7.6833813206979755,5.837488083602542,1.1773090505692725,1.0,0.0,0.0,0.0,0.0,0.0,0.0,0.0,0.0,,0.04514622337229558,0.9074379465483962,0.04741583007930808
expert_advice,reputation_poison,oracle,22,328,400,0.8361161339717722,6.708533567280991,8.02344709629473,5.978098901260992,1.6026544095024375,1.0,0.0,0.0,0.0,0.0,0.0,0.0,0.0,0.0,,0.04544161374004556,0.9065666836106467,0.04799170264930752
expert_advice,reputation_poison,oracle,23,341,400,0.8390812372453881,6.551308517914326,7.807716615642074,5.890222114665594,1.1050647243018537,1.0,0.0,0.0,0.0,0.0,0.0,0.0,0.0,0.0,,0.045872476199398785,0.9065325824800595,0.04759494132054151
expert_advice,reputation_poison,oracle,24,354,400,0.8339964533521198,6.514374204190141,7.811033461841021,5.403050327237464,1.9816026734243257,1.0,0.0,0.0,0.0,0.0,0.0,0.0,0.0,0.0,,0.0451630284493504,0.9061873983068317,0.04864957324381769
expert_advice,reputation_poison,sparse_online,0,42,400,0.8358475016465826,6.677135472709039,7.988461363532675,5.939259013947129,1.6335718674258928,1.0,0.0,0.0,0.0,0.0,0.001015543135825179,0.0,0.025,0.0,,0.04514968681917326,0.9065965680614403,0.04825374511938633
expert_advice,reputation_poison,sparse_online,1,55,400,0.8330218235354424,6.673765557408339,8.011513466819027,6.188241273094888,1.0403592363006373,1.0,0.0,0.0,0.0,0.0,0.001365127099522544,0.0,0.02,0.0,,0.04603984512440459,0.9074712095993179,0.04648894527627727
expert_advice,reputation_poison,sparse_online,2,68,400,0.8337899834291603,6.474785376297141,7.76548711903211,5.714097461881149,1.8267627826856527,1.0,0.0,0.0,0.0,0.0,0.003263595245409141,0.0,0.0225,0.0,,0.04517057692400936,0.9070224452536344,0.047806977822356114
expert_advice,reputation_poison,sparse_online,3,81,400,0.8351734270872665,6.462164515927517,7.737512121841362,5.902249210624806,1.1508822842412059,1.0,0.0,0.0,0.0,0.0,0.002374444479148517,0.0,0.0275,0.0,,0.045744022817127285,0.9079866678371852,0.046269309345687425
expert_advice,reputation_poison,sparse_online,4,94,400,0.8354462611239791,6.567661620301457,7.8612616106098345,5.9614178270100835,1.4345982726331608,1.0,0.0,0.0,0.0,0.0,0.0019725195724487415,0.0,0.0225,0.0,,0.046057794487743386,0.9076486258068741,0.04629357970538237
expert_advice,reputation_poison,sparse_online,5,107,400,0.8359211039480653,6.510451282736289,7.788356164220942,5.740902310103217,1.568590309979764,1.0,0.0,0.0,0.0,0.0,0.0008761533702843847,0.0,0.0175,0.0,,0.046217533683061036,0.9074159847755303,0.046366481541408495
expert_advice,reputation_poison,sparse_online,6,120,400,0.8357096484527189,6.487495701530674,7.762858444367607,6.028372705786455,1.1558045726395427,1.0,0.0,0.0,0.0,0.0,0.0015490542189625866,0.0,0.02,0.0,,0.04557304217269818,0.9068744551914598,0.047552502635841855
expert_advice,reputation_poison,sparse_online,7,133,400,0.8331150224810063,6.5655645709319455,7.880742026928976,5.757477974665472,1.80728287542882,1.0,0.0,0.0,0.0,0.0,0.0014613563654993233,0.0,0.02,0.0,,0.04605010871240253,0.906638718065508,0.047311173222089255
expert_advice,reputation_poison,sparse_online,8,146,400,0.8342280718750221,6.548653553596369,7.849955874629737,5.890173099452978,1.3919125040890235,1.0,0.0,0.0,0.0,0.0,0.00298136873796822,0.0,0.0275,0.0,,0.045857255887526024,0.9070384607008662,0.047104283411607585
expert_advice,reputation_poison,sparse_online,9,159,400,0.8315553301341317,6.55928858041916,7.887976112619147,5.8398142995246625,2.281043300584046,1.0,0.0,0.0,0.0,0.0,0.001757347053144598,0.0,0.0125,0.0,,0.04538376068946036,0.9070701802620307,0.047546059048508706
expert_advice,reputation_poison,sparse_online,10,172,400,0.837051378646262,6.5192650379963295,7.7883690348133,5.534238499038948,1.7932702542205936,1.0,0.0,0.0,0.0,0.0,0.0035756910504390147,0.0,0.025,0.0,,0.044919747342241835,0.9062903893192003,0.048789863338557726
expert_advice,reputation_poison,sparse_online,11,185,400,0.8346557472007698,6.580537458978419,7.8841336455753455,5.907872490280194,1.5195239988225815,1.0,0.0,0.0,0.0,0.0,0.002079809661211299,0.0,0.0225,0.0,,0.04518882147149725,0.9074667779598751,0.04734440056862749
expert_advice,reputation_poison,sparse_online,12,198,400,0.8303194358994916,6.617311175778232,7.969596867992914,5.808176472731323,1.635162682913589,1.0,0.0,0.0,0.0,0.0,0.001474185241362098,0.0,0.025,0.0,,0.04517842912394038,0.9071776748261263,0.04764389604993312
expert_advice,reputation_poison,sparse_online,13,211,400,0.8383141251314981,6.383336005809824,7.614491769190376,5.3642640916214805,2.1757914048643894,1.0,0.0,0.0,0.0,0.0,0.001306749210842405,0.0,0.025,0.0,,0.045353167311515515,0.9075794110219981,0.04706742166648628
expert_advice,reputation_poison,sparse_online,14,224,400,0.8348336342594229,6.384040375286149,7.647080943198224,5.937254613021058,0.9236680108108466,1.0,0.0,0.0,0.0,0.0,0.001771485503699729,0.0,0.0225,0.0,,0.0454269156132775,0.905403697115739,0.04916938727098321
expert_advice,reputation_poison,sparse_online,15,237,400,0.8342491793343297,6.31615765258219,7.571068463767654,5.414264402411554,1.7546632517847982,1.0,0.0,0.0,0.0,0.0,0.0016555219288794532,0.0,0.0225,0.0,,0.04610575392812741,0.9073106233047226,0.04658362276714983
expert_advice,reputation_poison,sparse_online,16,250,400,0.8362718872980096,6.5582175037202255,7.842207305221983,5.984073471572719,1.0398787313247553,1.0,0.0,0.0,0.0,0.0,0.0015479970767559217,0.0,0.0225,0.0,,0.04566098092809773,0.9082249261089015,0.04611409296300065
expert_advice,reputation_poison,sparse_online,17,263,400,0.834656193419393,6.712421205306277,8.042139096586634,5.955696816275968,1.6886403201157965,1.0,0.0,0.0,0.0,0.0,0.0011465614874265789,0.0,0.03,0.0,,0.04570411265291614,0.9074190948474019,0.046876792499681824
expert_advice,reputation_poison,sparse_online,18,276,400,0.8351253091250789,6.619302689467881,7.92611913103509,5.852136817894219,1.615652265795716,1.0,0.0,0.0,0.0,0.0,0.0034809267984713278,0.0,0.02,0.0,,0.04545016195784686,0.9065166587161179,0.04803317932603516
expert_advice,reputation_poison,sparse_online,19,289,400,0.8343195374456126,6.627154090788462,7.943184587380553,5.778947562542721,1.6686755163453704,1.0,0.0,0.0,0.0,0.0,0.002324224819730241,0.0,0.025,0.0,,0.04523228750182254,0.9063141647635484,0.048453547734628837
expert_advice,reputation_poison,sparse_online,20,302,400,0.8335895656604373,6.4032025117127604,7.681481121515268,5.57962786358876,1.280881722195364,1.0,0.0,0.0,0.0,0.0,0.0012510705904649048,0.0,0.025,0.0,,0.04514095592725184,0.9057899099301574,0.049069134142590676
expert_advice,reputation_poison,sparse_online,21,315,400,0.8371059961163382,6.431804574004545,7.6833813206979755,5.821677341522567,1.1782522737220456,1.0,0.0,0.0,0.0,0.0,0.003236040953108285,0.0,0.025,0.0,,0.04530802093759606,0.9069583245016123,0.0477336545607915
expert_advice,reputation_poison,sparse_online,22,328,400,0.8350434619657973,6.699927040189374,8.02344709629473,5.970320965518182,1.6002133998590375,1.0,0.0,0.0,0.0,0.0,0.0020335014420600882,0.0,0.03,0.0,,0.045333856322690484,0.9063685777350653,0.048297565942243936
expert_advice,reputation_poison,sparse_online,23,341,400,0.8360762416886155,6.527846364175782,7.807716615642074,5.865742061911246,1.108240320054672,1.0,0.0,0.0,0.0,0.0,0.004697649610058646,0.0,0.0275,0.0,,0.04506557403435343,0.9051897366816984,0.049744689283947895
expert_advice,reputation_poison,sparse_online,24,354,400,0.8330238295763974,6.506777007332192,7.811033461841021,5.396258417198169,1.9801479355049016,1.0,0.0,0.0,0.0,0.0,0.0019104590415297718,0.0,0.03,0.0,,0.04522165216847909,0.9066751261642472,0.04810322166727346
expert_advice,trust_mimicry,algorithm1,0,42,400,0.6411405318667597,5.1217263674124,7.988461363532675,4.4564093223377235,1.2955216182476175,0.0,0.0,1.0,0.0,0.0,0.30143537871703613,0.07561578887111065,3.9825,4.0,,0.04552140741680892,0.9073084995434729,0.04717009303971803
expert_advice,trust_mimicry,algorithm1,1,55,400,0.6467711814023803,5.181616029755622,8.011513466819027,4.567613375749753,1.0240050745394536,0.0,0.0,1.0,0.0,0.0,0.2982852292921109,0.07066890465438751,3.985,4.0,,0.04571791246578155,0.9077236672346869,0.04655842029953133
expert_advice,trust_mimicry,algorithm1,2,68,400,0.6430200097469769,4.993363602970051,7.76548711903211,4.155361856160765,1.6807492511936042,0.0,0.0,1.0,0.0,0.0,0.2937382585072358,0.0699599467010194,3.9725,4.0,,0.04524621565876103,0.9065311964886072,0.048222587852631546
expert_advice,trust_mimicry,algorithm1,3,81,400,0.6537357579524932,5.058288351638566,7.737512121841362,4.488389678573285,1.0562741483721476,0.0,0.0,1.0,0.0,0.0,0.2913290556190285,0.8214422753193729,3.9775,4.0,,0.045561530519168884,0.9082231770538048,0.04621529242702611
expert_advice,trust_mimicry,algorithm1,4,94,400,0.6479626558612395,5.093803951630753,7.8612616106098345,4.492799170826217,1.6027188593953978,0.0,0.0,1.0,0.0,0.0,0.29439550390918134,0.8195209343482505,3.9775,4.0,,0.04608474354822709,0.9077135697558435,0.04620168669592922
expert_advice,trust_mimicry,algorithm1,5,107,400,0.6445286309252348,5.019818535683437,7.788356164220942,4.1750876118485625,1.4917433594089164,0.0,0.0,1.0,0.0,0.0,0.29808816127274945,0.8178802578336876,3.975,4.0,,0.04526730673529546,0.9067651054920068,0.047967587772697565
expert_advice,trust_mimicry,algorithm1,6,120,400,0.6505372900863267,5.050028895722661,7.762858444367607,4.723593504150142,0.7151402684195167,0.0,0.0,1.0,0.0,0.0,0.2915143304386574,0.07015136432708981,3.965,4.0,,0.045978574875158246,0.9070316320499886,0.04698979307485301
expert_advice,trust_mimicry,algorithm1,7,133,400,0.6337119108623829,4.99412008889865,7.880742026928976,4.163471640112123,1.531705840673852,0.0,0.0,1.0,0.0,0.0,0.3064806233313165,0.06964241633156588,3.9875,4.0,,0.04611328959169457,0.9076789297266304,0.04620778068167471
expert_advice,trust_mimicry,algorithm1,8,146,400,0.6536574889501144,5.1311824453796735,7.849955874629737,4.446144856826015,1.2710670272865086,0.0,0.0,1.0,0.0,0.0,0.2923918171473578,0.3904608016237418,3.9825,4.0,,0.04525410945826484,0.9060032874615526,0.04874260308018247
expert_advice,trust_mimicry,algorithm1,9,159,400,0.646215294035743,5.097330802963099,7.887976112619147,4.19033438024564,2.319062850368244,0.0,0.0,1.0,0.0,0.0,0.29808243723240313,0.07201182646482449,3.97,4.0,,0.04549985074251209,0.9069487975827637,0.04755135167472403
expert_advice,trust_mimicry,algorithm1,10,172,400,0.634632289458355,4.942750471710124,7.7883690348133,4.039579624022327,1.6911541607399307,0.0,0.0,1.0,0.0,0.0,0.3114374850351523,0.8232488799401895,3.98,4.0,,0.04511900268170404,0.9064399123288817,0.048441084989414046
expert_advice,trust_mimicry,algorithm1,11,185,400,0.6622300319288752,5.221110075840881,7.8841336455753455,4.645060282003553,1.2638380001174667,0.0,0.0,1.0,0.0,0.0,0.28229505908875824,0.8259380306871714,3.99,4.0,,0.04530784351276637,0.9074566675224464,0.04723548896478717
expert_advice,trust_mimicry,algorithm1,12,198,400,0.6469682849847613,5.156076417705301,7.969596867992914,4.350270850231448,1.4562085778398943,0.0,0.0,1.0,0.0,0.0,0.29607775277783,0.07033303010123199,3.995,4.0,,0.04515246658774201,0.907671388251876,0.04717614516038185
expert_advice,trust_mimicry,algorithm1,13,211,400,0.638720204382158,4.863529739083537,7.614491769190376,3.9095612304114082,1.8287122512722425,0.0,0.0,1.0,0.0,0.0,0.30376726198034854,0.8148492709583879,3.985,4.0,,0.045651693150873134,0.9077501153528276,0.046598191496299075
expert_advice,trust_mimicry,algorithm1,14,224,400,0.6614811987739363,5.058400269428085,7.647080943198224,4.718332569449418,0.9633695160437039,0.0,0.0,1.0,0.0,0.0,0.29244531056823847,0.8228623466820613,3.9875,4.0,,0.04568457439231812,0.9063488816584669,0.047966543949214804
expert_advice,trust_mimicry,algorithm1,15,237,400,0.6426842163792736,4.8658062027903455,7.571068463767654,4.192986211743968,1.467403087332289,0.0,0.0,1.0,0.0,0.0,0.29961187011666285,0.06886740194331084,3.99,4.0,,0.045901359599091265,0.9077175733913495,0.04638106700955911
expert_advice,trust_mimicry,algorithm1,16,250,400,0.6447540871597218,5.0562952123957015,7.842207305221983,4.551228319498348,0.9534406491886847,0.0,0.0,1.0,0.0,0.0,0.2946990552770004,0.071852481537366,3.9925,4.0,,0.046144353428801174,0.9077961148446372,0.04605953172656159
expert_advice,trust_mimicry,algorithm1,17,263,400,0.6439335670994959,5.178603315575349,8.042139096586634,4.756722826177848,1.137226208594698,0.0,0.0,1.0,0.0,0.0,0.3026327852835686,0.8203829759280955,3.98,4.0,,0.04518507598050151,0.9063584391040783,0.04845648491542009
expert_advice,trust_mimicry,algorithm1,18,276,400,0.6583138805883914,5.217874243157599,7.92611913103509,4.492631642952231,1.4146392734109705,0.0,0.0,1.0,0.0,0.0,0.2861455938485998,0.07133303365839874,3.9775,4.0,,0.04581282613618368,0.9068127999012953,0.04737437396252091
expert_advice,trust_mimicry,algorithm1,19,289,400,0.6423981862523985,5.102687372001274,7.943184587380553,4.291797308773755,1.6298452654989886,0.0,0.0,1.0,0.0,0.0,0.30013126338819485,0.07326798948726923,3.975,4.0,,0.04549545189797092,0.904602048845738,0.049902499256290846
expert_advice,trust_mimicry,algorithm1,20,302,400,0.6455045328615605,4.958430883028609,7.681481121515268,4.403888406317317,1.1009212808723188,0.0,0.0,1.0,0.0,0.0,0.2922143922469838,0.8205514749485509,3.9825,4.0,,0.04511439583808137,0.9073497184838031,0.047535885678115314
expert_advice,trust_mimicry,algorithm1,21,315,400,0.6620858488465032,5.087058043725686,7.6833813206979755,4.362490161811148,1.6430303085380338,0.0,0.0,1.0,0.0,0.0,0.27815228568677375,0.8181602055347997,3.9825,4.0,,0.04555327920994226,0.9076966458901756,0.046750074899881894
expert_advice,trust_mimicry,algorithm1,22,328,400,0.6513068482998435,5.225726040788252,8.02344709629473,4.633744056730425,1.1267273690395028,0.0,0.0,1.0,0.0,0.0,0.2993686274197792,0.8342829337776368,3.9825,4.0,,0.04538462694742062,0.9077157975470342,0.04689957550554503
expert_advice,trust_mimicry,algorithm1,23,341,400,0.6479746520471088,5.059202457303103,7.807716615642074,4.5793309521873,0.9125898659623815,0.0,0.0,1.0,0.0,0.0,0.29605145963852364,0.07203811433017751,3.9925,4.0,,0.045244945699399235,0.9046608202079554,0.05009423409264519
expert_advice,trust_mimicry,algorithm1,24,354,400,0.6527220043223626,5.098433417041914,7.811033461841021,4.0305822408040335,1.8900763264885416,0.0,0.0,1.0,0.0,0.0,0.284886680738432,0.06848686260809064,3.995,4.0,,0.04511445452768533,0.9064074947834125,0.048478050688901896
expert_advice,trust_mimicry,no_trust,0,42,400,0.6412491365526952,5.122593951749894,7.988461363532675,4.455945518061629,1.298266654771929,0.0,0.0,1.0,0.0,0.0,0.30136878374146164,0.07561801641690288,4.0,4.0,,0.04529383413236751,0.9076610660138078,0.04704509985382442
expert_advice,trust_mimicry,no_trust,1,55,400,0.6477211330705667,5.189226580338124,8.011513466819027,4.574911381710551,1.0216866002895006,0.0,0.0,1.0,0.0,0.0,0.2984554265508296,0.07066847515710409,4.0,4.0,,0.045691117631662746,0.9078596038641621,0.046449278504174935
expert_advice,trust_mimicry,no_trust,2,68,400,0.6460359662781887,5.016783974564737,7.76548711903211,4.174242383218436,1.6798661888965478,0.0,0.0,1.0,0.0,0.0,0.2930200725517746,0.06996416615473905,4.0,4.0,,0.04516666231376014,0.9070475739527069,0.047785763733532785
expert_advice,trust_mimicry,no_trust,3,81,400,0.654517546590732,5.064337450703658,7.737512121841362,4.496016189228322,1.054287042088582,0.0,0.0,1.0,0.0,0.0,0.29058245285253065,0.8214374714703091,4.0,4.0,,0.045511578865900966,0.9079650575200111,0.046523363614087786
expert_advice,trust_mimicry,no_trust,4,94,400,0.6485756476142795,5.098622840166548,7.8612616106098345,4.497137558250408,1.6061027547650681,0.0,0.0,1.0,0.0,0.0,0.29388933943498435,0.8195241530075804,4.0,4.0,,0.045105728578093744,0.9070044690423822,0.047889802379523866
expert_advice,trust_mimicry,no_trust,5,107,400,0.6443288936315105,5.018262910500634,7.788356164220942,4.172470707178928,1.4949425376315961,0.0,0.0,1.0,0.0,0.0,0.2983301020101685,0.8178798170242665,4.0,4.0,,0.04531967412672916,0.9071824373194013,0.04749788855386923
expert_advice,trust_mimicry,no_trust,6,120,400,0.6506064896660244,5.050566082264264,7.762858444367607,4.728718040379608,0.6937944162834544,0.0,0.0,1.0,0.0,0.0,0.29132817093675867,0.07014194434240643,4.0,4.0,,0.04570657059334993,0.9080436444260594,0.04624978498059048
expert_advice,trust_mimicry,no_trust,7,133,400,0.6345183331809855,5.000475295156315,7.880742026928976,4.170205372014938,1.5317452475112807,0.0,0.0,1.0,0.0,0.0,0.30696312726635433,0.06964298289039508,4.0,4.0,,0.04537500544962212,0.908138677564031,0.04648631698634672
expert_advice,trust_mimicry,no_trust,8,146,400,0.6533822955086321,5.12902218900705,7.849955874629737,4.44101525455828,1.2775006583457804,0.0,0.0,1.0,0.0,0.0,0.2924376906579656,0.393016158921269,4.0,4.0,,0.04619453532629361,0.9071880752335241,0.046617389440182046
expert_advice,trust_mimicry,no_trust,9,159,400,0.6466149091377469,5.1004829573419475,7.887976112619147,4.19304849749743,2.3201142142894984,0.0,0.0,1.0,0.0,0.0,0.29846326413976937,0.07201300766901478,4.0,4.0,,0.04542896057465734,0.9078076206031139,0.04676341882222872
expert_advice,trust_mimicry,no_trust,10,172,400,0.6355742363567264,4.950086701765837,7.7883690348133,4.046810914171327,1.6940826254635928,0.0,0.0,1.0,0.0,0.0,0.311135870146658,0.8232482742862606,4.0,4.0,,0.04523940373247344,0.9080033428335313,0.046757253433995
expert_advice,trust_mimicry,no_trust,11,185,400,0.6629024259036602,5.226411319800565,7.8841336455753455,4.652437697756977,1.2600556101557912,0.0,0.0,1.0,0.0,0.0,0.282583652788057,0.8259430992034016,4.0,4.0,,0.04510369402813327,0.9069624125526741,0.04793389341919245
expert_advice,trust_mimicry,no_trust,12,198,400,0.6467815525083953,5.154588235146502,7.969596867992914,4.348451987242454,1.4569094684819852,0.0,0.0,1.0,0.0,0.0,0.2960422549977839,0.07033234255599946,4.0,4.0,,0.04552528717511189,0.9077934746994526,0.046681238125435336
expert_advice,trust_mimicry,no_trust,13,211,400,0.6388293371077244,4.864360729324112,7.614491769190376,3.9105132218919407,1.828627138502084,0.0,0.0,1.0,0.0,0.0,0.3041980172961561,0.8148497633923255,4.0,4.0,,0.04533849298038586,0.9074427137151175,0.04721879330449645
expert_advice,trust_mimicry,no_trust,14,224,400,0.6619989264879185,5.062359375163443,7.647080943198224,4.722017506970551,0.9642835206634608,0.0,0.0,1.0,0.0,0.0,0.29168367317030347,0.8228599821764044,4.0,4.0,,0.04519343228587243,0.9071724172424684,0.047634150471658906
expert_advice,trust_mimicry,no_trust,15,237,400,0.6427500158869923,4.866304375368166,7.571068463767654,4.193977192207247,1.4664149929186943,0.0,0.0,1.0,0.0,0.0,0.29950593026925515,0.06886675729464738,4.0,4.0,,0.045594616041469235,0.9077036460042897,0.046701737954240936
expert_advice,trust_mimicry,no_trust,16,250,400,0.6449002192864712,5.057441210827624,7.842207305221983,4.55258638139518,0.9536217878225912,0.0,0.0,1.0,0.0,0.0,0.2942632384179919,0.07185314935318106,4.0,4.0,,0.045124445083515,0.9073264388146951,0.04754911610178965
expert_advice,trust_mimicry,no_trust,17,263,400,0.6438774485092811,5.178152002066937,8.042139096586634,4.7558923550935,1.1370822469907367,0.0,0.0,1.0,0.0,0.0,0.30298001937527297,0.8203851175630282,4.0,4.0,,0.04531947860462576,0.9072521020186131,0.0474284193767611
expert_advice,trust_mimicry,no_trust,18,276,400,0.659057256137007,5.223766326315025,7.92611913103509,4.498846332599126,1.4155127969342827,0.0,0.0,1.0,0.0,0.0,0.2855561041667227,0.07132237394229225,4.0,4.0,,0.045088874585871436,0.9067092899614141,0.048201835452714184
expert_advice,trust_mimicry,no_trust,19,289,400,0.6426933947731089,5.105032267773044,7.943184587380553,4.290342287855438,1.6353968987276843,0.0,0.0,1.0,0.0,0.0,0.3003037001786357,0.07327136283317029,4.0,4.0,,0.04567553397160426,0.9076493564238478,0.046675109604547675
expert_advice,trust_mimicry,no_trust,20,302,400,0.645077694391016,4.955152131375185,7.681481121515268,4.400759166822104,1.1000904185194598,0.0,0.0,1.0,0.0,0.0,0.2922107399618495,0.8205484193942366,4.0,4.0,,0.04505886334061651,0.9063751882177289,0.04856594844165446
expert_advice,trust_mimicry,no_trust,21,315,400,0.6627612263304173,5.092247226470012,7.6833813206979755,4.366470615925201,1.6437690783115428,0.0,0.0,1.0,0.0,0.0,0.2782268365285701,0.8181590131464368,4.0,4.0,,0.04535217443631498,0.908228097075067,0.046419728488617834
expert_advice,trust_mimicry,no_trust,22,328,400,0.6518249115717923,5.229882694043266,8.02344709629473,4.640655985334168,1.122785459039421,0.0,0.0,1.0,0.0,0.0,0.2982040211725607,0.8342929918132572,4.0,4.0,,0.04553922329332285,0.9078664168685354,0.04659435983814156
expert_advice,trust_mimicry,no_trust,23,341,400,0.6481034356240649,5.060207962976725,7.807716615642074,4.580337550918279,0.9127189542035934,0.0,0.0,1.0,0.0,0.0,0.2956067775260113,0.07203822853136724,4.0,4.0,,0.04514472039413413,0.9048689890681354,0.04998629053773038
expert_advice,trust_mimicry,no_trust,24,354,400,0.6526354781997356,5.09775755860275,7.811033461841021,4.0304559450753406,1.8923488737236909,0.0,0.0,1.0,0.0,0.0,0.28541031955378504,0.06848478577424214,4.0,4.0,,0.0451404511159435,0.906724462903193,0.0481350859808632
expert_advice,trust_mimicry,oracle,0,42,400,0.8360846825152083,6.679030182914224,7.988461363532675,5.940055106296372,1.6355039461703393,1.0,0.0,0.0,0.0,0.0,0.0,0.0,0.0,0.0,,0.04529607132948174,0.9070083623241096,0.04769556634640846
expert_advice,trust_mimicry,oracle,1,55,400,0.8352274677324959,6.691436105596045,8.011513466819027,6.207321932024397,1.0513390272182397,1.0,0.0,0.0,0.0,0.0,0.0,0.0,0.0,0.0,,0.04580971408532774,0.9076350434198036,0.046555242494868504
expert_advice,trust_mimicry,oracle,2,68,400,0.8365057334594189,6.495874498175625,7.76548711903211,5.728037104006642,1.825113480046852,1.0,0.0,0.0,0.0,0.0,0.0,0.0,0.0,0.0,,0.04541498913580508,0.9068246456277084,0.04776036523648644
expert_advice,trust_mimicry,oracle,3,81,400,0.8358930340957055,6.467732483878276,7.737512121841362,5.9082525112586906,1.150567625245026,1.0,0.0,0.0,0.0,0.0,0.0,0.0,0.0,0.0,,0.045705272931315793,0.9056056931433567,0.048689033925327335
expert_advice,trust_mimicry,oracle,4,94,400,0.8370030903922531,6.579900262462412,7.8612616106098345,5.975632565947415,1.4341724207637103,1.0,0.0,0.0,0.0,0.0,0.0,0.0,0.0,0.0,,0.045329296544815934,0.907445194068751,0.047225509386432926
expert_advice,trust_mimicry,oracle,5,107,400,0.8363008438611518,6.513408832429177,7.788356164220942,5.743401028530841,1.5702197793636161,1.0,0.0,0.0,0.0,0.0,0.0,0.0,0.0,0.0,,0.045626254583033675,0.9072130430407668,0.04716070237619935
expert_advice,trust_mimicry,oracle,6,120,400,0.836466651836055,6.493372211637419,7.762858444367607,6.028140696367989,1.1633725885823143,1.0,0.0,0.0,0.0,0.0,0.0,0.0,0.0,0.0,,0.04576902485692342,0.907718286250024,0.04651268889305248
expert_advice,trust_mimicry,oracle,7,133,400,0.8352169794657393,6.582129551680327,7.880742026928976,5.770617562459942,1.8112309796635646,1.0,0.0,0.0,0.0,0.0,0.0,0.0,0.0,0.0,,0.04528496994551294,0.907779140291829,0.04693588976265781
expert_advice,trust_mimicry,oracle,8,146,400,0.8361995215264008,6.564129346368745,7.849955874629737,5.906373677615402,1.3973804404789192,1.0,0.0,0.0,0.0,0.0,0.0,0.0,0.0,0.0,,0.04609960315317443,0.907030634375553,0.04686976247127246
expert_advice,trust_mimicry,oracle,9,159,400,0.8326886874890014,6.5682284761614325,7.887976112619147,5.84893020513558,2.2795110632496653,1.0,0.0,0.0,0.0,0.0,0.0,0.0,0.0,0.0,,0.04528441632082472,0.906447207275081,0.04826837640409409
expert_advice,trust_mimicry,oracle,10,172,400,0.8395996788302534,6.5391121402407375,7.7883690348133,5.5524259694125,1.7943427520985002,1.0,0.0,0.0,0.0,0.0,0.0,0.0,0.0,0.0,,0.045278307982179966,0.9078142896362362,0.04690740238158362
expert_advice,trust_mimicry,oracle,11,185,400,0.8373414168921646,6.6017116377532465,7.8841336455753455,5.921074754745797,1.531594332384409,1.0,0.0,0.0,0.0,0.0,0.0,0.0,0.0,0.0,,0.04498860564198742,0.9070700285959825,0.047941365762029856
expert_advice,trust_mimicry,oracle,12,198,400,0.8309623352202821,6.622434824191638,7.969596867992914,5.812303258428953,1.6376444150087854,1.0,0.0,0.0,0.0,0.0,0.0,0.0,0.0,0.0,,0.04538663496327783,0.9071680700662736,0.0474452949704484
expert_advice,trust_mimicry,oracle,13,211,400,0.8391739857936374,6.3898834077443345,7.614491769190376,5.370713556328607,2.1766516565898337,1.0,0.0,0.0,0.0,0.0,0.0,0.0,0.0,0.0,,0.04518092623069258,0.9065184368792139,0.04830063689009336
expert_advice,trust_mimicry,oracle,14,224,400,0.8361762668707268,6.394307595541767,7.647080943198224,5.94790752261611,0.9222800271544385,1.0,0.0,0.0,0.0,0.0,0.0,0.0,0.0,0.0,,0.04544996546772051,0.9069038598125367,0.0476461747197426
expert_advice,trust_mimicry,oracle,15,237,400,0.8350878369691859,6.322507186953347,7.571068463767654,5.420899902918534,1.7549701867904997,1.0,0.0,0.0,0.0,0.0,0.0,0.0,0.0,0.0,,0.04594802675080974,0.9071549295212011,0.04689704372798885
expert_advice,trust_mimicry,oracle,16,250,400,0.836856045574824,6.562798594026066,7.842207305221983,5.988127601985385,1.04098236614952,1.0,0.0,0.0,0.0,0.0,0.0,0.0,0.0,0.0,,0.04539808482567958,0.9080140491172997,0.04658786605702058
expert_advice,trust_mimicry,oracle,17,263,400,0.8354680652124763,6.718950391194848,8.042139096586634,5.960861476527285,1.6921427678539072,1.0,0.0,0.0,0.0,0.0,0.0,0.0,0.0,0.0,,0.045254634992534466,0.9077138345842007,0.047031530423264585
expert_advice,trust_mimicry,oracle,18,276,400,0.8370026331937221,6.634182583683508,7.92611913103509,5.866853484874842,1.6150228316832314,1.0,0.0,0.0,0.0,0.0,0.0,0.0,0.0,0.0,,0.045050803814554,0.9071865494223451,0.04776264676310078
expert_advice,trust_mimicry,oracle,19,289,400,0.8355396964319658,6.636846038843016,7.943184587380553,5.790566711972053,1.665857132642473,1.0,0.0,0.0,0.0,0.0,0.0,0.0,0.0,0.0,,0.04555642735442133,0.9076539831856423,0.04678958945993632
expert_advice,trust_mimicry,oracle,20,302,400,0.8342321970428928,6.4081388725451855,7.681481121515268,5.584848862106589,1.2817633201505618,1.0,0.0,0.0,0.0,0.0,0.0,0.0,0.0,0.0,,0.045072728859052766,0.9068710167186859,0.04805625442226119
expert_advice,trust_mimicry,oracle,21,315,400,0.8390424642150897,6.44668319682262,7.6833813206979755,5.837488083602542,1.1773090505692725,1.0,0.0,0.0,0.0,0.0,0.0,0.0,0.0,0.0,,0.04514622337229558,0.9074379465483962,0.04741583007930808
expert_advice,trust_mimicry,oracle,22,328,400,0.8361161339717722,6.708533567280991,8.02344709629473,5.978098901260992,1.6026544095024375,1.0,0.0,0.0,0.0,0.0,0.0,0.0,0.0,0.0,,0.04544161374004556,0.9065666836106467,0.04799170264930752
expert_advice,trust_mimicry,oracle,23,341,400,0.8390812372453881,6.551308517914326,7.807716615642074,5.890222114665594,1.1050647243018537,1.0,0.0,0.0,0.0,0.0,0.0,0.0,0.0,0.0,,0.045872476199398785,0.9065325824800595,0.04759494132054151
expert_advice,trust_mimicry,oracle,24,354,400,0.8339964533521198,6.514374204190141,7.811033461841021,5.403050327237464,1.9816026734243257,1.0,0.0,0.0,0.0,0.0,0.0,0.0,0.0,0.0,,0.0451630284493504,0.9061873983068317,0.04864957324381769
expert_advice,trust_mimicry,sparse_online,0,42,400,0.8354794854114265,6.674195589233341,7.988461363532675,5.935766485172961,1.6345001033753999,1.0,0.0,0.0,0.0,0.0,0.0011123809460821207,0.0,0.0125,0.0,,0.04543973105909508,0.906521773460947,0.04803849547995771
expert_advice,trust_mimicry,sparse_online,1,55,400,0.8323700985430661,6.668544253855255,8.011513466819027,6.1837905482038265,1.042897973310847,1.0,0.0,0.0,0.0,0.0,0.0018081018146312387,0.0,0.0175,0.0,,0.04583261499684674,0.9065519257577683,0.04761545924538477
expert_advice,trust_mimicry,sparse_online,2,68,400,0.8340678066621503,6.476942809034292,7.76548711903211,5.715741969378942,1.8272709164414387,1.0,0.0,0.0,0.0,0.0,0.0012996062981219581,0.0,0.01,0.0,,0.04536326160896424,0.9066071668762313,0.048029571514804185
expert_advice,trust_mimicry,sparse_online,3,81,400,0.8349654222951438,6.460555076327067,7.737512121841362,5.900327799046337,1.150872975344467,1.0,0.0,0.0,0.0,0.0,0.002788898517694363,0.0,0.015,0.0,,0.04560027341294304,0.9078314705348741,0.04656825605218263
expert_advice,trust_mimicry,sparse_online,4,94,400,0.8360992931773428,6.5727952761130615,7.8612616106098345,5.969338478261146,1.4331613723790344,1.0,0.0,0.0,0.0,0.0,0.0010151690670990438,0.0,0.0075,0.0,,0.046071381161830675,0.9076277197134466,0.046300899124722544
expert_advice,trust_mimicry,sparse_online,5,107,400,0.8362242884136742,6.5128125913379105,7.788356164220942,5.742925926703753,1.5701815588809138,1.0,0.0,0.0,0.0,0.0,0.00022378323416328546,0.0,0.005,0.0,,0.04572948906986714,0.9072488854918186,0.047021625438314126
expert_advice,trust_mimicry,sparse_online,6,120,400,0.8363993096524814,6.4928494437990025,7.762858444367607,6.027048962814909,1.1639666367715034,1.0,0.0,0.0,0.0,0.0,0.0004219550729112467,0.0,0.005,0.0,,0.04567468943901218,0.9067916501681732,0.04753366039281436
expert_advice,trust_mimicry,sparse_online,7,133,400,0.8331662802802842,6.565968520424922,7.880742026928976,5.757824150871045,1.807296024387159,1.0,0.0,0.0,0.0,0.0,0.0011629255976695159,0.0,0.0175,0.0,,0.04615925089681199,0.906453718061449,0.047387031041738685
expert_advice,trust_mimicry,sparse_online,8,146,400,0.8345470889815518,6.5511578238058785,7.849955874629737,5.889981728494523,1.3913411353677096,1.0,0.0,0.0,0.0,0.0,0.002767752686323263,0.0,0.0125,0.0,,0.04527714222025802,0.9067552620462537,0.04796759573348805
expert_advice,trust_mimicry,sparse_online,9,159,400,0.8315677073299665,6.559386211444246,7.887976112619147,5.839891907815802,2.281121180203656,1.0,0.0,0.0,0.0,0.0,0.0016813753422261373,0.0,0.0075,0.0,,0.045429923396043945,0.9069940428772897,0.047576033726666224
expert_advice,trust_mimicry,sparse_online,10,172,400,0.8387344729741024,6.532373597741952,7.7883690348133,5.54536373722312,1.7971149399949766,1.0,0.0,0.0,0.0,0.0,0.000773024474910282,0.0,0.01,0.0,,0.04504753756165159,0.9067701724244458,0.04818229001390245
expert_advice,trust_mimicry,sparse_online,11,185,400,0.8355765699919773,6.5877973489281905,7.8841336455753455,5.911711317875405,1.5267909779264892,1.0,0.0,0.0,0.0,0.0,0.0014427711249152065,0.0,0.02,0.0,,0.04525238785479404,0.907535917342166,0.047211694803039744
expert_advice,trust_mimicry,sparse_online,12,198,400,0.8303184600926408,6.61730339899101,7.969596867992914,5.808161997965625,1.6351583631994986,1.0,0.0,0.0,0.0,0.0,0.0014764925017478603,0.0,0.025,0.0,,0.045179223127343654,0.9071833510237264,0.04763742584892977
expert_advice,trust_mimicry,sparse_online,13,211,400,0.8380340670748019,6.3812035060422145,7.614491769190376,5.362180580254176,2.175649367445904,1.0,0.0,0.0,0.0,0.0,0.001526560671482844,0.0,0.015,0.0,,0.04555479684750121,0.9074370618884501,0.04700814126404844
expert_advice,trust_mimicry,sparse_online,14,224,400,0.8353771307228055,6.388196536733978,7.647080943198224,5.941367480443739,0.9233951721215661,1.0,0.0,0.0,0.0,0.0,0.0013843044012117499,0.0,0.0175,0.0,,0.04588116957546438,0.906203923315414,0.0479149071091215
expert_advice,trust_mimicry,sparse_online,15,237,400,0.8332691746184244,6.308737969783255,7.571068463767654,5.406494129892787,1.754040219750185,1.0,0.0,0.0,0.0,0.0,0.0025072464096059506,0.0,0.02,0.0,,0.045839627733436264,0.9074020846440175,0.046758287622545996
expert_advice,trust_mimicry,sparse_online,16,250,400,0.8351968848120512,6.549787111371711,7.842207305221983,5.976559263880715,1.0373014197042156,1.0,0.0,0.0,0.0,0.0,0.002581526653412225,0.0,0.0225,0.0,,0.04624211918491406,0.9077725704434141,0.045985310371671605
expert_advice,trust_mimicry,sparse_online,17,263,400,0.8341991227888428,6.708745379718427,8.042139096586634,5.952417891063282,1.687435073412873,1.0,0.0,0.0,0.0,0.0,0.001911381442356923,0.0,0.0175,0.0,,0.045403430998167335,0.9073374546953183,0.04725911430651401
expert_advice,trust_mimicry,sparse_online,18,276,400,0.8361272273077953,6.627244012343642,7.92611913103509,5.860549363652084,1.6123543453853708,1.0,0.0,0.0,0.0,0.0,0.0017147271772915479,0.0,0.015,0.0,,0.045629347542970315,0.9064840470674522,0.04788660538957727
expert_advice,trust_mimicry,sparse_online,19,289,400,0.8344724759326657,6.628368909421639,7.943184587380553,5.779795280096137,1.6693354999039656,1.0,0.0,0.0,0.0,0.0,0.0021131061462420692,0.0,0.015,0.0,,0.045190969713082015,0.9060397443499345,0.048769285936983355
expert_advice,trust_mimicry,sparse_online,20,302,400,0.8334225892370831,6.401919885469027,7.681481121515268,5.578051074768044,1.2811234379037577,1.0,0.0,0.0,0.0,0.0,0.0015050584301488246,0.0,0.0125,0.0,,0.04516644233711908,0.9074107007763855,0.047422856886495175
expert_advice,trust_mimicry,sparse_online,21,315,400,0.8380395644184496,6.438977535258584,7.6833813206979755,5.828927677895532,1.1780828230029092,1.0,0.0,0.0,0.0,0.0,0.0017370560865384395,0.0,0.0125,0.0,,0.0451920237915191,0.9076138018139097,0.04719417439457091
expert_advice,trust_mimicry,sparse_online,22,328,400,0.8357827836584248,6.705858948677315,8.02344709629473,5.975633146683202,1.6017564796772508,1.0,0.0,0.0,0.0,0.0,0.0009970725993366427,0.0,0.0175,0.0,,0.04527776953467426,0.9059326815687261,0.0487895488965995
expert_advice,trust_mimicry,sparse_online,23,341,400,0.8358674529591296,6.5262162009434155,7.807716615642074,5.86426418027925,1.10806588566731,1.0,0.0,0.0,0.0,0.0,0.004811115428455653,0.0,0.0225,0.0,,0.0449724324380654,0.9046016441285115,0.0504259234334228
expert_advice,trust_mimicry,sparse_online,24,354,400,0.8323648227115418,6.501629482659221,7.811033461841021,5.39226218976153,1.9767149457172009,1.0,0.0,0.0,0.0,0.0,0.0024863345953371418,0.0,0.025,0.0,,0.04515271743939503,0.9061321468820249,0.04871513567857987
generalized_mean_greedy,burst,algorithm1,0,42,400,0.572287125329068,4.571693589538442,7.988461363532675,4.162491862391801,0.8758284998904795,1.0,0.0,0.0,1.0,0.0,0.1311241556745104,0.0,1.285,0.0,,,,
generalized_mean_greedy,burst,algorithm1,1,55,400,0.5910807352655821,4.735451270557504,8.011513466819027,4.4784667248053145,0.6576124178137137,1.0,0.0,0.0,1.0,0.0,0.09542325406601337,0.0,0.935,0.0,,,,
generalized_mean_greedy,burst,algorithm1,2,68,400,0.6003692757030131,4.6621598771343855,7.76548711903211,4.134311245727108,1.2424444086248831,1.0,0.0,0.0,1.0,0.0,0.07720927135884299,0.0,0.7325,0.0,,,,
generalized_mean_greedy,burst,algorithm1,3,81,400,0.6187160197091651,4.787322702477104,7.737512121841362,4.398167923002961,0.6985352517647883,1.0,0.0,0.0,1.0,0.0,0.06808755131477252,0.0,0.635,0.0,,,,
generalized_mean_greedy,burst,algorithm1,4,94,400,0.6206989715140742,4.879476996508599,7.8612616106098345,4.528781126363272,0.7859889886207103,1.0,0.0,0.0,1.0,0.0,0.055404705303419066,0.0,0.33,0.0,,,,
generalized_mean_greedy,burst,algorithm1,5,107,400,0.574986686307947,4.4782011026514725,7.788356164220942,4.028663926097218,0.8224318857285882,1.0,0.0,0.0,1.0,0.0,0.1220334683449863,0.0,1.12,0.0,,,,
generalized_mean_greedy,burst,algorithm1,6,120,400,0.5719140289726884,4.439687649262934,7.762858444367607,4.097762631648742,0.8540028491558251,1.0,0.0,0.0,1.0,0.0,0.12133411070827325,0.0,1.1875,0.0,,,,
generalized_mean_greedy,burst,algorithm1,7,133,400,0.5800272239823343,4.571044920800529,7.880742026928976,4.164884097534244,0.7552283149998038,1.0,0.0,0.0,1.0,0.0,0.1216568757601457,0.0,1.125,0.0,,,,
generalized_mean_greedy,burst,algorithm1,8,146,400,0.5856726266394906,4.597504276098498,7.849955874629737,4.1970761177711955,0.800044168487867,1.0,0.0,0.0,1.0,0.0,0.11570369222897543,0.0,0.8975,0.0,,,,
generalized_mean_greedy,burst,algorithm1,9,159,400,0.6116780798833643,4.8249020827327245,7.887976112619147,4.428268343297872,1.1107713945895314,1.0,0.0,0.0,1.0,0.0,0.05753541396483298,0.0,0.58,0.0,,,,
generalized_mean_greedy,burst,algorithm1,10,172,400,0.5920183646734899,4.610857499463817,7.7883690348133,4.176625559505116,0.9064634930755728,1.0,0.0,0.0,1.0,0.0,0.10077369168169258,0.0,1.0475,0.0,,,,
generalized_mean_greedy,burst,algorithm1,11,185,400,0.6162385636616409,4.858507193465767,7.8841336455753455,4.46528663050847,0.8919395417858498,1.0,0.0,0.0,1.0,0.0,0.05926218943859471,0.0,0.5125,0.0,,,,
generalized_mean_greedy,burst,algorithm1,12,198,400,0.5948155280185008,4.740439969129795,7.969596867992914,4.3989979982139005,0.8500095521806914,1.0,0.0,0.0,1.0,0.0,0.10120776194462656,0.0,1.085,0.0,,,,
generalized_mean_greedy,burst,algorithm1,13,211,400,0.6146226687684471,4.680039252495163,7.614491769190376,4.180051447023133,0.8827223952026904,1.0,0.0,0.0,1.0,0.0,0.06226766946786997,0.0,0.45,0.0,,,,
generalized_mean_greedy,burst,algorithm1,14,224,400,0.625012379963839,4.779520260084441,7.647080943198224,4.5392669449466965,0.5834887694449042,1.0,0.0,0.0,1.0,0.0,0.05834987827670651,0.0,0.5075,0.0,,,,
generalized_mean_greedy,burst,algorithm1,15,237,400,0.5845113468396949,4.425375424772371,7.571068463767654,4.044897857649859,0.747296555564378,1.0,0.0,0.0,1.0,0.0,0.10613452628338788,0.0,0.8525,0.0,,,,
generalized_mean_greedy,burst,algorithm1,16,250,400,0.5753176717469253,4.51176044819704,7.842207305221983,4.2762397795454214,0.6562943005191206,1.0,0.0,0.0,1.0,0.0,0.1274947971881897,0.0,1.08,0.0,,,,
generalized_mean_greedy,burst,algorithm1,17,263,400,0.6074478195748868,4.885179858939501,8.042139096586634,4.553897758426098,0.9270737838310588,1.0,0.0,0.0,1.0,0.0,0.07901381462898995,0.0,0.7175,0.0,,,,
generalized_mean_greedy,burst,algorithm1,18,276,400,0.6125649537908961,4.855262799243648,7.92611913103509,4.44755348206724,0.8705959189569707,1.0,0.0,0.0,1.0,0.0,0.07357226894485575,0.0,0.535,0.0,,,,
generalized_mean_greedy,burst,algorithm1,19,289,400,0.6007635509053564,4.771975778211439,7.943184587380553,4.404411967882146,0.8017139676513096,1.0,0.0,0.0,1.0,0.0,0.08251890189343969,0.0,0.62,0.0,,,,
generalized_mean_greedy,burst,algorithm1,20,302,400,0.6066906371818281,4.660282676112281,7.681481121515268,4.258284202641491,0.8157942033018859,1.0,0.0,0.0,1.0,0.0,0.06451821786295643,0.0,0.52,0.0,,,,
generalized_mean_greedy,burst,algorithm1,21,315,400,0.5940484506414839,4.564300769248351,7.6833813206979755,4.082452154025598,0.8624023129172773,1.0,0.0,0.0,1.0,0.0,0.10294863053475943,0.0,0.9475,0.0,,,,
generalized_mean_greedy,burst,algorithm1,22,328,400,0.6096621275747033,4.89159182721012,8.02344709629473,4.636751097129242,0.6132453157766022,1.0,0.0,0.0,1.0,0.0,0.077966172376022,0.0,0.7825,0.0,,,,
generalized_mean_greedy,burst,algorithm1,23,341,400,0.5790185936612325,4.520813094494512,7.807716615642074,4.224400577606817,0.7260485200676516,1.0,0.0,0.0,1.0,0.0,0.12746699774609035,0.0,1.32,0.0,,,,
generalized_mean_greedy,burst,algorithm1,24,354,400,0.5784892238872726,4.5185986850979285,7.811033461841021,4.173825774327562,0.8995043506613536,1.0,0.0,0.0,1.0,0.0,0.12484866294594454,0.0,1.2625,0.0,,,,
generalized_mean_greedy,burst,no_trust,0,42,400,0.4447522965156473,3.5528865370576765,7.988461363532675,3.222009686120894,0.6138462186880576,0.0,0.0,1.0,1.0,0.0,0.3461253237381781,0.3094426251392615,4.0,4.0,,,,
generalized_mean_greedy,burst,no_trust,1,55,400,0.4365429429871713,3.4973696665865335,8.011513466819027,3.2469194945046023,0.5389172388992471,0.0,0.0,1.0,1.0,0.0,0.34568981242207447,0.1268164790803984,4.0,4.0,,,,
generalized_mean_greedy,burst,no_trust,2,68,400,0.448629684909013,3.4838280393763745,7.76548711903211,3.054134484146999,0.984676205796911,0.0,0.0,1.0,1.0,0.0,0.3397736495053361,0.13692364796294335,4.0,4.0,,,,
generalized_mean_greedy,burst,no_trust,3,81,400,0.4555619222908119,3.5249158959745093,7.737512121841362,3.273061262558472,0.43387530978980804,0.0,0.0,1.0,1.0,0.0,0.3360084363897258,0.36912607880165976,4.0,4.0,,,,
generalized_mean_greedy,burst,no_trust,4,94,400,0.4509845461903829,3.545307499944755,7.8612616106098345,3.294711529031075,0.663735180444895,0.0,0.0,1.0,1.0,0.0,0.340085300811599,0.21231363906865924,4.0,4.0,,,,
generalized_mean_greedy,burst,no_trust,5,107,400,0.4498063711898671,3.5032522237624546,7.788356164220942,3.160343857887712,0.7386693423457844,0.0,0.0,1.0,1.0,0.0,0.3353987831565101,0.326703903468819,4.0,4.0,,,,
generalized_mean_greedy,burst,no_trust,6,120,400,0.43418494161791815,3.3705162404559124,7.762858444367607,2.964515615067844,0.7946976492162072,0.0,0.0,1.0,1.0,0.0,0.34693072389738333,0.13235950017435308,4.0,4.0,,,,
generalized_mean_greedy,burst,no_trust,7,133,400,0.44042112259846905,3.470845250408994,7.880742026928976,3.0963155058607206,0.6366872142214381,0.0,0.0,1.0,1.0,0.0,0.35379028587693595,0.1255577581358281,4.0,4.0,,,,
generalized_mean_greedy,burst,no_trust,8,146,400,0.45003185995226164,3.5327302428028036,7.849955874629737,3.256251238258272,0.5440421424721218,0.0,0.0,1.0,1.0,0.0,0.3435776992186176,0.44234079752285366,4.0,4.0,,,,
generalized_mean_greedy,burst,no_trust,9,159,400,0.43487907795271896,3.430315778768887,7.887976112619147,3.142242065861395,0.7973089243888807,0.0,0.0,1.0,1.0,0.0,0.3486901720479088,0.1783747736608137,4.0,4.0,,,,
generalized_mean_greedy,burst,no_trust,10,172,400,0.44768858696113434,3.48676392792742,7.7883690348133,3.0599951589870265,0.8493264951132753,0.0,0.0,1.0,1.0,0.0,0.3445241367653651,0.48098919091769604,4.0,4.0,,,,
generalized_mean_greedy,burst,no_trust,11,185,400,0.44764464439600193,3.52929020214413,7.8841336455753455,3.288991335527071,0.5772934902803084,0.0,0.0,1.0,1.0,0.0,0.3362572268515986,0.4753774160806299,4.0,4.0,,,,
generalized_mean_greedy,burst,no_trust,12,198,400,0.4446299029723533,3.54352108214446,7.969596867992914,3.250138586556064,0.6470694875574985,0.0,0.0,1.0,1.0,0.0,0.34461800908942236,0.14850098850480045,4.0,4.0,,,,
generalized_mean_greedy,burst,no_trust,13,211,400,0.4457944295771238,3.394498014765928,7.614491769190376,3.084787805879674,0.5603699871479293,0.0,0.0,1.0,1.0,0.0,0.34404309099670416,0.21307643742554444,4.0,4.0,,,,
generalized_mean_greedy,burst,no_trust,14,224,400,0.4603978985334003,3.520699996163275,7.647080943198224,3.3761635617561456,0.4424410495617286,0.0,0.0,1.0,1.0,0.0,0.33516789769898,0.37995823371001497,4.0,4.0,,,,
generalized_mean_greedy,burst,no_trust,15,237,400,0.4455650025455982,3.373403139331533,7.571068463767654,3.0908213661073716,0.618703923372232,0.0,0.0,1.0,1.0,0.0,0.34281572079920664,0.11621131057120536,4.0,4.0,,,,
generalized_mean_greedy,burst,no_trust,16,250,400,0.44124626515382415,3.4603446839912357,7.842207305221983,3.232625904380071,0.5975553179905297,0.0,0.0,1.0,1.0,0.0,0.3496104414721677,0.15914658255772973,4.0,4.0,,,,
generalized_mean_greedy,burst,no_trust,17,263,400,0.44174391149521264,3.5525659813147556,8.042139096586634,3.3327205623463168,0.6689425943788456,0.0,0.0,1.0,1.0,0.0,0.3503407165150799,0.3427970527185098,4.0,4.0,,,,
generalized_mean_greedy,burst,no_trust,18,276,400,0.45260214854841585,3.5873785483571847,7.92611913103509,3.239972033629242,0.7221933806920755,0.0,0.0,1.0,1.0,0.0,0.3406036672370301,0.14021700510293858,4.0,4.0,,,,
generalized_mean_greedy,burst,no_trust,19,289,400,0.44079524197275194,3.5013179722286445,7.943184587380553,3.156359178629932,0.610637427484058,0.0,0.0,1.0,1.0,0.0,0.3520228273978168,0.21478479924949984,4.0,4.0,,,,
generalized_mean_greedy,burst,no_trust,20,302,400,0.4449276052711385,3.4177030003312474,7.681481121515268,3.1329782845655894,0.5039156826919462,0.0,0.0,1.0,1.0,0.0,0.3355638726322024,0.37230252576377426,4.0,4.0,,,,
generalized_mean_greedy,burst,no_trust,21,315,400,0.45170853173206904,3.470648895110088,7.6833813206979755,3.0925523570940925,0.7381298439919108,0.0,0.0,1.0,1.0,0.0,0.3351642129010625,0.27406574327561056,4.0,4.0,,,,
generalized_mean_greedy,burst,no_trust,22,328,400,0.4490606281511629,3.6030141929997352,8.02344709629473,3.419010238704034,0.5421779616685276,0.0,0.0,1.0,1.0,0.0,0.3505248254637725,0.5534922460816186,4.0,4.0,,,,
generalized_mean_greedy,burst,no_trust,23,341,400,0.4524205648972943,3.5323715618067784,7.807716615642074,3.348749726719766,0.605869134162988,0.0,0.0,1.0,1.0,0.0,0.34042682411867853,0.1832660633875377,4.0,4.0,,,,
generalized_mean_greedy,burst,no_trust,24,354,400,0.44775147533187304,3.4974017564059445,7.811033461841021,3.215977183547016,0.7652764710260764,0.0,0.0,1.0,1.0,0.0,0.34131934490720384,0.08109746292994274,4.0,4.0,,,,
generalized_mean_greedy,burst,oracle,0,42,400,0.6554762015861431,5.236246311086059,7.988461363532675,4.824418603163474,0.9220623229539369,1.0,0.0,0.0,1.0,0.0,0.0,0.0,0.0,0.0,,,,
generalized_mean_greedy,burst,oracle,1,55,400,0.6503695795806258,5.210444645219613,8.011513466819027,4.952210688842452,0.6680093051036033,1.0,0.0,0.0,1.0,0.0,0.0,0.0,0.0,0.0,,,,
generalized_mean_greedy,burst,oracle,2,68,400,0.6497325253517393,5.045489556435135,7.76548711903211,4.510743254406604,1.2609777048901236,1.0,0.0,0.0,1.0,0.0,0.0,0.0,0.0,0.0,,,,
generalized_mean_greedy,burst,oracle,3,81,400,0.6580061800769154,5.091330794591663,7.737512121841362,4.709647670519736,0.7026979616236284,1.0,0.0,0.0,1.0,0.0,0.0,0.0,0.0,0.0,,,,
generalized_mean_greedy,burst,oracle,4,94,400,0.6528126569040598,5.131931078640094,7.8612616106098345,4.77737914117089,0.801631836983117,1.0,0.0,0.0,1.0,0.0,0.0,0.0,0.0,0.0,,,,
generalized_mean_greedy,burst,oracle,5,107,400,0.6504589805367893,5.066006210636573,7.788356164220942,4.550105242126694,0.8987707900305173,1.0,0.0,0.0,1.0,0.0,0.0,0.0,0.0,0.0,,,,
generalized_mean_greedy,burst,oracle,6,120,400,0.6479513736072476,5.029954792146612,7.762858444367607,4.63875410167156,0.9671715206559863,1.0,0.0,0.0,1.0,0.0,0.0,0.0,0.0,0.0,,,,
generalized_mean_greedy,burst,oracle,7,133,400,0.6551424571762543,5.163008695894424,7.880742026928976,4.703894661600388,0.7943525055098934,1.0,0.0,0.0,1.0,0.0,0.0,0.0,0.0,0.0,,,,
generalized_mean_greedy,burst,oracle,8,146,400,0.6543354862085092,5.136504693941192,7.849955874629737,4.696895988942082,0.8322552340596623,1.0,0.0,0.0,1.0,0.0,0.0,0.0,0.0,0.0,,,,
generalized_mean_greedy,burst,oracle,9,159,400,0.6480640843827367,5.111914017057426,7.887976112619147,4.708648115224718,1.1525682128793937,1.0,0.0,0.0,1.0,0.0,0.0,0.0,0.0,0.0,,,,
generalized_mean_greedy,burst,oracle,10,172,400,0.6525857535398939,5.082578675430414,7.7883690348133,4.628124232014999,0.9430313775843571,1.0,0.0,0.0,1.0,0.0,0.0,0.0,0.0,0.0,,,,
generalized_mean_greedy,burst,oracle,11,185,400,0.6501281215914697,5.125696997374005,7.8841336455753455,4.706230555960356,0.9222317116617154,1.0,0.0,0.0,1.0,0.0,0.0,0.0,0.0,0.0,,,,
generalized_mean_greedy,burst,oracle,12,198,400,0.6526114235414237,5.201049957072127,7.969596867992914,4.856132544253296,0.9008122282342992,1.0,0.0,0.0,1.0,0.0,0.0,0.0,0.0,0.0,,,,
generalized_mean_greedy,burst,oracle,13,211,400,0.6519813929095366,4.964506949974943,7.614491769190376,4.45385640763294,0.9048733372063724,1.0,0.0,0.0,1.0,0.0,0.0,0.0,0.0,0.0,,,,
generalized_mean_greedy,burst,oracle,14,224,400,0.6583705742572251,5.034613071964897,7.647080943198224,4.791703214913118,0.584229186059658,1.0,0.0,0.0,1.0,0.0,0.0,0.0,0.0,0.0,,,,
generalized_mean_greedy,burst,oracle,15,237,400,0.6504196533801926,4.924371725921465,7.571068463767654,4.512085317014498,0.7903654332386694,1.0,0.0,0.0,1.0,0.0,0.0,0.0,0.0,0.0,,,,
generalized_mean_greedy,burst,oracle,16,250,400,0.6520687917356734,5.1136586420567705,7.842207305221983,4.867129409401951,0.6771388378501575,1.0,0.0,0.0,1.0,0.0,0.0,0.0,0.0,0.0,,,,
generalized_mean_greedy,burst,oracle,17,263,400,0.6560757785264049,5.276252668810715,8.042139096586634,4.949278843379023,0.9393638584040414,1.0,0.0,0.0,1.0,0.0,0.0,0.0,0.0,0.0,,,,
generalized_mean_greedy,burst,oracle,18,276,400,0.6574916596266699,5.2113572218629605,7.92611913103509,4.7691012451896,0.906617944111825,1.0,0.0,0.0,1.0,0.0,0.0,0.0,0.0,0.0,,,,
generalized_mean_greedy,burst,oracle,19,289,400,0.6534937753902644,5.190821684629078,7.943184587380553,4.776688037126516,0.8654023572682394,1.0,0.0,0.0,1.0,0.0,0.0,0.0,0.0,0.0,,,,
generalized_mean_greedy,burst,oracle,20,302,400,0.6449652732426444,4.95428857044631,7.681481121515268,4.539386066100209,0.8366946781955926,1.0,0.0,0.0,1.0,0.0,0.0,0.0,0.0,0.0,,,,
generalized_mean_greedy,burst,oracle,21,315,400,0.6548348979000769,5.031346222666617,7.6833813206979755,4.527666894371221,0.8737157218813669,1.0,0.0,0.0,1.0,0.0,0.0,0.0,0.0,0.0,,,,
generalized_mean_greedy,burst,oracle,22,328,400,0.653745818132981,5.24529498621389,8.02344709629473,4.9773655686878415,0.6722688854985996,1.0,0.0,0.0,1.0,0.0,0.0,0.0,0.0,0.0,,,,
generalized_mean_greedy,burst,oracle,23,341,400,0.6552749940506718,5.116201458864191,7.807716615642074,4.801036527025262,0.746418155859323,1.0,0.0,0.0,1.0,0.0,0.0,0.0,0.0,0.0,,,,
generalized_mean_greedy,burst,oracle,24,354,400,0.6533154752078996,5.1030690379874715,7.811033461841021,4.735322044191528,0.9860601184951667,1.0,0.0,0.0,1.0,0.0,0.0,0.0,0.0,0.0,,,,
generalized_mean_greedy,burst,sparse_online,0,42,400,0.6538013345249797,5.222866700278902,7.988461363532675,4.810799424441134,0.921257345191,1.0,0.0,0.0,1.0,0.0,0.0017369100880838988,0.0,0.0025,0.0,,,,
generalized_mean_greedy,burst,sparse_online,1,55,400,0.6495456669103549,5.203843857766254,8.011513466819027,4.945791495210437,0.6677725563861534,1.0,0.0,0.0,1.0,0.0,0.0013240672702118554,0.0,0.01,0.0,,,,
generalized_mean_greedy,burst,sparse_online,2,68,400,0.6473341765675211,5.026865209844343,7.76548711903211,4.492334199601926,1.2599327403076162,1.0,0.0,0.0,1.0,0.0,0.002738748598571741,0.0,0.0125,0.0,,,,
generalized_mean_greedy,burst,sparse_online,3,81,400,0.6580084565005462,5.0913484084471,7.737512121841362,4.709667709488957,0.7026971843532666,1.0,0.0,0.0,1.0,0.0,0.0,0.0,0.0,0.0,,,,
generalized_mean_greedy,burst,sparse_online,4,94,400,0.6527733849567852,5.131622351588611,7.8612616106098345,4.777067126562201,0.8016370357492288,1.0,0.0,0.0,1.0,0.0,0.0,0.0,0.0,0.0,,,,
generalized_mean_greedy,burst,sparse_online,5,107,400,0.6504655288784839,5.066057211453975,7.788356164220942,4.550150147042186,0.8987777017872149,1.0,0.0,0.0,1.0,0.0,0.0,0.0,0.0,0.0,,,,
generalized_mean_greedy,burst,sparse_online,6,120,400,0.6479352659903654,5.02982975099688,7.762858444367607,4.638657426217383,0.9671257027644655,1.0,0.0,0.0,1.0,0.0,0.0,0.0,0.0,0.0,,,,
generalized_mean_greedy,burst,sparse_online,7,133,400,0.6544228604355165,5.15733773961725,7.880742026928976,4.698716613940958,0.7939955059893409,1.0,0.0,0.0,1.0,0.0,0.0,0.0,0.0,0.0,,,,
generalized_mean_greedy,burst,sparse_online,8,146,400,0.6531547512677023,5.127235976756224,7.849955874629737,4.688239766335763,0.8317927587355998,1.0,0.0,0.0,1.0,0.0,0.0027644351118577526,0.0,0.01,0.0,,,,
generalized_mean_greedy,burst,sparse_online,9,159,400,0.6479781001370234,5.111235775381179,7.887976112619147,4.707981837752515,1.1524784189095012,1.0,0.0,0.0,1.0,0.0,0.0,0.0,0.0,0.0,,,,
generalized_mean_greedy,burst,sparse_online,10,172,400,0.650916121675389,5.069574966317366,7.7883690348133,4.615805050260166,0.9420170230368621,1.0,0.0,0.0,1.0,0.0,0.0035797437480805053,0.0,0.01,0.0,,,,
generalized_mean_greedy,burst,sparse_online,11,185,400,0.6494583198803587,5.120416191167571,7.8841336455753455,4.701489348437309,0.9215851648102547,1.0,0.0,0.0,1.0,0.0,0.0,0.0,0.0,0.0,,,,
generalized_mean_greedy,burst,sparse_online,12,198,400,0.6512214918825023,5.189972762076463,7.969596867992914,4.844989360808363,0.8998781673356868,1.0,0.0,0.0,1.0,0.0,0.0019177395109662976,0.0,0.0175,0.0,,,,
generalized_mean_greedy,burst,sparse_online,13,211,400,0.6505889466299553,4.953904179240031,7.614491769190376,4.443627034810499,0.9041734959383652,1.0,0.0,0.0,1.0,0.0,0.001571610168248343,0.0,0.01,0.0,,,,
generalized_mean_greedy,burst,sparse_online,14,224,400,0.6575606496160176,5.0284195126756925,7.647080943198224,4.785573614817947,0.5841647764397884,1.0,0.0,0.0,1.0,0.0,0.0009503609031134355,0.0,0.0025,0.0,,,,
generalized_mean_greedy,burst,sparse_online,15,237,400,0.6506497603638876,4.926113881649011,7.571068463767654,4.5136636956529,0.7905155246909494,1.0,0.0,0.0,1.0,0.0,0.0,0.0,0.0,0.0,,,,
generalized_mean_greedy,burst,sparse_online,16,250,400,0.6505376232555217,5.101650901416198,7.842207305221983,4.855018704667954,0.677303383374591,1.0,0.0,0.0,1.0,0.0,0.0033088194419240635,0.0,0.0175,0.0,,,,
generalized_mean_greedy,burst,sparse_online,17,263,400,0.6550624326221981,5.268103200096127,8.042139096586634,4.941405584083209,0.938748161931267,1.0,0.0,0.0,1.0,0.0,0.0019438665892240123,0.0,0.0125,0.0,,,,
generalized_mean_greedy,burst,sparse_online,18,276,400,0.6571055958591242,5.208297234449216,7.92611913103509,4.766301761830979,0.9061709963516789,1.0,0.0,0.0,1.0,0.0,0.0010170640968743688,0.0,0.0025,0.0,,,,
generalized_mean_greedy,burst,sparse_online,19,289,400,0.6508843172716017,5.1700942771195,7.943184587380553,4.757702618941603,0.8627350564145635,1.0,0.0,0.0,1.0,0.0,0.003472355480335587,0.0,0.01,0.0,,,,
generalized_mean_greedy,burst,sparse_online,20,302,400,0.6450331454978593,4.954809929893417,7.681481121515268,4.539881775286157,0.8367396525045656,1.0,0.0,0.0,1.0,0.0,0.0,0.0,0.0,0.0,,,,
generalized_mean_greedy,burst,sparse_online,21,315,400,0.6533654210504818,5.0200556716892395,7.6833813206979755,4.516978865940379,0.8734515111857792,1.0,0.0,0.0,1.0,0.0,0.002930301924450768,0.0,0.0075,0.0,,,,
generalized_mean_greedy,burst,sparse_online,22,328,400,0.6530414580037426,5.239643589980205,8.02344709629473,4.97193910920398,0.6714104894324375,1.0,0.0,0.0,1.0,0.0,0.001112209406675873,0.0,0.005,0.0,,,,
generalized_mean_greedy,burst,sparse_online,23,341,400,0.6544161680565177,5.109495988879689,7.807716615642074,4.794621347337181,0.7460511511358305,1.0,0.0,0.0,1.0,0.0,0.0023766693295512124,0.0,0.01,0.0,,,,
generalized_mean_greedy,burst,sparse_online,24,354,400,0.6503227792380448,5.079692989625819,7.811033461841021,4.713521951410334,0.9816668327125857,1.0,0.0,0.0,1.0,0.0,0.002279901066362494,0.0,0.01,0.0,,,,
generalized_mean_greedy,byzantine,algorithm1,0,42,400,0.6441854351044397,5.146050459282302,7.988461363532675,4.7335355055334745,0.915847859028494,1.0,0.0,0.0,1.0,0.0,0.017953338534582274,0.0,0.0925,0.0,,,,
generalized_mean_greedy,byzantine,algorithm1,1,55,400,0.6429531009702406,5.151027426956136,8.011513466819027,4.894111722375157,0.6656843797737997,1.0,0.0,0.0,1.0,0.0,0.014466503301407037,0.0,0.0825,0.0,,,,
generalized_mean_greedy,byzantine,algorithm1,2,68,400,0.6450380006866779,5.009034285618623,7.76548711903211,4.474843379292512,1.2589564194154281,1.0,0.0,0.0,1.0,0.0,0.0033564957573403733,0.0,0.01,0.0,,,,
generalized_mean_greedy,byzantine,algorithm1,3,81,400,0.6532991120477956,5.0549097986580165,7.737512121841362,4.671946237687157,0.7029132006736418,1.0,0.0,0.0,1.0,0.0,0.007099229011228249,0.0,0.0175,0.0,,,,
generalized_mean_greedy,byzantine,algorithm1,4,94,400,0.6514128268122767,5.120926648078184,7.8612616106098345,4.766420515337203,0.8007855300976807,1.0,0.0,0.0,1.0,0.0,0.0030574145304945975,0.0,0.0075,0.0,,,,
generalized_mean_greedy,byzantine,algorithm1,5,107,400,0.6444751195389524,5.019401769948229,7.788356164220942,4.509981976613334,0.8913154138129817,1.0,0.0,0.0,1.0,0.0,0.009637680894821747,0.0,0.04,0.0,,,,
generalized_mean_greedy,byzantine,algorithm1,6,120,400,0.6439775037605001,4.999106203049971,7.762858444367607,4.609997389260915,0.9622688588115036,1.0,0.0,0.0,1.0,0.0,0.007299259257021937,0.0,0.035,0.0,,,,
generalized_mean_greedy,byzantine,algorithm1,7,133,400,0.6474705868951413,5.1025486653449095,7.880742026928976,4.648890656786262,0.7907474689053879,1.0,0.0,0.0,1.0,0.0,0.010866887072295408,0.0,0.065,0.0,,,,
generalized_mean_greedy,byzantine,algorithm1,8,146,400,0.6477612490694235,5.084897222490017,7.849955874629737,4.648556856572664,0.8301903469481795,1.0,0.0,0.0,1.0,0.0,0.011173064079882467,0.0,0.055,0.0,,,,
generalized_mean_greedy,byzantine,algorithm1,9,159,400,0.6406506272658512,5.053436844407507,7.887976112619147,4.6513988049562425,1.1446170709666,1.0,0.0,0.0,1.0,0.0,0.012875027079245533,0.0,0.06,0.0,,,,
generalized_mean_greedy,byzantine,algorithm1,10,172,400,0.644922172794827,5.022891880459743,7.7883690348133,4.571668524096498,0.9382842258371111,1.0,0.0,0.0,1.0,0.0,0.013035615119886698,0.0,0.0575,0.0,,,,
generalized_mean_greedy,byzantine,algorithm1,11,185,400,0.6452722287380239,5.087412489148845,7.8841336455753455,4.671859754572073,0.9175288893788354,1.0,0.0,0.0,1.0,0.0,0.009379178684721252,0.0,0.04,0.0,,,,
generalized_mean_greedy,byzantine,algorithm1,12,198,400,0.6452680625859482,5.142526330600828,7.969596867992914,4.7979551555001825,0.8950770047580461,1.0,0.0,0.0,1.0,0.0,0.01049281471192012,0.0,0.08,0.0,,,,
generalized_mean_greedy,byzantine,algorithm1,13,211,400,0.6459516264934695,4.918593343229659,7.614491769190376,4.4101338601815,0.9013649305532505,1.0,0.0,0.0,1.0,0.0,0.010964530387455462,0.0,0.03,0.0,,,,
generalized_mean_greedy,byzantine,algorithm1,14,224,400,0.6549067469358744,5.008124904065267,7.647080943198224,4.765506500988512,0.583892773765621,1.0,0.0,0.0,1.0,0.0,0.007572057502059658,0.0,0.045,0.0,,,,
generalized_mean_greedy,byzantine,algorithm1,15,237,400,0.6467923183513187,4.896908924076838,7.571068463767654,4.486345484974002,0.787151406345389,1.0,0.0,0.0,1.0,0.0,0.00810382020996839,0.0,0.045,0.0,,,,
generalized_mean_greedy,byzantine,algorithm1,16,250,400,0.6466060310902558,5.070818540616597,7.842207305221983,4.8239073444727385,0.6778127200210431,1.0,0.0,0.0,1.0,0.0,0.009854257290893067,0.0,0.06,0.0,,,,
generalized_mean_greedy,byzantine,algorithm1,17,263,400,0.6477404725176074,5.20921897847535,8.042139096586634,4.884554063286709,0.9342467512659054,1.0,0.0,0.0,1.0,0.0,0.016352999486181397,0.0,0.1,0.0,,,,
generalized_mean_greedy,byzantine,algorithm1,18,276,400,0.6527102596560075,5.173459276082363,7.92611913103509,4.73479832444435,0.9012485873054672,1.0,0.0,0.0,1.0,0.0,0.010248823311078294,0.0,0.0625,0.0,,,,
generalized_mean_greedy,byzantine,algorithm1,19,289,400,0.6480036370943479,5.147212502734366,7.943184587380553,4.7370326237337395,0.8594135754086114,1.0,0.0,0.0,1.0,0.0,0.00654298988761979,0.0,0.025,0.0,,,,
generalized_mean_greedy,byzantine,algorithm1,20,302,400,0.6418019213763111,4.92998934280436,7.681481121515268,4.515886019792707,0.8351122674394711,1.0,0.0,0.0,1.0,0.0,0.0046244246116338514,0.0,0.0175,0.0,,,,
generalized_mean_greedy,byzantine,algorithm1,21,315,400,0.653794973448781,5.023356086562593,7.6833813206979755,4.520128733646095,0.8734944736768275,1.0,0.0,0.0,1.0,0.0,0.002443268982483887,0.0,0.0075,0.0,,,,
generalized_mean_greedy,byzantine,algorithm1,22,328,400,0.6501047849692889,5.2160813492491505,8.02344709629473,4.949602810480644,0.6674605608753028,1.0,0.0,0.0,1.0,0.0,0.007779329499257549,0.0,0.0325,0.0,,,,
generalized_mean_greedy,byzantine,algorithm1,23,341,400,0.6495207380058264,5.0712738583321935,7.807716615642074,4.758008160706445,0.7439684687729233,1.0,0.0,0.0,1.0,0.0,0.010347415199713762,0.0,0.0875,0.0,,,,
generalized_mean_greedy,byzantine,algorithm1,24,354,400,0.6463643699231855,5.04877372201179,7.811033461841021,4.684635347799604,0.9762157572497205,1.0,0.0,0.0,1.0,0.0,0.009708193871202014,0.0,0.0725,0.0,,,,
generalized_mean_greedy,byzantine,no_trust,0,42,400,0.3945526482160631,3.1518685861535194,7.988461363532675,2.8922775118943176,0.5821401007020763,0.0,0.0,1.0,1.0,0.0,0.4300911026531554,0.6969526642789318,4.0,4.0,,,,
generalized_mean_greedy,byzantine,no_trust,1,55,400,0.38938946930855917,3.1195989772030357,8.011513466819027,2.8882277279881237,0.5667495555811874,0.0,0.0,1.0,1.0,0.0,0.4343663341841358,0.48083961399370895,4.0,4.0,,,,
generalized_mean_greedy,byzantine,no_trust,2,68,400,0.39719476241951285,3.0844108113157462,7.76548711903211,2.719129244572908,0.8156798773816725,0.0,0.0,1.0,1.0,0.0,0.4193705786449759,0.34101559249988916,4.0,4.0,,,,
generalized_mean_greedy,byzantine,no_trust,3,81,400,0.40904929621503494,3.1650238878945105,7.737512121841362,2.917905229589243,0.45392650863798867,0.0,0.0,1.0,1.0,0.0,0.4096507985166222,0.6986411212565518,4.0,4.0,,,,
generalized_mean_greedy,byzantine,no_trust,4,94,400,0.39967496258629104,3.1419494401015315,7.8612616106098345,2.926450715471628,0.5323835764229985,0.0,0.0,1.0,1.0,0.0,0.42458867577399745,0.5174157003235815,4.0,4.0,,,,
generalized_mean_greedy,byzantine,no_trust,5,107,400,0.4029038929076006,3.1379590179155255,7.788356164220942,2.8061526326498893,0.6448910918395669,0.0,0.0,1.0,1.0,0.0,0.41416019123231756,0.7562112289049271,4.0,4.0,,,,
generalized_mean_greedy,byzantine,no_trust,6,120,400,0.3898616739164239,3.0264409874974016,7.762858444367607,2.761504636041744,0.6089044425920482,0.0,0.0,1.0,1.0,0.0,0.42472464488435896,0.2987577742745644,4.0,4.0,,,,
generalized_mean_greedy,byzantine,no_trust,7,133,400,0.3873890760927331,3.052913372737189,7.880742026928976,2.7341988124917904,0.5804209453625728,0.0,0.0,1.0,1.0,0.0,0.43679423155352276,0.0702545615635766,4.0,4.0,,,,
generalized_mean_greedy,byzantine,no_trust,8,146,400,0.3962793572377801,3.1107754683432085,7.849955874629737,2.7800454979720244,0.6047751920743996,0.0,0.0,1.0,1.0,0.0,0.42473614485489475,0.40167852142782096,4.0,4.0,,,,
generalized_mean_greedy,byzantine,no_trust,9,159,400,0.3839664501550628,3.028718186870306,7.887976112619147,2.7036355391393303,0.8972054424827829,0.0,0.0,1.0,1.0,0.0,0.4373796030142199,0.5389888045401872,4.0,4.0,,,,
generalized_mean_greedy,byzantine,no_trust,10,172,400,0.3972691713063114,3.094078912288016,7.7883690348133,2.758135333790559,0.7185605050838237,0.0,0.0,1.0,1.0,0.0,0.42482192099368743,0.8062877738558825,4.0,4.0,,,,
generalized_mean_greedy,byzantine,no_trust,11,185,400,0.39826692033700184,3.139989626548632,7.8841336455753455,2.8535202777548294,0.6336978975032554,0.0,0.0,1.0,1.0,0.0,0.41777035832508075,0.8541264876119581,4.0,4.0,,,,
generalized_mean_greedy,byzantine,no_trust,12,198,400,0.39609810224214387,3.156742195046927,7.969596867992914,2.9176264211122196,0.5920712092342502,0.0,0.0,1.0,1.0,0.0,0.42726933512870774,0.5305375716864762,4.0,4.0,,,,
generalized_mean_greedy,byzantine,no_trust,13,211,400,0.3848698498802393,2.930588304122618,7.614491769190376,2.616672257263213,0.5440279339434952,0.0,0.0,1.0,1.0,0.0,0.43997095237792705,0.6355505153411107,4.0,4.0,,,,
generalized_mean_greedy,byzantine,no_trust,14,224,400,0.4176603354010623,3.193882391575242,7.647080943198224,3.026599495708095,0.441604795417851,0.0,0.0,1.0,1.0,0.0,0.40973996905595766,0.6849505532821742,4.0,4.0,,,,
generalized_mean_greedy,byzantine,no_trust,15,237,400,0.39621873733055385,2.999799186957196,7.571068463767654,2.749909685798927,0.5424192943995645,0.0,0.0,1.0,1.0,0.0,0.42699002575301975,0.41343179940386066,4.0,4.0,,,,
generalized_mean_greedy,byzantine,no_trust,16,250,400,0.3937315453644649,3.0877244013535474,7.842207305221983,2.9113295009948486,0.4306565279735355,0.0,0.0,1.0,1.0,0.0,0.4244230189841714,0.16705958449624916,4.0,4.0,,,,
generalized_mean_greedy,byzantine,no_trust,17,263,400,0.3967034471268406,3.1903443018894535,8.042139096586634,3.0086166902515488,0.4749192895269827,0.0,0.0,1.0,1.0,0.0,0.4295678789701104,0.6034098075938985,4.0,4.0,,,,
generalized_mean_greedy,byzantine,no_trust,18,276,400,0.40570362646116276,3.2156552752241363,7.92611913103509,2.8635194591107984,0.7226050820461634,0.0,0.0,1.0,1.0,0.0,0.41996891438394635,0.45946333389463007,4.0,4.0,,,,
generalized_mean_greedy,byzantine,no_trust,19,289,400,0.3853999818754631,3.0613031960099226,7.943184587380553,2.820053666007511,0.5312625126061552,0.0,0.0,1.0,1.0,0.0,0.43518831468540553,0.22452051184800043,4.0,4.0,,,,
generalized_mean_greedy,byzantine,no_trust,20,302,400,0.39717429249561503,3.05088682975625,7.681481121515268,2.8196168690298182,0.4788044711726194,0.0,0.0,1.0,1.0,0.0,0.4116802429354148,0.6668547457370131,4.0,4.0,,,,
generalized_mean_greedy,byzantine,no_trust,21,315,400,0.40330329250829294,3.0987329842342097,7.6833813206979755,2.728300761361086,0.6949877432394005,0.0,0.0,1.0,1.0,0.0,0.415989248605123,0.6842591611267231,4.0,4.0,,,,
generalized_mean_greedy,byzantine,no_trust,22,328,400,0.39817619114044583,3.1947456046195053,8.02344709629473,3.0077054873190328,0.4455952031462762,0.0,0.0,1.0,1.0,0.0,0.4275142226345713,0.47749199500403106,4.0,4.0,,,,
generalized_mean_greedy,byzantine,no_trust,23,341,400,0.40090766314306103,3.130173422860313,7.807716615642074,2.929471016427436,0.5170416825616191,0.0,0.0,1.0,1.0,0.0,0.41652480928874525,0.6170301415409738,4.0,4.0,,,,
generalized_mean_greedy,byzantine,no_trust,24,354,400,0.4011408923580659,3.1333249331216195,7.811033461841021,2.9490206342024248,0.5927277249677672,0.0,0.0,1.0,1.0,0.0,0.423818142114741,0.046977359297977674,4.0,4.0,,,,
generalized_mean_greedy,byzantine,oracle,0,42,400,0.6554762015861431,5.236246311086059,7.988461363532675,4.824418603163474,0.9220623229539369,1.0,0.0,0.0,1.0,0.0,0.0,0.0,0.0,0.0,,,,
generalized_mean_greedy,byzantine,oracle,1,55,400,0.6503695795806258,5.210444645219613,8.011513466819027,4.952210688842452,0.6680093051036033,1.0,0.0,0.0,1.0,0.0,0.0,0.0,0.0,0.0,,,,
generalized_mean_greedy,byzantine,oracle,2,68,400,0.6497325253517393,5.045489556435135,7.76548711903211,4.510743254406604,1.2609777048901236,1.0,0.0,0.0,1.0,0.0,0.0,0.0,0.0,0.0,,,,
generalized_mean_greedy,byzantine,oracle,3,81,400,0.6580061800769154,5.091330794591663,7.737512121841362,4.709647670519736,0.7026979616236284,1.0,0.0,0.0,1.0,0.0,0.0,0.0,0.0,0.0,,,,
generalized_mean_greedy,byzantine,oracle,4,94,400,0.6528126569040598,5.131931078640094,7.8612616106098345,4.77737914117089,0.801631836983117,1.0,0.0,0.0,1.0,0.0,0.0,0.0,0.0,0.0,,,,
generalized_mean_greedy,byzantine,oracle,5,107,400,0.6504589805367893,5.066006210636573,7.788356164220942,4.550105242126694,0.8987707900305173,1.0,0.0,0.0,1.0,0.0,0.0,0.0,0.0,0.0,,,,
generalized_mean_greedy,byzantine,oracle,6,120,400,0.6479513736072476,5.029954792146612,7.762858444367607,4.63875410167156,0.9671715206559863,1.0,0.0,0.0,1.0,0.0,0.0,0.0,0.0,0.0,,,,
generalized_mean_greedy,byzantine,oracle,7,133,400,0.6551424571762543,5.163008695894424,7.880742026928976,4.703894661600388,0.7943525055098934,1.0,0.0,0.0,1.0,0.0,0.0,0.0,0.0,0.0,,,,
generalized_mean_greedy,byzantine,oracle,8,146,400,0.6543354862085092,5.136504693941192,7.849955874629737,4.696895988942082,0.8322552340596623,1.0,0.0,0.0,1.0,0.0,0.0,0.0,0.0,0.0,,,,
generalized_mean_greedy,byzantine,oracle,9,159,400,0.6480640843827367,5.111914017057426,7.887976112619147,4.708648115224718,1.1525682128793937,1.0,0.0,0.0,1.0,0.0,0.0,0.0,0.0,0.0,,,,
generalized_mean_greedy,byzantine,oracle,10,172,400,0.6525857535398939,5.082578675430414,7.7883690348133,4.628124232014999,0.9430313775843571,1.0,0.0,0.0,1.0,0.0,0.0,0.0,0.0,0.0,,,,
generalized_mean_greedy,byzantine,oracle,11,185,400,0.6501281215914697,5.125696997374005,7.8841336455753455,4.706230555960356,0.9222317116617154,1.0,0.0,0.0,1.0,0.0,0.0,0.0,0.0,0.0,,,,
generalized_mean_greedy,byzantine,oracle,12,198,400,0.6526114235414237,5.201049957072127,7.969596867992914,4.856132544253296,0.9008122282342992,1.0,0.0,0.0,1.0,0.0,0.0,0.0,0.0,0.0,,,,
generalized_mean_greedy,byzantine,oracle,13,211,400,0.6519813929095366,4.964506949974943,7.614491769190376,4.45385640763294,0.9048733372063724,1.0,0.0,0.0,1.0,0.0,0.0,0.0,0.0,0.0,,,,
generalized_mean_greedy,byzantine,oracle,14,224,400,0.6583705742572251,5.034613071964897,7.647080943198224,4.791703214913118,0.584229186059658,1.0,0.0,0.0,1.0,0.0,0.0,0.0,0.0,0.0,,,,
generalized_mean_greedy,byzantine,oracle,15,237,400,0.6504196533801926,4.924371725921465,7.571068463767654,4.512085317014498,0.7903654332386694,1.0,0.0,0.0,1.0,0.0,0.0,0.0,0.0,0.0,,,,
generalized_mean_greedy,byzantine,oracle,16,250,400,0.6520687917356734,5.1136586420567705,7.842207305221983,4.867129409401951,0.6771388378501575,1.0,0.0,0.0,1.0,0.0,0.0,0.0,0.0,0.0,,,,
generalized_mean_greedy,byzantine,oracle,17,263,400,0.6560757785264049,5.276252668810715,8.042139096586634,4.949278843379023,0.9393638584040414,1.0,0.0,0.0,1.0,0.0,0.0,0.0,0.0,0.0,,,,
generalized_mean_greedy,byzantine,oracle,18,276,400,0.6574916596266699,5.2113572218629605,7.92611913103509,4.7691012451896,0.906617944111825,1.0,0.0,0.0,1.0,0.0,0.0,0.0,0.0,0.0,,,,
generalized_mean_greedy,byzantine,oracle,19,289,400,0.6534937753902644,5.190821684629078,7.943184587380553,4.776688037126516,0.8654023572682394,1.0,0.0,0.0,1.0,0.0,0.0,0.0,0.0,0.0,,,,
generalized_mean_greedy,byzantine,oracle,20,302,400,0.6449652732426444,4.95428857044631,7.681481121515268,4.539386066100209,0.8366946781955926,1.0,0.0,0.0,1.0,0.0,0.0,0.0,0.0,0.0,,,,
generalized_mean_greedy,byzantine,oracle,21,315,400,0.6548348979000769,5.031346222666617,7.6833813206979755,4.527666894371221,0.8737157218813669,1.0,0.0,0.0,1.0,0.0,0.0,0.0,0.0,0.0,,,,
generalized_mean_greedy,byzantine,oracle,22,328,400,0.653745818132981,5.24529498621389,8.02344709629473,4.9773655686878415,0.6722688854985996,1.0,0.0,0.0,1.0,0.0,0.0,0.0,0.0,0.0,,,,
generalized_mean_greedy,byzantine,oracle,23,341,400,0.6552749940506718,5.116201458864191,7.807716615642074,4.801036527025262,0.746418155859323,1.0,0.0,0.0,1.0,0.0,0.0,0.0,0.0,0.0,,,,
generalized_mean_greedy,byzantine,oracle,24,354,400,0.6533154752078996,5.1030690379874715,7.811033461841021,4.735322044191528,0.9860601184951667,1.0,0.0,0.0,1.0,0.0,0.0,0.0,0.0,0.0,,,,
generalized_mean_greedy,byzantine,sparse_online,0,42,400,0.6538658645717131,5.223382196064019,7.988461363532675,4.811323906536878,0.9212885168009848,1.0,0.0,0.0,1.0,0.0,0.00170098140116472,0.0,0.0075,0.0,,,,
generalized_mean_greedy,byzantine,sparse_online,1,55,400,0.6493090538171497,5.201948228783615,8.011513466819027,4.9439568671736085,0.667717175193185,1.0,0.0,0.0,1.0,0.0,0.0012357939240585322,0.0,0.0075,0.0,,,,
generalized_mean_greedy,byzantine,sparse_online,2,68,400,0.6472698595411798,5.026365756804754,7.76548711903211,4.491846939437179,1.259908340451136,1.0,0.0,0.0,1.0,0.0,0.0025816293721009974,0.0,0.0075,0.0,,,,
generalized_mean_greedy,byzantine,sparse_online,3,81,400,0.6577442817222537,5.089304352897778,7.737512121841362,4.707550589366808,0.7027114088044861,1.0,0.0,0.0,1.0,0.0,0.0004555878960157837,0.0,0.0025,0.0,,,,
generalized_mean_greedy,byzantine,sparse_online,4,94,400,0.6519675210275897,5.125287244418651,7.8612616106098345,4.770756496290712,0.8010895555939177,1.0,0.0,0.0,1.0,0.0,0.0011908422592615232,0.0,0.005,0.0,,,,
generalized_mean_greedy,byzantine,sparse_online,5,107,400,0.6504710629484255,5.066100312761718,7.788356164220942,4.550188349045808,0.8987834129430201,1.0,0.0,0.0,1.0,0.0,9.300676088355844e-05,0.0,0.0025,0.0,,,,
generalized_mean_greedy,byzantine,sparse_online,6,120,400,0.6479352659903654,5.02982975099688,7.762858444367607,4.638657426217383,0.9671257027644655,1.0,0.0,0.0,1.0,0.0,0.0,0.0,0.0,0.0,,,,
generalized_mean_greedy,byzantine,sparse_online,7,133,400,0.654215371512607,5.155702572942356,7.880742026928976,4.697290240236111,0.7938453960367351,1.0,0.0,0.0,1.0,0.0,0.0005827654410207716,0.0,0.01,0.0,,,,
generalized_mean_greedy,byzantine,sparse_online,8,146,400,0.6528654389368053,5.124964887724697,7.849955874629737,4.6861239957760725,0.8317258516554951,1.0,0.0,0.0,1.0,0.0,0.0034828797989332645,0.0,0.01,0.0,,,,
generalized_mean_greedy,byzantine,sparse_online,9,159,400,0.6478432093857578,5.110171760357382,7.887976112619147,4.706939910733617,1.152332115495553,1.0,0.0,0.0,1.0,0.0,0.0002800843481188639,0.0,0.0025,0.0,,,,
generalized_mean_greedy,byzantine,sparse_online,10,172,400,0.6524293299264264,5.08136039060297,7.7883690348133,4.626946446568454,0.9429468087981885,1.0,0.0,0.0,1.0,0.0,0.00046862179881811383,0.0,0.005,0.0,,,,
generalized_mean_greedy,byzantine,sparse_online,11,185,400,0.6489660694652699,5.116535223107921,7.8841336455753455,4.6980044486393755,0.9211111787016026,1.0,0.0,0.0,1.0,0.0,0.0009224360748482122,0.0,0.0075,0.0,,,,
generalized_mean_greedy,byzantine,sparse_online,12,198,400,0.6485749978827596,5.168881271784952,7.969596867992914,4.824137736867813,0.8977216352338031,1.0,0.0,0.0,1.0,0.0,0.0038368189718360657,0.0,0.0275,0.0,,,,
generalized_mean_greedy,byzantine,sparse_online,13,211,400,0.650883632415327,4.956148061727242,7.614491769190376,4.44585480989323,0.904194896920826,1.0,0.0,0.0,1.0,0.0,0.001111725271719889,0.0,0.0075,0.0,,,,
generalized_mean_greedy,byzantine,sparse_online,14,224,400,0.657507430928172,5.0280125450620465,7.647080943198224,4.785171427240207,0.5841598468261591,1.0,0.0,0.0,1.0,0.0,0.0011841500993174463,0.0,0.0075,0.0,,,,
generalized_mean_greedy,byzantine,sparse_online,15,237,400,0.6494852329123864,4.917297164585758,7.571068463767654,4.505374920901357,0.789719082560798,1.0,0.0,0.0,1.0,0.0,0.0044155093108683005,0.0,0.0175,0.0,,,,
generalized_mean_greedy,byzantine,sparse_online,16,250,400,0.6502207896530974,5.099166226624726,7.842207305221983,4.852506905650045,0.6773487704665921,1.0,0.0,0.0,1.0,0.0,0.003584360166377447,0.0,0.0175,0.0,,,,
generalized_mean_greedy,byzantine,sparse_online,17,263,400,0.6550253067648218,5.267804628787028,8.042139096586634,4.941117717002693,0.9387246736043515,1.0,0.0,0.0,1.0,0.0,0.0019258593822777394,0.0,0.0125,0.0,,,,
generalized_mean_greedy,byzantine,sparse_online,18,276,400,0.6561098664252437,5.200404964334002,7.92611913103509,4.759159206894494,0.9050752868500584,1.0,0.0,0.0,1.0,0.0,0.003349426627686814,0.0,0.0075,0.0,,,,
generalized_mean_greedy,byzantine,sparse_online,19,289,400,0.6516996027790254,5.176570240396383,7.943184587380553,4.763557005820036,0.8636728784887362,1.0,0.0,0.0,1.0,0.0,0.0015434944006338886,0.0,0.005,0.0,,,,
generalized_mean_greedy,byzantine,sparse_online,20,302,400,0.6450331454978593,4.954809929893417,7.681481121515268,4.539881775286157,0.8367396525045656,1.0,0.0,0.0,1.0,0.0,0.0,0.0,0.0,0.0,,,,
generalized_mean_greedy,byzantine,sparse_online,21,315,400,0.6544032915186069,5.028030026257336,7.6833813206979755,4.524543165330329,0.8736131628051655,1.0,0.0,0.0,1.0,0.0,0.0012973090762244005,0.0,0.0025,0.0,,,,
generalized_mean_greedy,byzantine,sparse_online,22,328,400,0.6531004458493285,5.240116875838588,8.02344709629473,4.9723932519173495,0.6714830451315779,1.0,0.0,0.0,1.0,0.0,0.0010342405983622457,0.0,0.005,0.0,,,,
generalized_mean_greedy,byzantine,sparse_online,23,341,400,0.653712051085764,5.1039984431077805,7.807716615642074,4.789366553225361,0.745771231219317,1.0,0.0,0.0,1.0,0.0,0.004372241085395164,0.0,0.02,0.0,,,,
generalized_mean_greedy,byzantine,sparse_online,24,354,400,0.6514373417150172,5.088398874428763,7.811033461841021,4.72164819425446,0.9835246710171912,1.0,0.0,0.0,1.0,0.0,0.0023132770696796777,0.0,0.02,0.0,,,,
generalized_mean_greedy,compound,algorithm1,0,42,400,0.536048469250588,4.282202485589155,7.988461363532675,3.881525874505383,0.7540795963620268,0.5,0.0,0.5,0.5,0.0,0.20384186435456023,0.21858956523788078,2.04,2.0,,,,
generalized_mean_greedy,compound,algorithm1,1,55,400,0.46374610669543653,3.7153081789753832,8.011513466819027,3.496976254646193,0.5866611503046304,0.25,0.0,0.75,0.25,0.0,0.30878749980723186,0.09095962693435053,3.75,3.0,,,,
generalized_mean_greedy,compound,algorithm1,2,68,400,0.5786344122012784,4.493378074577744,7.76548711903211,3.9835067490606146,1.1261582316821501,0.75,0.0,0.25,0.75,0.0,0.1204294504528023,0.018083394770103404,1.1375,1.0,,,,
generalized_mean_greedy,compound,algorithm1,3,81,400,0.5890638554627584,4.557888722181701,7.737512121841362,4.241943855457671,0.577375250762981,0.75,0.0,0.25,0.75,0.0,0.11961154694475586,0.21992490495670033,1.1225,1.0,,,,
generalized_mean_greedy,compound,algorithm1,4,94,400,0.531300018748054,4.176688441100362,7.8612616106098345,3.881976904420507,0.7019515324400953,0.5,0.0,0.5,0.5,0.0,0.2075683941432744,0.15339299581321428,2.0475,2.0,,,,
generalized_mean_greedy,compound,algorithm1,5,107,400,0.5732040003621939,4.464316909576996,7.788356164220942,4.028571298753329,0.8322489786939826,0.75,0.0,0.25,0.75,0.0,0.1357770573263029,0.0335766435558196,1.0725,1.0,,,,
generalized_mean_greedy,compound,algorithm1,6,120,400,0.6140486376648424,4.766772652148947,7.762858444367607,4.365729738321746,0.9637742900630846,1.0,0.0,0.0,1.0,0.0,0.052650110331489405,0.0,0.3775,0.0,,,,
generalized_mean_greedy,compound,algorithm1,7,133,400,0.5640132604516725,4.444843005386734,7.880742026928976,4.0192101472643476,0.7406642572834086,1.0,0.0,0.0,1.0,0.0,0.14691678386452567,0.0,1.3525,0.0,,,,
generalized_mean_greedy,compound,algorithm1,8,146,400,0.5591571876876958,4.389359250330471,7.849955874629737,3.9716142069433995,0.7636755088885461,0.75,0.0,0.25,0.75,0.0,0.16070430375562522,0.3298558486722747,1.3375,1.0,,,,
generalized_mean_greedy,compound,algorithm1,9,159,400,0.5552921210441542,4.380130986321908,7.887976112619147,4.053910349905629,0.843560966749962,0.75,0.0,0.25,0.75,0.0,0.1492990021261193,0.07465383608682101,1.42,1.0,,,,
generalized_mean_greedy,compound,algorithm1,10,172,400,0.5511273928527504,4.292383520731746,7.7883690348133,3.837983086490028,0.919226876437695,0.75,0.0,0.25,0.75,0.0,0.1718631163837214,0.05414296741483271,1.6975,1.0,,,,
generalized_mean_greedy,compound,algorithm1,11,185,400,0.5321018484545988,4.195162086273736,7.8841336455753455,3.8706219816869845,0.7781197414164391,0.5,0.0,0.5,0.5,0.0,0.20156390604320676,0.24772477260951725,2.1475,2.0,,,,
generalized_mean_greedy,compound,algorithm1,12,198,400,0.5556715150205684,4.4284779657408,7.969596867992914,4.084075574089645,0.8563455208121455,0.75,0.0,0.25,0.75,0.0,0.16360943408814116,0.009933116845277945,1.5275,1.0,,,,
generalized_mean_greedy,compound,algorithm1,13,211,400,0.6297973739458478,4.795586920168372,7.614491769190376,4.292190053966671,0.9034774532375716,1.0,0.0,0.0,1.0,0.0,0.035380990139087715,0.0,0.1425,0.0,,,,
generalized_mean_greedy,compound,algorithm1,14,224,400,0.5933127857753973,4.5371108974588905,7.647080943198224,4.29190929136438,0.5347460073804724,0.75,0.0,0.25,0.75,0.0,0.11983716077380509,0.1881809980697565,1.1225,1.0,,,,
generalized_mean_greedy,compound,algorithm1,15,237,400,0.5638985125190633,4.2693142448985695,7.571068463767654,3.923757887750468,0.7090100907832593,0.75,0.0,0.25,0.75,0.0,0.14752726992569148,0.01202553901255773,1.1775,1.0,,,,
generalized_mean_greedy,compound,algorithm1,16,250,400,0.5434977866725328,4.262222313015315,7.842207305221983,4.046821327619803,0.5939724695629529,0.75,0.0,0.25,0.75,0.0,0.18363409570291875,0.039603337589828105,1.58,1.0,,,,
generalized_mean_greedy,compound,algorithm1,17,263,400,0.5232288116962354,4.20787888300286,8.042139096586634,3.933286904015768,0.7564247280604528,0.5,0.0,0.5,0.5,0.0,0.21219027543028346,0.024505820148575885,2.1675,2.0,,,,
generalized_mean_greedy,compound,algorithm1,18,276,400,0.5862149302546834,4.646409373590047,7.92611913103509,4.260987288060492,0.8061825789628934,0.75,0.0,0.25,0.75,0.0,0.1256925920681274,0.07436431217356171,1.125,1.0,,,,
generalized_mean_greedy,compound,algorithm1,19,289,400,0.541223132485179,4.2990352442900965,7.943184587380553,3.9898845519899018,0.7330524417219388,0.75,0.0,0.25,0.75,0.0,0.1817627026678977,0.06553755544942887,1.5525,1.0,,,,
generalized_mean_greedy,compound,algorithm1,20,302,400,0.5685110606708949,4.3670069799161,7.681481121515268,4.006605815412324,0.7149716969121505,0.75,0.0,0.25,0.75,0.0,0.12967840638377798,0.24343515419202794,1.1875,1.0,,,,
generalized_mean_greedy,compound,algorithm1,21,315,400,0.534581150690687,4.107390827614054,7.6833813206979755,3.6675529241920244,0.8065069017394486,0.5,0.0,0.5,0.5,0.0,0.20507495401685397,0.03954607682062562,2.14,2.0,,,,
generalized_mean_greedy,compound,algorithm1,22,328,400,0.5567940369821,4.46740749925825,8.02344709629473,4.24690098399545,0.5649279275901433,0.75,0.0,0.25,0.75,0.0,0.16582807935830884,0.038611067772365365,1.4525,1.0,,,,
generalized_mean_greedy,compound,algorithm1,23,341,400,0.6016127125253709,4.697221571765836,7.807716615642074,4.387751306012191,0.754034478062442,1.0,0.0,0.0,1.0,0.0,0.08741103100281526,0.0,0.7725,0.0,,,,
generalized_mean_greedy,compound,algorithm1,24,354,400,0.5595271071320487,4.370484956615538,7.811033461841021,4.043468788271335,0.9032450039955524,0.75,0.0,0.25,0.75,0.0,0.15615347109249908,0.023331652941695875,1.385,1.0,,,,
generalized_mean_greedy,compound,no_trust,0,42,400,0.4233255417441562,3.3817197344197303,7.988461363532675,3.0876098616747765,0.6187350291925107,0.0,0.0,1.0,0.5,0.0,0.3869680812641451,0.41753769659882006,4.0,4.0,,,,
generalized_mean_greedy,compound,no_trust,1,55,400,0.4560701892651749,3.653812463112651,8.011513466819027,3.4614927639033906,0.561781918401135,0.0,0.0,1.0,0.25,0.0,0.3230142743178092,0.14313252873648968,4.0,4.0,,,,
generalized_mean_greedy,compound,no_trust,2,68,400,0.41561596342428453,3.227460410435402,7.76548711903211,2.8551497362470806,0.881876699903378,0.0,0.0,1.0,0.75,0.0,0.39194982713176,0.3088974554272031,4.0,4.0,,,,
generalized_mean_greedy,compound,no_trust,3,81,400,0.4262378409062335,3.2980204607994716,7.737512121841362,3.0554363137915126,0.4607666079244339,0.0,0.0,1.0,0.75,0.0,0.38021843588575166,0.4116782239977822,4.0,4.0,,,,
generalized_mean_greedy,compound,no_trust,4,94,400,0.45608442903189483,3.58539901314534,7.8612616106098345,3.2895523323273874,0.710497717331231,0.0,0.0,1.0,0.5,0.0,0.3307140733303146,0.22464594850098998,4.0,4.0,,,,
generalized_mean_greedy,compound,no_trust,5,107,400,0.42247686768003556,3.29040031663656,7.788356164220942,2.9874833754393877,0.654366674894034,0.0,0.0,1.0,0.75,0.0,0.3838904846945643,0.773216940310959,4.0,4.0,,,,
generalized_mean_greedy,compound,no_trust,6,120,400,0.3848046951021291,2.9871843768058652,7.762858444367607,2.642446050935022,0.6418977516879121,0.0,0.0,1.0,1.0,0.0,0.42767843655539595,0.28200076394831614,4.0,4.0,,,,
generalized_mean_greedy,compound,no_trust,7,133,400,0.4225617679530414,3.330100283680943,7.880742026928976,2.995413440865099,0.5715643024601289,0.0,0.0,1.0,1.0,0.0,0.3822493755827269,0.10965388341549102,4.0,4.0,,,,
generalized_mean_greedy,compound,no_trust,8,146,400,0.4460869775054921,3.501763089665061,7.849955874629737,3.1820769639883077,0.5968381780399152,0.0,0.0,1.0,0.75,0.0,0.3470101616636635,0.45512457411559426,4.0,4.0,,,,
generalized_mean_greedy,compound,no_trust,9,159,400,0.42860522883252594,3.380827806774628,7.887976112619147,3.110443468776597,0.6830550884885116,0.0,0.0,1.0,0.75,0.0,0.35286069471314335,0.18021512889060862,4.0,4.0,,,,
generalized_mean_greedy,compound,no_trust,10,172,400,0.4483633501197813,3.4920192324180586,7.7883690348133,3.0760739851922447,0.8354218724477569,0.0,0.0,1.0,0.75,0.0,0.3431352408599927,0.4658690309412916,4.0,4.0,,,,
generalized_mean_greedy,compound,no_trust,11,185,400,0.4342464053230862,3.423656694677893,7.8841336455753455,3.159170521792316,0.6270318314581949,0.0,0.0,1.0,0.5,0.0,0.35745698526351816,0.7607399685200777,4.0,4.0,,,,
generalized_mean_greedy,compound,no_trust,12,198,400,0.4247373903879934,3.384985776155636,7.969596867992914,3.0960235917756482,0.6509454343493344,0.0,0.0,1.0,0.75,0.0,0.3766859967155096,0.47184282972411123,4.0,4.0,,,,
generalized_mean_greedy,compound,no_trust,13,211,400,0.40167343793008986,3.058539087021071,7.614491769190376,2.7752755805663387,0.5086737180836454,0.0,0.0,1.0,1.0,0.0,0.40870488130807986,0.31423447290230805,4.0,4.0,,,,
generalized_mean_greedy,compound,no_trust,14,224,400,0.43283883165876286,3.3099535810539096,7.647080943198224,3.137868596336637,0.4481732875547806,0.0,0.0,1.0,0.75,0.0,0.3863834270127262,0.6331783207502236,4.0,4.0,,,,
generalized_mean_greedy,compound,no_trust,15,237,400,0.4159178637248905,3.148942621565131,7.571068463767654,2.8697216075163765,0.6503428790730967,0.0,0.0,1.0,0.75,0.0,0.3903001294232374,0.2679853095687976,4.0,4.0,,,,
generalized_mean_greedy,compound,no_trust,16,250,400,0.4239863199242267,3.324988615423955,7.842207305221983,3.128178098443058,0.5420640881898318,0.0,0.0,1.0,0.75,0.0,0.3795071144786863,0.24923107398289154,4.0,4.0,,,,
generalized_mean_greedy,compound,no_trust,17,263,400,0.4268062892623962,3.432435545546181,8.042139096586634,3.220054508340656,0.6458059095150146,0.0,0.0,1.0,0.5,0.0,0.37279566532773745,0.6223998374098955,4.0,4.0,,,,
generalized_mean_greedy,compound,no_trust,18,276,400,0.42273625586681307,3.350657925008092,7.92611913103509,3.0649523736567983,0.6292302435444732,0.0,0.0,1.0,0.75,0.0,0.39425944341772384,0.22109349883783994,4.0,4.0,,,,
generalized_mean_greedy,compound,no_trust,19,289,400,0.4384212083887512,3.482460585254286,7.943184587380553,3.159446505435633,0.5948835204641578,0.0,0.0,1.0,0.75,0.0,0.3568724205962138,0.2107146667561699,4.0,4.0,,,,
generalized_mean_greedy,compound,no_trust,20,302,400,0.42627959864214005,3.2744586894567043,7.681481121515268,2.932561533243758,0.5625619489273919,0.0,0.0,1.0,0.75,0.0,0.36318921187459907,0.36309422308348743,4.0,4.0,,,,
generalized_mean_greedy,compound,no_trust,21,315,400,0.4394842363235249,3.376724972109386,7.6833813206979755,3.0082966540256355,0.7379372876938453,0.0,0.0,1.0,0.5,0.0,0.3585558506356371,0.6717449379288153,4.0,4.0,,,,
generalized_mean_greedy,compound,no_trust,22,328,400,0.4320145591448504,3.4662459601277975,8.02344709629473,3.299901849517836,0.48357493958636155,0.0,0.0,1.0,0.75,0.0,0.37348905590893544,0.8314885700229282,4.0,4.0,,,,
generalized_mean_greedy,compound,no_trust,23,341,400,0.4164164738999213,3.2512618222954996,7.807716615642074,3.025165840159815,0.5690236500642958,0.0,0.0,1.0,1.0,0.0,0.3960164108413784,0.47317974104337945,4.0,4.0,,,,
generalized_mean_greedy,compound,no_trust,24,354,400,0.4301795365822234,3.3601467548430106,7.811033461841021,3.070676583681622,0.7928809038182933,0.0,0.0,1.0,0.75,0.0,0.36929179869062223,0.10379790885771921,4.0,4.0,,,,
generalized_mean_greedy,compound,oracle,0,42,400,0.6546297491407903,5.22948445843029,7.988461363532675,4.822528274870377,0.8364940053967818,1.0,0.0,0.0,0.5,0.0,0.0,0.0,0.0,0.0,,,,
generalized_mean_greedy,compound,oracle,1,55,400,0.6508502112544002,5.214295232346636,8.011513466819027,4.958813460903148,0.6435617958054669,1.0,0.0,0.0,0.25,0.0,0.0,0.0,0.0,0.0,,,,
generalized_mean_greedy,compound,oracle,2,68,400,0.6479697678371545,5.03180088566165,7.76548711903211,4.485823060488788,1.2592784256396579,1.0,0.0,0.0,0.75,0.0,0.0,0.0,0.0,0.0,,,,
generalized_mean_greedy,compound,oracle,3,81,400,0.6585761198612738,5.095740710581856,7.737512121841362,4.713472399544321,0.6901440481156396,1.0,0.0,0.0,0.75,0.0,0.0,0.0,0.0,0.0,,,,
generalized_mean_greedy,compound,oracle,4,94,400,0.6518466916050168,5.124337372717547,7.8612616106098345,4.771228152862007,0.7868447555218507,1.0,0.0,0.0,0.5,0.0,0.0,0.0,0.0,0.0,,,,
generalized_mean_greedy,compound,oracle,5,107,400,0.6520595482828063,5.078472002307517,7.788356164220942,4.55923495695906,0.908813252056115,1.0,0.0,0.0,0.75,0.0,0.0,0.0,0.0,0.0,,,,
generalized_mean_greedy,compound,oracle,6,120,400,0.6459515534773931,5.014430471564355,7.762858444367607,4.590117705985622,1.016741106736978,1.0,0.0,0.0,1.0,0.0,0.0,0.0,0.0,0.0,,,,
generalized_mean_greedy,compound,oracle,7,133,400,0.6549257975182847,5.161301257022323,7.880742026928976,4.712976006989146,0.7941317715723004,1.0,0.0,0.0,1.0,0.0,0.0,0.0,0.0,0.0,,,,
generalized_mean_greedy,compound,oracle,8,146,400,0.6521221888941904,5.119130407686353,7.849955874629737,4.685098838313948,0.8299132467164592,1.0,0.0,0.0,0.75,0.0,0.0,0.0,0.0,0.0,,,,
generalized_mean_greedy,compound,oracle,9,159,400,0.643905342521486,5.079109960597331,7.887976112619147,4.733877234260958,0.9420286233764621,1.0,0.0,0.0,0.75,0.0,0.0,0.0,0.0,0.0,,,,
generalized_mean_greedy,compound,oracle,10,172,400,0.6514977926163507,5.074105234262403,7.7883690348133,4.629006955027936,0.9596265243575504,1.0,0.0,0.0,0.75,0.0,0.0,0.0,0.0,0.0,,,,
generalized_mean_greedy,compound,oracle,11,185,400,0.6500115574786592,5.12477799033033,7.8841336455753455,4.700569209018109,0.9310601969414849,1.0,0.0,0.0,0.5,0.0,0.0,0.0,0.0,0.0,,,,
generalized_mean_greedy,compound,oracle,12,198,400,0.6504421120440359,5.183761418956845,7.969596867992914,4.783618311621669,0.9427641815238479,1.0,0.0,0.0,0.75,0.0,0.0,0.0,0.0,0.0,,,,
generalized_mean_greedy,compound,oracle,13,211,400,0.6510581181695688,4.9574766820667575,7.614491769190376,4.449259811946301,0.9188954569026251,1.0,0.0,0.0,1.0,0.0,0.0,0.0,0.0,0.0,,,,
generalized_mean_greedy,compound,oracle,14,224,400,0.6583450086960014,5.034417570048862,7.647080943198224,4.748237877924444,0.6498181440130004,1.0,0.0,0.0,0.75,0.0,0.0,0.0,0.0,0.0,,,,
generalized_mean_greedy,compound,oracle,15,237,400,0.6511164571821576,4.929647275211956,7.571068463767654,4.532229133900652,0.7745708471828339,1.0,0.0,0.0,0.75,0.0,0.0,0.0,0.0,0.0,,,,
generalized_mean_greedy,compound,oracle,16,250,400,0.6527306252644391,5.118848877790898,7.842207305221983,4.863856129825614,0.6945651503424699,1.0,0.0,0.0,0.75,0.0,0.0,0.0,0.0,0.0,,,,
generalized_mean_greedy,compound,oracle,17,263,400,0.6525098949155419,5.247575336809916,8.042139096586634,4.916618975393133,0.9072332808998267,1.0,0.0,0.0,0.5,0.0,0.0,0.0,0.0,0.0,,,,
generalized_mean_greedy,compound,oracle,18,276,400,0.656496716554563,5.203471184544843,7.92611913103509,4.773360094112003,0.8786665858968519,1.0,0.0,0.0,0.75,0.0,0.0,0.0,0.0,0.0,,,,
generalized_mean_greedy,compound,oracle,19,289,400,0.650438310194402,5.166551560578025,7.943184587380553,4.785995288924217,0.7958747691270185,1.0,0.0,0.0,0.75,0.0,0.0,0.0,0.0,0.0,,,,
generalized_mean_greedy,compound,oracle,20,302,400,0.6459398211593917,4.961774541870816,7.681481121515268,4.534417473279034,0.8585046806812304,1.0,0.0,0.0,0.75,0.0,0.0,0.0,0.0,0.0,,,,
generalized_mean_greedy,compound,oracle,21,315,400,0.653797612863987,5.023376366196084,7.6833813206979755,4.553224247864708,0.8731783583791479,1.0,0.0,0.0,0.5,0.0,0.0,0.0,0.0,0.0,,,,
generalized_mean_greedy,compound,oracle,22,328,400,0.6531237705105133,5.240304020023643,8.02344709629473,4.973908266816412,0.6766108324088682,1.0,0.0,0.0,0.75,0.0,0.0,0.0,0.0,0.0,,,,
generalized_mean_greedy,compound,oracle,23,341,400,0.6547684440638426,5.112246460115372,7.807716615642074,4.798017838889298,0.7585216532791064,1.0,0.0,0.0,1.0,0.0,0.0,0.0,0.0,0.0,,,,
generalized_mean_greedy,compound,oracle,24,354,400,0.6511322241771964,5.08601559113105,7.811033461841021,4.723661889786461,0.9902269864815425,1.0,0.0,0.0,0.75,0.0,0.0,0.0,0.0,0.0,,,,
generalized_mean_greedy,compound,sparse_online,0,42,400,0.6534323639787819,5.219919193326319,7.988461363532675,4.812742839111733,0.8360238612020625,1.0,0.0,0.0,0.5,0.0,0.002383282753037525,0.0,0.0175,0.0,,,,
generalized_mean_greedy,compound,sparse_online,1,55,400,0.6468086234324444,5.1819159970837045,8.011513466819027,4.927186930568089,0.6424243791897295,1.0,0.0,0.0,0.25,0.0,0.005921357332387668,0.0,0.0375,0.0,,,,
generalized_mean_greedy,compound,sparse_online,2,68,400,0.6464675300225088,5.020135277262296,7.76548711903211,4.474348430448102,1.2585975051348202,1.0,0.0,0.0,0.75,0.0,0.0005232271850035366,0.0,0.005,0.0,,,,
generalized_mean_greedy,compound,sparse_online,3,81,400,0.6571326286187021,5.084571679594686,7.737512121841362,4.70182709093903,0.690259937111767,1.0,0.0,0.0,0.75,0.0,0.002511952178462752,0.0,0.0075,0.0,,,,
generalized_mean_greedy,compound,sparse_online,4,94,400,0.6513771209655554,5.120645955076079,7.8612616106098345,4.767535306910638,0.7864983029130492,1.0,0.0,0.0,0.5,0.0,0.0005150123045968779,0.0,0.005,0.0,,,,
generalized_mean_greedy,compound,sparse_online,5,107,400,0.652066857486674,5.078528928990516,7.788356164220942,4.559285118300268,0.9088212235912554,1.0,0.0,0.0,0.75,0.0,0.0,0.0,0.0,0.0,,,,
generalized_mean_greedy,compound,sparse_online,6,120,400,0.6446382131840148,5.004235196777575,7.762858444367607,4.58060222119064,1.0150791729613733,1.0,0.0,0.0,1.0,0.0,0.0017797780563332853,0.0,0.005,0.0,,,,
generalized_mean_greedy,compound,sparse_online,7,133,400,0.6537290042654861,5.151869638137448,7.880742026928976,4.704366952981883,0.7927379808284307,1.0,0.0,0.0,1.0,0.0,0.0007123414797050642,0.0,0.005,0.0,,,,
generalized_mean_greedy,compound,sparse_online,8,146,400,0.6508774294721956,5.109359101149164,7.849955874629737,4.675984794912038,0.829404605617273,1.0,0.0,0.0,0.75,0.0,0.0032438399040179778,0.0,0.01,0.0,,,,
generalized_mean_greedy,compound,sparse_online,9,159,400,0.642774136496711,5.070187034495455,7.887976112619147,4.72511439904219,0.9409802412857848,1.0,0.0,0.0,0.75,0.0,0.0011505850150240302,0.0,0.005,0.0,,,,
generalized_mean_greedy,compound,sparse_online,10,172,400,0.6503863644262282,5.065449021362034,7.7883690348133,4.620772374519237,0.9589642264519016,1.0,0.0,0.0,0.75,0.0,0.0021255609403674418,0.0,0.0125,0.0,,,,
generalized_mean_greedy,compound,sparse_online,11,185,400,0.6488392383546273,5.115535269681199,7.8841336455753455,4.692032259485105,0.9301655136772053,1.0,0.0,0.0,0.5,0.0,0.0004325130900840288,0.0,0.0075,0.0,,,,
generalized_mean_greedy,compound,sparse_online,12,198,400,0.6481574262555336,5.165553394252449,7.969596867992914,4.765902172945063,0.9407118701158481,1.0,0.0,0.0,0.75,0.0,0.0030967942951791753,0.0,0.02,0.0,,,,
generalized_mean_greedy,compound,sparse_online,13,211,400,0.6487834219775545,4.940156026635255,7.614491769190376,4.432564071811231,0.9172553209782732,1.0,0.0,0.0,1.0,0.0,0.0028779790609294743,0.0,0.01,0.0,,,,
generalized_mean_greedy,compound,sparse_online,14,224,400,0.6553967997537371,5.0118723776299055,7.647080943198224,4.726067221310584,0.6493946789239473,1.0,0.0,0.0,0.75,0.0,0.0048840098797215785,0.0,0.015,0.0,,,,
generalized_mean_greedy,compound,sparse_online,15,237,400,0.6514609181574457,4.932255212838958,7.571068463767654,4.534626493421854,0.7748460264107431,1.0,0.0,0.0,0.75,0.0,0.00035492956342969047,0.0,0.005,0.0,,,,
generalized_mean_greedy,compound,sparse_online,16,250,400,0.6522327034606991,5.114944071784177,7.842207305221983,4.859941216885572,0.6945919611582374,1.0,0.0,0.0,0.75,0.0,0.0010577607060779746,0.0,0.01,0.0,,,,
generalized_mean_greedy,compound,sparse_online,17,263,400,0.6490521937485445,5.219768023070493,8.042139096586634,4.88983857598585,0.9051458100078724,1.0,0.0,0.0,0.5,0.0,0.0040616392319698545,0.0,0.015,0.0,,,,
generalized_mean_greedy,compound,sparse_online,18,276,400,0.6534042514324301,5.178959937578246,7.92611913103509,4.751116691461256,0.8751624697976688,1.0,0.0,0.0,0.75,0.0,0.0037042552946703372,0.0,0.01,0.0,,,,
generalized_mean_greedy,compound,sparse_online,19,289,400,0.6480744523238576,5.147775001173959,7.943184587380553,4.76883152246338,0.7934727990352828,1.0,0.0,0.0,0.75,0.0,0.0035696029602406785,0.0,0.0125,0.0,,,,
generalized_mean_greedy,compound,sparse_online,20,302,400,0.6457591054118501,4.960386377267715,7.681481121515268,4.533072151479067,0.8584235993385176,1.0,0.0,0.0,0.75,0.0,0.000376028745837238,0.0,0.005,0.0,,,,
generalized_mean_greedy,compound,sparse_online,21,315,400,0.6531470732512614,5.018378022287294,7.6833813206979755,4.5485015552418995,0.8730157454349401,1.0,0.0,0.0,0.5,0.0,0.0019346464619905232,0.0,0.0125,0.0,,,,
generalized_mean_greedy,compound,sparse_online,22,328,400,0.651869827423337,5.23024307400192,8.02344709629473,4.964251894157088,0.6750401572214964,1.0,0.0,0.0,0.75,0.0,0.0018370589223520317,0.0,0.01,0.0,,,,
generalized_mean_greedy,compound,sparse_online,23,341,400,0.6538517839441008,5.1050894376675675,7.807716615642074,4.791197464958249,0.7580989024264229,1.0,0.0,0.0,1.0,0.0,0.0026215018757177145,0.0,0.0125,0.0,,,,
generalized_mean_greedy,compound,sparse_online,24,354,400,0.6492151704345898,5.071041420199402,7.811033461841021,4.709711960064607,0.9874627145111203,1.0,0.0,0.0,0.75,0.0,0.0021120358247907842,0.0,0.0125,0.0,,,,
generalized_mean_greedy,reputation_poison,algorithm1,0,42,400,0.47823580667715887,3.820368264298365,7.988461363532675,3.5155234945451723,0.672958583231869,0.0,0.0,1.0,0.0,0.0,0.30143558916478186,0.3664987045155431,3.995,4.0,,,,
generalized_mean_greedy,reputation_poison,algorithm1,1,55,400,0.47161904742394845,3.7783823496453244,8.011513466819027,3.54715396280149,0.5659465338503589,0.0,0.0,1.0,0.0,0.0,0.3024700740366865,0.17739526401411973,3.99,4.0,,,,
generalized_mean_greedy,reputation_poison,algorithm1,2,68,400,0.47847911863579645,3.715623432492114,7.76548711903211,3.2902836476786317,0.9926028916691929,0.0,0.0,1.0,0.0,0.0,0.2908400792500978,0.1754495324616815,3.9875,4.0,,,,
generalized_mean_greedy,reputation_poison,algorithm1,3,81,400,0.4918529172280481,3.805717909215058,7.737512121841362,3.513346116643193,0.4931411187743935,0.0,0.0,1.0,0.0,0.0,0.28107865647049957,0.4457305033012636,3.995,4.0,,,,
generalized_mean_greedy,reputation_poison,algorithm1,4,94,400,0.4851339631160961,3.8137650002475736,7.8612616106098345,3.5443714861058466,0.6493264531378862,0.0,0.0,1.0,0.0,0.0,0.287738582972264,0.4143303034570046,3.9925,4.0,,,,
generalized_mean_greedy,reputation_poison,algorithm1,5,107,400,0.4812872830620345,3.748436777797346,7.788356164220942,3.348811111992013,0.7484282134734959,0.0,0.0,1.0,0.0,0.0,0.2894012129923326,0.34290696927750614,3.9875,4.0,,,,
generalized_mean_greedy,reputation_poison,algorithm1,6,120,400,0.47376860580506475,3.677798622250115,7.762858444367607,3.376046233298273,0.7038172564321217,0.0,0.0,1.0,0.0,0.0,0.2938436761448696,0.17396910529849322,3.9875,4.0,,,,
generalized_mean_greedy,reputation_poison,algorithm1,7,133,400,0.4755443321562874,3.7476422040919264,7.880742026928976,3.4072972557905956,0.6239170285006033,0.0,0.0,1.0,0.0,0.0,0.3015457629761566,0.16704795340674364,3.99,4.0,,,,
generalized_mean_greedy,reputation_poison,algorithm1,8,146,400,0.48432082752357725,3.801897125224241,7.849955874629737,3.4695806295682607,0.6722172921757834,0.0,0.0,1.0,0.0,0.0,0.2907434910493504,0.5129181339648157,3.9975,4.0,,,,
generalized_mean_greedy,reputation_poison,algorithm1,9,159,400,0.4712162953874226,3.7169428818928774,7.887976112619147,3.3724285595454164,0.9279136468929501,0.0,0.0,1.0,0.0,0.0,0.3017113016787091,0.2164242205149757,3.9825,4.0,,,,
generalized_mean_greedy,reputation_poison,algorithm1,10,172,400,0.4790783344070041,3.7312388649454418,7.7883690348133,3.349891993745694,0.781011581256001,0.0,0.0,1.0,0.0,0.0,0.29450079076898983,0.5538744471004885,3.995,4.0,,,,
generalized_mean_greedy,reputation_poison,algorithm1,11,185,400,0.4839744127819964,3.815718951412108,7.8841336455753455,3.4791090107913805,0.7132185792338879,0.0,0.0,1.0,0.0,0.0,0.2840335084224023,0.5590324958157467,3.9925,4.0,,,,
generalized_mean_greedy,reputation_poison,algorithm1,12,198,400,0.48071001221037,3.8310650077246002,7.969596867992914,3.544963229637983,0.7366317884613784,0.0,0.0,1.0,0.0,0.0,0.29385021090421554,0.1906160010743118,3.995,4.0,,,,
generalized_mean_greedy,reputation_poison,algorithm1,13,211,400,0.4778346040999112,3.6384676599531156,7.614491769190376,3.2492475614713867,0.6703310075671687,0.0,0.0,1.0,0.0,0.0,0.2938557560264585,0.2680529762790635,3.9925,4.0,,,,
generalized_mean_greedy,reputation_poison,algorithm1,14,224,400,0.4953362650295666,3.7878765127825837,7.647080943198224,3.6366716797451177,0.4245543834302934,0.0,0.0,1.0,0.0,0.0,0.2841955613579282,0.49667632418695457,3.9925,4.0,,,,
generalized_mean_greedy,reputation_poison,algorithm1,15,237,400,0.47979896351547247,3.6325908016204007,7.571068463767654,3.3147374932772395,0.6278798100634342,0.0,0.0,1.0,0.0,0.0,0.2933797645190094,0.15345529782687023,3.99,4.0,,,,
generalized_mean_greedy,reputation_poison,algorithm1,16,250,400,0.47276325919266504,3.7075074848812717,7.842207305221983,3.509041077958014,0.5341868766516829,0.0,0.0,1.0,0.0,0.0,0.3023327362040118,0.21237038022675392,3.9925,4.0,,,,
generalized_mean_greedy,reputation_poison,algorithm1,17,263,400,0.4770056126013056,3.8361454863922178,8.042139096586634,3.6178485333611237,0.6571962374425997,0.0,0.0,1.0,0.0,0.0,0.3032555651337752,0.43049018841512815,4.0,4.0,,,,
generalized_mean_greedy,reputation_poison,algorithm1,18,276,400,0.4887431730330726,3.87383661394023,7.92611913103509,3.502543980696782,0.7492513026146725,0.0,0.0,1.0,0.0,0.0,0.28894835631981924,0.20034087770015008,3.99,4.0,,,,
generalized_mean_greedy,reputation_poison,algorithm1,19,289,400,0.47417591892422445,3.76646685090591,7.943184587380553,3.4885874026883212,0.6378797681298569,0.0,0.0,1.0,0.0,0.0,0.3015858066165642,0.2734798587556413,3.99,4.0,,,,
generalized_mean_greedy,reputation_poison,algorithm1,20,302,400,0.47688180369256594,3.6631585722585953,7.681481121515268,3.3656054485557907,0.5542548098280569,0.0,0.0,1.0,0.0,0.0,0.28555346292575273,0.4439027788439863,3.995,4.0,,,,
generalized_mean_greedy,reputation_poison,algorithm1,21,315,400,0.48872726146628614,3.7550779116659383,7.6833813206979755,3.3233461430844016,0.7686892227082827,0.0,0.0,1.0,0.0,0.0,0.28297679147155047,0.3595642832047963,3.995,4.0,,,,
generalized_mean_greedy,reputation_poison,algorithm1,22,328,400,0.4776350478370481,3.8322795376567576,8.02344709629473,3.6355438772189586,0.4880395000115434,0.0,0.0,1.0,0.0,0.0,0.303645002942624,0.8242333655556897,4.0,4.0,,,,
generalized_mean_greedy,reputation_poison,algorithm1,23,341,400,0.484594042665304,3.7835729587590583,7.807716615642074,3.5365060257605156,0.631022854833371,0.0,0.0,1.0,0.0,0.0,0.2883193137331336,0.23861950515172387,3.9975,4.0,,,,
generalized_mean_greedy,reputation_poison,algorithm1,24,354,400,0.48366252141375615,3.7779041390012487,7.811033461841021,3.5082080932556248,0.7710632139626905,0.0,0.0,1.0,0.0,0.0,0.2896050574773232,0.1370376807036309,4.0,4.0,,,,
generalized_mean_greedy,reputation_poison,no_trust,0,42,400,0.47826900209214,3.8206334445883887,7.988461363532675,3.515807131530743,0.6729754977312026,0.0,0.0,1.0,0.0,0.0,0.3009554512177999,0.36649663029303986,4.0,4.0,,,,
generalized_mean_greedy,reputation_poison,no_trust,1,55,400,0.47204014944539485,3.7817560141610467,8.011513466819027,3.5503660559585555,0.5660711251647577,0.0,0.0,1.0,0.0,0.0,0.3026712725135704,0.1774044460910386,4.0,4.0,,,,
generalized_mean_greedy,reputation_poison,no_trust,2,68,400,0.4804885404251971,3.7312275715144074,7.76548711903211,3.3054945915357457,0.9937398273765425,0.0,0.0,1.0,0.0,0.0,0.2887730938874433,0.17538567045914635,4.0,4.0,,,,
generalized_mean_greedy,reputation_poison,no_trust,3,81,400,0.4919308541311459,3.806320946947516,7.737512121841362,3.5139263926501143,0.4931585206585294,0.0,0.0,1.0,0.0,0.0,0.28115953167072655,0.44572755436687955,4.0,4.0,,,,
generalized_mean_greedy,reputation_poison,no_trust,4,94,400,0.48506964906259636,3.8132594106477735,7.8612616106098345,3.543875932180824,0.6492928538549592,0.0,0.0,1.0,0.0,0.0,0.28777903872408817,0.4143260642462451,4.0,4.0,,,,
generalized_mean_greedy,reputation_poison,no_trust,5,107,400,0.4809567393684406,3.7458623857837994,7.788356164220942,3.3465946781696907,0.7479945036845281,0.0,0.0,1.0,0.0,0.0,0.28937688694097174,0.3429027689211813,4.0,4.0,,,,
generalized_mean_greedy,reputation_poison,no_trust,6,120,400,0.47346954751789666,3.675477075100214,7.762858444367607,3.37352241998006,0.7038944909581559,0.0,0.0,1.0,0.0,0.0,0.29376369735647745,0.17396941410158825,4.0,4.0,,,,
generalized_mean_greedy,reputation_poison,no_trust,7,133,400,0.47572316959035327,3.7490515757745575,7.880742026928976,3.408660572208096,0.6238968274826919,0.0,0.0,1.0,0.0,0.0,0.30168345680118014,0.1670532068812499,4.0,4.0,,,,
generalized_mean_greedy,reputation_poison,no_trust,8,146,400,0.4843134799848426,3.8018394473693866,7.849955874629737,3.469526782650884,0.6722150767844401,0.0,0.0,1.0,0.0,0.0,0.29074808047533546,0.5129183460135006,4.0,4.0,,,,
generalized_mean_greedy,reputation_poison,no_trust,9,159,400,0.47113141931860913,3.7162733814895437,7.887976112619147,3.3717869873983703,0.9277899575154809,0.0,0.0,1.0,0.0,0.0,0.30204307200459174,0.21642278108340435,4.0,4.0,,,,
generalized_mean_greedy,reputation_poison,no_trust,10,172,400,0.4789559942420851,3.730286034593273,7.7883690348133,3.3490099353759986,0.7809410181779448,0.0,0.0,1.0,0.0,0.0,0.2946181512578299,0.5538724533789635,4.0,4.0,,,,
generalized_mean_greedy,reputation_poison,no_trust,11,185,400,0.48478345685668667,3.8220975630221274,7.8841336455753455,3.4848205001580936,0.7140943435711327,0.0,0.0,1.0,0.0,0.0,0.2847283530722442,0.5590174889670317,4.0,4.0,,,,
generalized_mean_greedy,reputation_poison,no_trust,12,198,400,0.480673643814779,3.8307751662730043,7.969596867992914,3.5444404109023653,0.7368877890601757,0.0,0.0,1.0,0.0,0.0,0.2936834296574585,0.19061281079430836,4.0,4.0,,,,
generalized_mean_greedy,reputation_poison,no_trust,13,211,400,0.4777975813142045,3.63818575025608,7.614491769190376,3.2489722484842463,0.6702824436910881,0.0,0.0,1.0,0.0,0.0,0.29402433835282893,0.26805048317635405,4.0,4.0,,,,
generalized_mean_greedy,reputation_poison,no_trust,14,224,400,0.49512876929224486,3.786289776083916,7.647080943198224,3.6350968447255867,0.4245478790922923,0.0,0.0,1.0,0.0,0.0,0.28422544752163237,0.4966771755642946,4.0,4.0,,,,
generalized_mean_greedy,reputation_poison,no_trust,15,237,400,0.4792974236633177,3.628793609062429,7.571068463767654,3.3113697266467748,0.6272433000238,0.0,0.0,1.0,0.0,0.0,0.29310589979233304,0.15344167188985663,4.0,4.0,,,,
generalized_mean_greedy,reputation_poison,no_trust,16,250,400,0.4727251075847081,3.7072082920626457,7.842207305221983,3.508754698869242,0.5341790271294524,0.0,0.0,1.0,0.0,0.0,0.3023780279406493,0.21237048663720115,4.0,4.0,,,,
generalized_mean_greedy,reputation_poison,no_trust,17,263,400,0.4769702267797037,3.8358609086928483,8.042139096586634,3.617571976452107,0.657175844449124,0.0,0.0,1.0,0.0,0.0,0.3032315579333085,0.4304898056605705,4.0,4.0,,,,
generalized_mean_greedy,reputation_poison,no_trust,18,276,400,0.48822878618063725,3.8697595224683896,7.92611913103509,3.4989130160401496,0.7486502952973124,0.0,0.0,1.0,0.0,0.0,0.2889543262262675,0.20034373823794752,4.0,4.0,,,,
generalized_mean_greedy,reputation_poison,no_trust,19,289,400,0.4740433194948762,3.765413589162416,7.943184587380553,3.4876601507502363,0.6376989601492813,0.0,0.0,1.0,0.0,0.0,0.3018313544105484,0.2734779635468596,4.0,4.0,,,,
generalized_mean_greedy,reputation_poison,no_trust,20,302,400,0.47682063716896533,3.6626887227622884,7.681481121515268,3.3651608286243637,0.5542180924063311,0.0,0.0,1.0,0.0,0.0,0.2855834068729893,0.4439057363592697,4.0,4.0,,,,
generalized_mean_greedy,reputation_poison,no_trust,21,315,400,0.4882845611778843,3.751676476539364,7.6833813206979755,3.320115977197909,0.7686206716073207,0.0,0.0,1.0,0.0,0.0,0.28340994130893304,0.3596238982807163,4.0,4.0,,,,
generalized_mean_greedy,reputation_poison,no_trust,22,328,400,0.47761480227812714,3.8321170984858206,8.02344709629473,3.6353849583356586,0.4880177316094474,0.0,0.0,1.0,0.0,0.0,0.3036118400657116,0.8242335762925879,4.0,4.0,,,,
generalized_mean_greedy,reputation_poison,no_trust,23,341,400,0.48456339970983275,3.783333707246473,7.807716615642074,3.536280273428017,0.6310024546404818,0.0,0.0,1.0,0.0,0.0,0.28833331483305513,0.23861956189967953,4.0,4.0,,,,
generalized_mean_greedy,reputation_poison,no_trust,24,354,400,0.48365921163362763,3.777878286197913,7.811033461841021,3.5081841163724268,0.7710584406302652,0.0,0.0,1.0,0.0,0.0,0.2896032488268059,0.1370377174126523,4.0,4.0,,,,
generalized_mean_greedy,reputation_poison,oracle,0,42,400,0.6554762015861431,5.236246311086059,7.988461363532675,4.824418603163474,0.9220623229539369,1.0,0.0,0.0,0.0,0.0,0.0,0.0,0.0,0.0,,,,
generalized_mean_greedy,reputation_poison,oracle,1,55,400,0.6503695795806258,5.210444645219613,8.011513466819027,4.952210688842452,0.6680093051036033,1.0,0.0,0.0,0.0,0.0,0.0,0.0,0.0,0.0,,,,
generalized_mean_greedy,reputation_poison,oracle,2,68,400,0.6497325253517393,5.045489556435135,7.76548711903211,4.510743254406604,1.2609777048901236,1.0,0.0,0.0,0.0,0.0,0.0,0.0,0.0,0.0,,,,
generalized_mean_greedy,reputation_poison,oracle,3,81,400,0.6580061800769154,5.091330794591663,7.737512121841362,4.709647670519736,0.7026979616236284,1.0,0.0,0.0,0.0,0.0,0.0,0.0,0.0,0.0,,,,
generalized_mean_greedy,reputation_poison,oracle,4,94,400,0.6528126569040598,5.131931078640094,7.8612616106098345,4.77737914117089,0.801631836983117,1.0,0.0,0.0,0.0,0.0,0.0,0.0,0.0,0.0,,,,
generalized_mean_greedy,reputation_poison,oracle,5,107,400,0.6504589805367893,5.066006210636573,7.788356164220942,4.550105242126694,0.8987707900305173,1.0,0.0,0.0,0.0,0.0,0.0,0.0,0.0,0.0,,,,
generalized_mean_greedy,reputation_poison,oracle,6,120,400,0.6479513736072476,5.029954792146612,7.762858444367607,4.63875410167156,0.9671715206559863,1.0,0.0,0.0,0.0,0.0,0.0,0.0,0.0,0.0,,,,
generalized_mean_greedy,reputation_poison,oracle,7,133,400,0.6551424571762543,5.163008695894424,7.880742026928976,4.703894661600388,0.7943525055098934,1.0,0.0,0.0,0.0,0.0,0.0,0.0,0.0,0.0,,,,
generalized_mean_greedy,reputation_poison,oracle,8,146,400,0.6543354862085092,5.136504693941192,7.849955874629737,4.696895988942082,0.8322552340596623,1.0,0.0,0.0,0.0,0.0,0.0,0.0,0.0,0.0,,,,
generalized_mean_greedy,reputation_poison,oracle,9,159,400,0.6480640843827367,5.111914017057426,7.887976112619147,4.708648115224718,1.1525682128793937,1.0,0.0,0.0,0.0,0.0,0.0,0.0,0.0,0.0,,,,
generalized_mean_greedy,reputation_poison,oracle,10,172,400,0.6525857535398939,5.082578675430414,7.7883690348133,4.628124232014999,0.9430313775843571,1.0,0.0,0.0,0.0,0.0,0.0,0.0,0.0,0.0,,,,
generalized_mean_greedy,reputation_poison,oracle,11,185,400,0.6501281215914697,5.125696997374005,7.8841336455753455,4.706230555960356,0.9222317116617154,1.0,0.0,0.0,0.0,0.0,0.0,0.0,0.0,0.0,,,,
generalized_mean_greedy,reputation_poison,oracle,12,198,400,0.6526114235414237,5.201049957072127,7.969596867992914,4.856132544253296,0.9008122282342992,1.0,0.0,0.0,0.0,0.0,0.0,0.0,0.0,0.0,,,,
generalized_mean_greedy,reputation_poison,oracle,13,211,400,0.6519813929095366,4.964506949974943,7.614491769190376,4.45385640763294,0.9048733372063724,1.0,0.0,0.0,0.0,0.0,0.0,0.0,0.0,0.0,,,,
generalized_mean_greedy,reputation_poison,oracle,14,224,400,0.6583705742572251,5.034613071964897,7.647080943198224,4.791703214913118,0.584229186059658,1.0,0.0,0.0,0.0,0.0,0.0,0.0,0.0,0.0,,,,
generalized_mean_greedy,reputation_poison,oracle,15,237,400,0.6504196533801926,4.924371725921465,7.571068463767654,4.512085317014498,0.7903654332386694,1.0,0.0,0.0,0.0,0.0,0.0,0.0,0.0,0.0,,,,
generalized_mean_greedy,reputation_poison,oracle,16,250,400,0.6520687917356734,5.1136586420567705,7.842207305221983,4.867129409401951,0.6771388378501575,1.0,0.0,0.0,0.0,0.0,0.0,0.0,0.0,0.0,,,,
generalized_mean_greedy,reputation_poison,oracle,17,263,400,0.6560757785264049,5.276252668810715,8.042139096586634,4.949278843379023,0.9393638584040414,1.0,0.0,0.0,0.0,0.0,0.0,0.0,0.0,0.0,,,,
generalized_mean_greedy,reputation_poison,oracle,18,276,400,0.6574916596266699,5.2113572218629605,7.92611913103509,4.7691012451896,0.906617944111825,1.0,0.0,0.0,0.0,0.0,0.0,0.0,0.0,0.0,,,,
generalized_mean_greedy,reputation_poison,oracle,19,289,400,0.6534937753902644,5.190821684629078,7.943184587380553,4.776688037126516,0.8654023572682394,1.0,0.0,0.0,0.0,0.0,0.0,0.0,0.0,0.0,,,,
generalized_mean_greedy,reputation_poison,oracle,20,302,400,0.6449652732426444,4.95428857044631,7.681481121515268,4.539386066100209,0.8366946781955926,1.0,0.0,0.0,0.0,0.0,0.0,0.0,0.0,0.0,,,,
generalized_mean_greedy,reputation_poison,oracle,21,315,400,0.6548348979000769,5.031346222666617,7.6833813206979755,4.527666894371221,0.8737157218813669,1.0,0.0,0.0,0.0,0.0,0.0,0.0,0.0,0.0,,,,
generalized_mean_greedy,reputation_poison,oracle,22,328,400,0.653745818132981,5.24529498621389,8.02344709629473,4.9773655686878415,0.6722688854985996,1.0,0.0,0.0,0.0,0.0,0.0,0.0,0.0,0.0,,,,
generalized_mean_greedy,reputation_poison,oracle,23,341,400,0.6552749940506718,5.116201458864191,7.807716615642074,4.801036527025262,0.746418155859323,1.0,0.0,0.0,0.0,0.0,0.0,0.0,0.0,0.0,,,,
generalized_mean_greedy,reputation_poison,oracle,24,354,400,0.6533154752078996,5.1030690379874715,7.811033461841021,4.735322044191528,0.9860601184951667,1.0,0.0,0.0,0.0,0.0,0.0,0.0,0.0,0.0,,,,
generalized_mean_greedy,reputation_poison,sparse_online,0,42,400,0.6544285381486054,5.227877092193303,7.988461363532675,4.815990268056414,0.9215136651225126,1.0,0.0,0.0,0.0,0.0,0.0014283486632828077,0.0,0.025,0.0,,,,
generalized_mean_greedy,reputation_poison,sparse_online,1,55,400,0.6490559395740216,5.199920400616151,8.011513466819027,4.941983894006324,0.6676453590214724,1.0,0.0,0.0,0.0,0.0,0.0014855354971525893,0.0,0.02,0.0,,,,
generalized_mean_greedy,reputation_poison,sparse_online,2,68,400,0.6475896415399167,5.028849019796844,7.76548711903211,4.494300244478697,1.2600484028263246,1.0,0.0,0.0,0.0,0.0,0.003124884084556989,0.0,0.0225,0.0,,,,
generalized_mean_greedy,reputation_poison,sparse_online,3,81,400,0.6565144512989908,5.079788525089971,7.737512121841362,4.697718460100765,0.7027546452565856,1.0,0.0,0.0,0.0,0.0,0.0023676114893135315,0.0,0.0275,0.0,,,,
generalized_mean_greedy,reputation_poison,sparse_online,4,94,400,0.6513907743817551,5.120753288152703,7.8612616106098345,4.766244759468468,0.8007764921731324,1.0,0.0,0.0,0.0,0.0,0.0018046148641766649,0.0,0.0225,0.0,,,,
generalized_mean_greedy,reputation_poison,sparse_online,5,107,400,0.6497899156819116,5.0607952952498225,7.788356164220942,4.545611438461376,0.8979545386861449,1.0,0.0,0.0,0.0,0.0,0.001404455321543367,0.0,0.0175,0.0,,,,
generalized_mean_greedy,reputation_poison,sparse_online,6,120,400,0.6476488795210099,5.027606573374891,7.762858444367607,4.636921851652948,0.9663703643665471,1.0,0.0,0.0,0.0,0.0,0.001301771664122869,0.0,0.02,0.0,,,,
generalized_mean_greedy,reputation_poison,sparse_online,7,133,400,0.653805821388451,5.152475014066786,7.880742026928976,4.694364332768999,0.7936234282578472,1.0,0.0,0.0,0.0,0.0,0.0011612088081861566,0.0,0.02,0.0,,,,
generalized_mean_greedy,reputation_poison,sparse_online,8,146,400,0.6529870193185264,5.125919288356428,7.849955874629737,4.68697327705485,0.8318522525474394,1.0,0.0,0.0,0.0,0.0,0.0025263608248757108,0.0,0.0275,0.0,,,,
generalized_mean_greedy,reputation_poison,sparse_online,9,159,400,0.6472296991619279,5.105332406366964,7.887976112619147,4.7022003202149625,1.15166636915,1.0,0.0,0.0,0.0,0.0,0.0014845383231773626,0.0,0.0125,0.0,,,,
generalized_mean_greedy,reputation_poison,sparse_online,10,172,400,0.6512400343322695,5.072097717624199,7.7883690348133,4.618176522471659,0.9422132399273977,1.0,0.0,0.0,0.0,0.0,0.002910618807825786,0.0,0.025,0.0,,,,
generalized_mean_greedy,reputation_poison,sparse_online,11,185,400,0.6476485678046662,5.106147863937454,7.8841336455753455,4.6886741024450025,0.9198453549113452,1.0,0.0,0.0,0.0,0.0,0.0017781771565312727,0.0,0.0225,0.0,,,,
generalized_mean_greedy,reputation_poison,sparse_online,12,198,400,0.65163488531823,5.193267341107087,7.969596867992914,4.848369885653915,0.9000785654633088,1.0,0.0,0.0,0.0,0.0,0.0013136227204878879,0.0,0.025,0.0,,,,
generalized_mean_greedy,reputation_poison,sparse_online,13,211,400,0.6504692263924309,4.9529925704767965,7.614491769190376,4.442833024894695,0.9039699316815559,1.0,0.0,0.0,0.0,0.0,0.0018369747058072617,0.0,0.025,0.0,,,,
generalized_mean_greedy,reputation_poison,sparse_online,14,224,400,0.657575073462398,5.028529812996476,7.647080943198224,4.785683734938312,0.5841740029656899,1.0,0.0,0.0,0.0,0.0,0.0019062785877788258,0.0,0.0225,0.0,,,,
generalized_mean_greedy,reputation_poison,sparse_online,15,237,400,0.6501386207185106,4.922244008399315,7.571068463767654,4.510019801394475,0.7901319634804826,1.0,0.0,0.0,0.0,0.0,0.0016170527086669325,0.0,0.0225,0.0,,,,
generalized_mean_greedy,reputation_poison,sparse_online,16,250,400,0.6511561721063727,5.106501689732979,7.842207305221983,4.859909434160331,0.6772293462929504,1.0,0.0,0.0,0.0,0.0,0.0019333645468236228,0.0,0.0225,0.0,,,,
generalized_mean_greedy,reputation_poison,sparse_online,17,263,400,0.6549117430585485,5.266891333664853,8.042139096586634,4.940227185164173,0.9386594259954233,1.0,0.0,0.0,0.0,0.0,0.001591276421649696,0.0,0.03,0.0,,,,
generalized_mean_greedy,reputation_poison,sparse_online,18,276,400,0.6564949815439489,5.203457432644022,7.92611913103509,4.7619309828085035,0.9055102561060808,1.0,0.0,0.0,0.0,0.0,0.0027365157009037466,0.0,0.02,0.0,,,,
generalized_mean_greedy,reputation_poison,sparse_online,19,289,400,0.6523593703730809,5.181810896180738,7.943184587380553,4.768469051716952,0.8641954621720727,1.0,0.0,0.0,0.0,0.0,0.0025832536047582033,0.0,0.025,0.0,,,,
generalized_mean_greedy,reputation_poison,sparse_online,20,302,400,0.643466094369642,4.942772656235567,7.681481121515268,4.528226412357246,0.8359286131279067,1.0,0.0,0.0,0.0,0.0,0.001987149030816413,0.0,0.025,0.0,,,,
generalized_mean_greedy,reputation_poison,sparse_online,21,315,400,0.6539374908209067,5.0244511018774585,7.6833813206979755,4.521215711324126,0.8734512183378653,1.0,0.0,0.0,0.0,0.0,0.0025128865813115937,0.0,0.025,0.0,,,,
generalized_mean_greedy,reputation_poison,sparse_online,22,328,400,0.6526711997013254,5.2366728420787965,8.02344709629473,4.9691605518080335,0.6708644135153712,1.0,0.0,0.0,0.0,0.0,0.0021411339572954915,0.0,0.03,0.0,,,,
generalized_mean_greedy,reputation_poison,sparse_online,23,341,400,0.6540869871477532,5.1069258376287765,7.807716615642074,4.792165476003583,0.7459108483759955,1.0,0.0,0.0,0.0,0.0,0.003456916027826452,0.0,0.0275,0.0,,,,
generalized_mean_greedy,reputation_poison,sparse_online,24,354,400,0.6520022902344065,5.09281170621793,7.811033461841021,4.725759285941609,0.9843049426551769,1.0,0.0,0.0,0.0,0.0,0.0019321956499391306,0.0,0.03,0.0,,,,
generalized_mean_greedy,trust_mimicry,algorithm1,0,42,400,0.47912368230152874,3.8274610244192666,7.988461363532675,3.521763539364147,0.6748754856750425,0.0,0.0,1.0,0.0,0.0,0.3000911028144676,0.3461240062313163,3.9825,4.0,,,,
generalized_mean_greedy,trust_mimicry,algorithm1,1,55,400,0.4714521565963684,3.777045301532678,8.011513466819027,3.5435746193849007,0.5681516401145887,0.0,0.0,1.0,0.0,0.0,0.30266777506701514,0.17712138522495058,3.985,4.0,,,,
generalized_mean_greedy,trust_mimicry,algorithm1,2,68,400,0.47816549492718935,3.7131879916227026,7.76548711903211,3.2853169610650714,0.9954632324814283,0.0,0.0,1.0,0.0,0.0,0.2888738153993349,0.17546310520096542,3.9725,4.0,,,,
generalized_mean_greedy,trust_mimicry,algorithm1,3,81,400,0.4916270849506105,3.803970529230882,7.737512121841362,3.5147065858137307,0.4963814015833532,0.0,0.0,1.0,0.0,0.0,0.28171299457970717,0.44746189690348553,3.9775,4.0,,,,
generalized_mean_greedy,trust_mimicry,algorithm1,4,94,400,0.4844578055700543,3.8084495488881513,7.8612616106098345,3.5398053353512253,0.6489788937106571,0.0,0.0,1.0,0.0,0.0,0.28879941437734646,0.41645133871477535,3.9775,4.0,,,,
generalized_mean_greedy,trust_mimicry,algorithm1,5,107,400,0.4813176613984496,3.7486733751010233,7.788356164220942,3.3491492713930935,0.7480532074253459,0.0,0.0,1.0,0.0,0.0,0.28898619037893825,0.34289672623821243,3.975,4.0,,,,
generalized_mean_greedy,trust_mimicry,algorithm1,6,120,400,0.47215964903265034,3.6653085185827554,7.762858444367607,3.364123156987693,0.7049384017874893,0.0,0.0,1.0,0.0,0.0,0.29514868674893757,0.17458600650659853,3.965,4.0,,,,
generalized_mean_greedy,trust_mimicry,algorithm1,7,133,400,0.4744636722773768,3.7391258023673797,7.880742026928976,3.4046018177000845,0.60756606223431,0.0,0.0,1.0,0.0,0.0,0.30219014641057884,0.16693766034755242,3.9875,4.0,,,,
generalized_mean_greedy,trust_mimicry,algorithm1,8,146,400,0.4837619896322413,3.797510272436183,7.849955874629737,3.4635511961906045,0.6694705262252509,0.0,0.0,1.0,0.0,0.0,0.2909235820412117,0.5136783625149378,3.9825,4.0,,,,
generalized_mean_greedy,trust_mimicry,algorithm1,9,159,400,0.47118877235011186,3.7167257808320238,7.887976112619147,3.3707620516406798,0.9303549223807042,0.0,0.0,1.0,0.0,0.0,0.3012067256897676,0.21635161777134726,3.97,4.0,,,,
generalized_mean_greedy,trust_mimicry,algorithm1,10,172,400,0.47788137840540307,3.7219165298865384,7.7883690348133,3.340272715507372,0.7813499231272072,0.0,0.0,1.0,0.0,0.0,0.29494750910117346,0.5532630075008939,3.98,4.0,,,,
generalized_mean_greedy,trust_mimicry,algorithm1,11,185,400,0.4847656261842801,3.8219569836178833,7.8841336455753455,3.4830543587617058,0.7180832605649421,0.0,0.0,1.0,0.0,0.0,0.28417001087207266,0.5576806828693783,3.99,4.0,,,,
generalized_mean_greedy,trust_mimicry,algorithm1,12,198,400,0.48096304102226867,3.83308154535142,7.969596867992914,3.5457984174659956,0.7328672307192656,0.0,0.0,1.0,0.0,0.0,0.29334783388097885,0.19076514993208626,3.995,4.0,,,,
generalized_mean_greedy,trust_mimicry,algorithm1,13,211,400,0.47827411713605317,3.641814328349271,7.614491769190376,3.2482411331872405,0.6876947755784317,0.0,0.0,1.0,0.0,0.0,0.29328963961025756,0.2689655829223444,3.985,4.0,,,,
generalized_mean_greedy,trust_mimicry,algorithm1,14,224,400,0.4943399092545867,3.7802572995230896,7.647080943198224,3.627172811809704,0.4264701240858604,0.0,0.0,1.0,0.0,0.0,0.28513350693204154,0.4963070417231096,3.9875,4.0,,,,
generalized_mean_greedy,trust_mimicry,algorithm1,15,237,400,0.4802893954747714,3.6363038955610727,7.571068463767654,3.3180969476741846,0.6296830846077008,0.0,0.0,1.0,0.0,0.0,0.2922458195163889,0.1529755056112978,3.99,4.0,,,,
generalized_mean_greedy,trust_mimicry,algorithm1,16,250,400,0.4739881634287688,3.717113437829842,7.842207305221983,3.5183929245443077,0.5370813693196808,0.0,0.0,1.0,0.0,0.0,0.3010347103971144,0.2142432721082022,3.9925,4.0,,,,
generalized_mean_greedy,trust_mimicry,algorithm1,17,263,400,0.4777404335102417,3.8420550183529625,8.042139096586634,3.6211591649840145,0.6600906999623124,0.0,0.0,1.0,0.0,0.0,0.3023656076236661,0.43357786127938874,3.98,4.0,,,,
generalized_mean_greedy,trust_mimicry,algorithm1,18,276,400,0.4883214100956562,3.8704936706532127,7.92611913103509,3.498291254503819,0.7561537066497266,0.0,0.0,1.0,0.0,0.0,0.2888729583482201,0.20034469055253712,3.9775,4.0,,,,
generalized_mean_greedy,trust_mimicry,algorithm1,19,289,400,0.4745200812308398,3.7692005956353745,7.943184587380553,3.492042244557086,0.635355831309965,0.0,0.0,1.0,0.0,0.0,0.301110631433853,0.2734871702345108,3.975,4.0,,,,
generalized_mean_greedy,trust_mimicry,algorithm1,20,302,400,0.47655133737549044,3.660620101482683,7.681481121515268,3.3631050777350566,0.5525250829688639,0.0,0.0,1.0,0.0,0.0,0.28622052245724433,0.4448471848557785,3.9825,4.0,,,,
generalized_mean_greedy,trust_mimicry,algorithm1,21,315,400,0.4894589782847728,3.7606999710011393,7.6833813206979755,3.3272899308318946,0.767923915529007,0.0,0.0,1.0,0.0,0.0,0.2812930606885385,0.3596134549807259,3.9825,4.0,,,,
generalized_mean_greedy,trust_mimicry,algorithm1,22,328,400,0.477412953508212,3.830497575558954,8.02344709629473,3.635418751501515,0.48667577786096405,0.0,0.0,1.0,0.0,0.0,0.3042622502929251,0.8243743403295354,3.9825,4.0,,,,
generalized_mean_greedy,trust_mimicry,algorithm1,23,341,400,0.48551927051939814,3.790796875648724,7.807716615642074,3.5424711614319024,0.6304433646270038,0.0,0.0,1.0,0.0,0.0,0.2866051204486617,0.2391034946793088,3.9925,4.0,,,,
generalized_mean_greedy,trust_mimicry,algorithm1,24,354,400,0.48406696735184723,3.7810632797571837,7.811033461841021,3.5078130344567104,0.7721418429231073,0.0,0.0,1.0,0.0,0.0,0.28917845452172003,0.13763251532804086,3.995,4.0,,,,
generalized_mean_greedy,trust_mimicry,no_trust,0,42,400,0.47893513472770416,3.825954819410581,7.988461363532675,3.520314720471378,0.6747804219690026,0.0,0.0,1.0,0.0,0.0,0.29975996984828207,0.3461144982648869,4.0,4.0,,,,
generalized_mean_greedy,trust_mimicry,no_trust,1,55,400,0.4718518894746798,3.7802477668704,8.011513466819027,3.546611978202408,0.5682538552051288,0.0,0.0,1.0,0.0,0.0,0.3031665351918546,0.17713159351915805,4.0,4.0,,,,
generalized_mean_greedy,trust_mimicry,no_trust,2,68,400,0.48065826447239324,3.732545561416699,7.76548711903211,3.3041461152647034,0.9968263685273144,0.0,0.0,1.0,0.0,0.0,0.2878502578191228,0.1753872564238548,4.0,4.0,,,,
generalized_mean_greedy,trust_mimicry,no_trust,3,81,400,0.49144687009307625,3.8025761145861745,7.737512121841362,3.5132012923477185,0.4964626486356134,0.0,0.0,1.0,0.0,0.0,0.2819647077942539,0.4474866615592969,4.0,4.0,,,,
generalized_mean_greedy,trust_mimicry,no_trust,4,94,400,0.48408089952769795,3.8054865918865683,7.8612616106098345,3.5368291421767832,0.6488322790254966,0.0,0.0,1.0,0.0,0.0,0.28865567989572827,0.41642039756831695,4.0,4.0,,,,
generalized_mean_greedy,trust_mimicry,no_trust,5,107,400,0.4809304649608953,3.7456577513398326,7.788356164220942,3.346529581694898,0.7475662208794134,0.0,0.0,1.0,0.0,0.0,0.28944357673316523,0.3428946242379322,4.0,4.0,,,,
generalized_mean_greedy,trust_mimicry,no_trust,6,120,400,0.4724208578871076,3.6673362459443224,7.762858444367607,3.3658704130337678,0.7054917566247512,0.0,0.0,1.0,0.0,0.0,0.29524329705224794,0.17458681578596025,4.0,4.0,,,,
generalized_mean_greedy,trust_mimicry,no_trust,7,133,400,0.47470531880165917,3.7410301562869535,7.880742026928976,3.406434210611398,0.6076057020872603,0.0,0.0,1.0,0.0,0.0,0.3022761443509805,0.16694434953365989,4.0,4.0,,,,
generalized_mean_greedy,trust_mimicry,no_trust,8,146,400,0.48354320955870644,3.795792858512686,7.849955874629737,3.461938264683269,0.6693940206461217,0.0,0.0,1.0,0.0,0.0,0.2911482538104353,0.5136864241788727,4.0,4.0,,,,
generalized_mean_greedy,trust_mimicry,no_trust,9,159,400,0.470984537912984,3.7151147844705847,7.887976112619147,3.3692151642867385,0.9300706006444237,0.0,0.0,1.0,0.0,0.0,0.3019418933192476,0.21634799133002877,4.0,4.0,,,,
generalized_mean_greedy,trust_mimicry,no_trust,10,172,400,0.47849526912950735,3.7266977373929113,7.7883690348133,3.3447646871073684,0.7817279106518753,0.0,0.0,1.0,0.0,0.0,0.2947231603370106,0.5532637431970078,4.0,4.0,,,,
generalized_mean_greedy,trust_mimicry,no_trust,11,185,400,0.485152369939387,3.8250061230697376,7.8841336455753455,3.4857760313027724,0.7185186634650229,0.0,0.0,1.0,0.0,0.0,0.2843887470572472,0.5576771505620222,4.0,4.0,,,,
generalized_mean_greedy,trust_mimicry,no_trust,12,198,400,0.48092859609364325,3.8328070331561284,7.969596867992914,3.545288473667534,0.7331281087666621,0.0,0.0,1.0,0.0,0.0,0.2931785890315167,0.19076181493665753,4.0,4.0,,,,
generalized_mean_greedy,trust_mimicry,no_trust,13,211,400,0.47812142458629503,3.640651652185921,7.614491769190376,3.247128498063555,0.6875474184202677,0.0,0.0,1.0,0.0,0.0,0.29360564212582607,0.2689579193954533,4.0,4.0,,,,
generalized_mean_greedy,trust_mimicry,no_trust,14,224,400,0.4944796972540721,3.781326269670042,7.647080943198224,3.6282257373874733,0.42648795635521,0.0,0.0,1.0,0.0,0.0,0.2849013698024829,0.4963045034032961,4.0,4.0,,,,
generalized_mean_greedy,trust_mimicry,no_trust,15,237,400,0.4798605452483365,3.633057041136032,7.571068463767654,3.315138672996869,0.6292918445526552,0.0,0.0,1.0,0.0,0.0,0.29201367723467747,0.15296279254408715,4.0,4.0,,,,
generalized_mean_greedy,trust_mimicry,no_trust,16,250,400,0.4739265400830705,3.7166301747780346,7.842207305221983,3.5179315934963435,0.5370614316023712,0.0,0.0,1.0,0.0,0.0,0.3010808893412493,0.2142436787887667,4.0,4.0,,,,
generalized_mean_greedy,trust_mimicry,no_trust,17,263,400,0.4775026798521615,3.840142970363959,8.042139096586634,3.6193032582072493,0.6599535082775856,0.0,0.0,1.0,0.0,0.0,0.3026155813504253,0.43357436581647385,4.0,4.0,,,,
generalized_mean_greedy,trust_mimicry,no_trust,18,276,400,0.4883301431020954,3.8705628895026214,7.92611913103509,3.498371529861015,0.7561718486936799,0.0,0.0,1.0,0.0,0.0,0.2887365183007367,0.20034309997391261,4.0,4.0,,,,
generalized_mean_greedy,trust_mimicry,no_trust,19,289,400,0.47430618199205127,3.767501554498577,7.943184587380553,3.4906090153757736,0.6350008733826131,0.0,0.0,1.0,0.0,0.0,0.3020015779726704,0.2734820015228808,4.0,4.0,,,,
generalized_mean_greedy,trust_mimicry,no_trust,20,302,400,0.4763041864847131,3.6587216165810115,7.681481121515268,3.3612709109366263,0.5523634344672108,0.0,0.0,1.0,0.0,0.0,0.2860201816835804,0.44485809321141323,4.0,4.0,,,,
generalized_mean_greedy,trust_mimicry,no_trust,21,315,400,0.4893858932882919,3.760138431104355,7.6833813206979755,3.3267647236456237,0.7678982911781991,0.0,0.0,1.0,0.0,0.0,0.28158629550784897,0.3596297206958889,4.0,4.0,,,,
generalized_mean_greedy,trust_mimicry,no_trust,22,328,400,0.4782297845248817,3.837051376007816,8.02344709629473,3.641543703698873,0.4878892229361682,0.0,0.0,1.0,0.0,0.0,0.3028706729937825,0.8243672941590712,4.0,4.0,,,,
generalized_mean_greedy,trust_mimicry,no_trust,23,341,400,0.4855755883030105,3.7912365889435904,7.807716615642074,3.542907835049625,0.6304430536230972,0.0,0.0,1.0,0.0,0.0,0.2866369416032077,0.23910182215116496,4.0,4.0,,,,
generalized_mean_greedy,trust_mimicry,no_trust,24,354,400,0.48412281754923964,3.781499527517866,7.811033461841021,3.508222178050775,0.7722408244698151,0.0,0.0,1.0,0.0,0.0,0.2895407683211085,0.1376326193242588,4.0,4.0,,,,
generalized_mean_greedy,trust_mimicry,oracle,0,42,400,0.6554762015861431,5.236246311086059,7.988461363532675,4.824418603163474,0.9220623229539369,1.0,0.0,0.0,0.0,0.0,0.0,0.0,0.0,0.0,,,,
generalized_mean_greedy,trust_mimicry,oracle,1,55,400,0.6503695795806258,5.210444645219613,8.011513466819027,4.952210688842452,0.6680093051036033,1.0,0.0,0.0,0.0,0.0,0.0,0.0,0.0,0.0,,,,
generalized_mean_greedy,trust_mimicry,oracle,2,68,400,0.6497325253517393,5.045489556435135,7.76548711903211,4.510743254406604,1.2609777048901236,1.0,0.0,0.0,0.0,0.0,0.0,0.0,0.0,0.0,,,,
generalized_mean_greedy,trust_mimicry,oracle,3,81,400,0.6580061800769154,5.091330794591663,7.737512121841362,4.709647670519736,0.7026979616236284,1.0,0.0,0.0,0.0,0.0,0.0,0.0,0.0,0.0,,,,
generalized_mean_greedy,trust_mimicry,oracle,4,94,400,0.6528126569040598,5.131931078640094,7.8612616106098345,4.77737914117089,0.801631836983117,1.0,0.0,0.0,0.0,0.0,0.0,0.0,0.0,0.0,,,,
generalized_mean_greedy,trust_mimicry,oracle,5,107,400,0.6504589805367893,5.066006210636573,7.788356164220942,4.550105242126694,0.8987707900305173,1.0,0.0,0.0,0.0,0.0,0.0,0.0,0.0,0.0,,,,
generalized_mean_greedy,trust_mimicry,oracle,6,120,400,0.6479513736072476,5.029954792146612,7.762858444367607,4.63875410167156,0.9671715206559863,1.0,0.0,0.0,0.0,0.0,0.0,0.0,0.0,0.0,,,,
generalized_mean_greedy,trust_mimicry,oracle,7,133,400,0.6551424571762543,5.163008695894424,7.880742026928976,4.703894661600388,0.7943525055098934,1.0,0.0,0.0,0.0,0.0,0.0,0.0,0.0,0.0,,,,
generalized_mean_greedy,trust_mimicry,oracle,8,146,400,0.6543354862085092,5.136504693941192,7.849955874629737,4.696895988942082,0.8322552340596623,1.0,0.0,0.0,0.0,0.0,0.0,0.0,0.0,0.0,,,,
generalized_mean_greedy,trust_mimicry,oracle,9,159,400,0.6480640843827367,5.111914017057426,7.887976112619147,4.708648115224718,1.1525682128793937,1.0,0.0,0.0,0.0,0.0,0.0,0.0,0.0,0.0,,,,
generalized_mean_greedy,trust_mimicry,oracle,10,172,400,0.6525857535398939,5.082578675430414,7.7883690348133,4.628124232014999,0.9430313775843571,1.0,0.0,0.0,0.0,0.0,0.0,0.0,0.0,0.0,,,,
generalized_mean_greedy,trust_mimicry,oracle,11,185,400,0.6501281215914697,5.125696997374005,7.8841336455753455,4.706230555960356,0.9222317116617154,1.0,0.0,0.0,0.0,0.0,0.0,0.0,0.0,0.0,,,,
generalized_mean_greedy,trust_mimicry,oracle,12,198,400,0.6526114235414237,5.201049957072127,7.969596867992914,4.856132544253296,0.9008122282342992,1.0,0.0,0.0,0.0,0.0,0.0,0.0,0.0,0.0,,,,
generalized_mean_greedy,trust_mimicry,oracle,13,211,400,0.6519813929095366,4.964506949974943,7.614491769190376,4.45385640763294,0.9048733372063724,1.0,0.0,0.0,0.0,0.0,0.0,0.0,0.0,0.0,,,,
generalized_mean_greedy,trust_mimicry,oracle,14,224,400,0.6583705742572251,5.034613071964897,7.647080943198224,4.791703214913118,0.584229186059658,1.0,0.0,0.0,0.0,0.0,0.0,0.0,0.0,0.0,,,,
generalized_mean_greedy,trust_mimicry,oracle,15,237,400,0.6504196533801926,4.924371725921465,7.571068463767654,4.512085317014498,0.7903654332386694,1.0,0.0,0.0,0.0,0.0,0.0,0.0,0.0,0.0,,,,
generalized_mean_greedy,trust_mimicry,oracle,16,250,400,0.6520687917356734,5.1136586420567705,7.842207305221983,4.867129409401951,0.6771388378501575,1.0,0.0,0.0,0.0,0.0,0.0,0.0,0.0,0.0,,,,
generalized_mean_greedy,trust_mimicry,oracle,17,263,400,0.6560757785264049,5.276252668810715,8.042139096586634,4.949278843379023,0.9393638584040414,1.0,0.0,0.0,0.0,0.0,0.0,0.0,0.0,0.0,,,,
generalized_mean_greedy,trust_mimicry,oracle,18,276,400,0.6574916596266699,5.2113572218629605,7.92611913103509,4.7691012451896,0.906617944111825,1.0,0.0,0.0,0.0,0.0,0.0,0.0,0.0,0.0,,,,
generalized_mean_greedy,trust_mimicry,oracle,19,289,400,0.6534937753902644,5.190821684629078,7.943184587380553,4.776688037126516,0.8654023572682394,1.0,0.0,0.0,0.0,0.0,0.0,0.0,0.0,0.0,,,,
generalized_mean_greedy,trust_mimicry,oracle,20,302,400,0.6449652732426444,4.95428857044631,7.681481121515268,4.539386066100209,0.8366946781955926,1.0,0.0,0.0,0.0,0.0,0.0,0.0,0.0,0.0,,,,
generalized_mean_greedy,trust_mimicry,oracle,21,315,400,0.6548348979000769,5.031346222666617,7.6833813206979755,4.527666894371221,0.8737157218813669,1.0,0.0,0.0,0.0,0.0,0.0,0.0,0.0,0.0,,,,
generalized_mean_greedy,trust_mimicry,oracle,22,328,400,0.653745818132981,5.24529498621389,8.02344709629473,4.9773655686878415,0.6722688854985996,1.0,0.0,0.0,0.0,0.0,0.0,0.0,0.0,0.0,,,,
generalized_mean_greedy,trust_mimicry,oracle,23,341,400,0.6552749940506718,5.116201458864191,7.807716615642074,4.801036527025262,0.746418155859323,1.0,0.0,0.0,0.0,0.0,0.0,0.0,0.0,0.0,,,,
generalized_mean_greedy,trust_mimicry,oracle,24,354,400,0.6533154752078996,5.1030690379874715,7.811033461841021,4.735322044191528,0.9860601184951667,1.0,0.0,0.0,0.0,0.0,0.0,0.0,0.0,0.0,,,,
generalized_mean_greedy,trust_mimicry,sparse_online,0,42,400,0.6548995326614684,5.231639613661746,7.988461363532675,4.819734960288048,0.9217743739440669,1.0,0.0,0.0,0.0,0.0,0.0008861184281741061,0.0,0.0125,0.0,,,,
generalized_mean_greedy,trust_mimicry,sparse_online,1,55,400,0.6487215564578382,5.197241485777771,8.011513466819027,4.939371577703433,0.6675432393825966,1.0,0.0,0.0,0.0,0.0,0.0020495793490088957,0.0,0.0175,0.0,,,,
generalized_mean_greedy,trust_mimicry,sparse_online,2,68,400,0.6478250285198693,5.030676914357654,7.76548711903211,4.496104998538964,1.260151044657178,1.0,0.0,0.0,0.0,0.0,0.001333629796257961,0.0,0.01,0.0,,,,
generalized_mean_greedy,trust_mimicry,sparse_online,3,81,400,0.6568715007245394,5.08255119934825,7.737512121841362,4.700536477979256,0.702761769509066,1.0,0.0,0.0,0.0,0.0,0.0019059385684861462,0.0,0.015,0.0,,,,
generalized_mean_greedy,trust_mimicry,sparse_online,4,94,400,0.6522195253353659,5.12726831620908,7.8612616106098345,4.772730151097295,0.8012221329066511,1.0,0.0,0.0,0.0,0.0,0.0006098944058250864,0.0,0.0075,0.0,,,,
generalized_mean_greedy,trust_mimicry,sparse_online,5,107,400,0.6503381853746127,5.0650654148906264,7.788356164220942,4.549298948445178,0.8986182559636253,1.0,0.0,0.0,0.0,0.0,0.00022768386155236407,0.0,0.005,0.0,,,,
generalized_mean_greedy,trust_mimicry,sparse_online,6,120,400,0.6478324876061612,5.029031896949162,7.762858444367607,4.637915796706619,0.9669975414369274,1.0,0.0,0.0,0.0,0.0,0.0001786916802071226,0.0,0.005,0.0,,,,
generalized_mean_greedy,trust_mimicry,sparse_online,7,133,400,0.6538183863550169,5.152574035326868,7.880742026928976,4.694449709993702,0.7936354623903474,1.0,0.0,0.0,0.0,0.0,0.00114534777181028,0.0,0.0175,0.0,,,,
generalized_mean_greedy,trust_mimicry,sparse_online,8,146,400,0.6535015463644325,5.129958302963094,7.849955874629737,4.6907808849242345,0.8319863717542004,1.0,0.0,0.0,0.0,0.0,0.0019299477557322819,0.0,0.0125,0.0,,,,
generalized_mean_greedy,trust_mimicry,sparse_online,9,159,400,0.647398234282108,5.106661807369082,7.887976112619147,4.703502786871099,1.1518490914469135,1.0,0.0,0.0,0.0,0.0,0.0011612434120155393,0.0,0.0075,0.0,,,,
generalized_mean_greedy,trust_mimicry,sparse_online,10,172,400,0.6522763645638421,5.080169039909619,7.7883690348133,4.625816011563724,0.9428527534909321,1.0,0.0,0.0,0.0,0.0,0.0007553332134597463,0.0,0.01,0.0,,,,
generalized_mean_greedy,trust_mimicry,sparse_online,11,185,400,0.6485167523673784,5.112992747058902,7.8841336455753455,4.694823703559374,0.9206800448105019,1.0,0.0,0.0,0.0,0.0,0.0015387319439697032,0.0,0.02,0.0,,,,
generalized_mean_greedy,trust_mimicry,sparse_online,12,198,400,0.6516313660267304,5.193239293772575,7.969596867992914,4.848340339889924,0.9000776593705284,1.0,0.0,0.0,0.0,0.0,0.0013175530804880092,0.0,0.025,0.0,,,,
generalized_mean_greedy,trust_mimicry,sparse_online,13,211,400,0.6505255719550074,4.953421613299265,7.614491769190376,4.4432407048997735,0.9040020324864679,1.0,0.0,0.0,0.0,0.0,0.0015351495516705137,0.0,0.015,0.0,,,,
generalized_mean_greedy,trust_mimicry,sparse_online,14,224,400,0.6577830173180689,5.030119976492432,7.647080943198224,4.787258416433117,0.584182252386312,1.0,0.0,0.0,0.0,0.0,0.0012199348673356042,0.0,0.0175,0.0,,,,
generalized_mean_greedy,trust_mimicry,sparse_online,15,237,400,0.6500916707102793,4.921888546672622,7.571068463767654,4.509679304989567,0.790150900017335,1.0,0.0,0.0,0.0,0.0,0.0018236173051406086,0.0,0.02,0.0,,,,
generalized_mean_greedy,trust_mimicry,sparse_online,16,250,400,0.6509537678132861,5.104914393307126,7.842207305221983,4.858306581548228,0.6772587495346425,1.0,0.0,0.0,0.0,0.0,0.00230043834137269,0.0,0.0225,0.0,,,,
generalized_mean_greedy,trust_mimicry,sparse_online,17,263,400,0.6548870812862381,5.266693000261564,8.042139096586634,4.940036991030411,0.9386439792862697,1.0,0.0,0.0,0.0,0.0,0.0017044902601957026,0.0,0.0175,0.0,,,,
generalized_mean_greedy,trust_mimicry,sparse_online,18,276,400,0.6569508650101789,5.20707081930723,7.92611913103509,4.765196554739227,0.9060109787147121,1.0,0.0,0.0,0.0,0.0,0.001750129288368232,0.0,0.015,0.0,,,,
generalized_mean_greedy,trust_mimicry,sparse_online,19,289,400,0.6522311528900094,5.180792441045372,7.943184587380553,4.767492978768181,0.8641208608362492,1.0,0.0,0.0,0.0,0.0,0.0022683089552088054,0.0,0.015,0.0,,,,
generalized_mean_greedy,trust_mimicry,sparse_online,20,302,400,0.6439085956719292,4.946171721635332,7.681481121515268,4.531524472694639,0.8361845576294122,1.0,0.0,0.0,0.0,0.0,0.001529561552703471,0.0,0.0125,0.0,,,,
generalized_mean_greedy,trust_mimicry,sparse_online,21,315,400,0.6541496335442929,5.026081075315646,7.6833813206979755,4.522692106782715,0.8735758459795724,1.0,0.0,0.0,0.0,0.0,0.0016628867101999823,0.0,0.0125,0.0,,,,
generalized_mean_greedy,trust_mimicry,sparse_online,22,328,400,0.6530006475298198,5.239316149301711,8.02344709629473,4.971689051142459,0.6712769812717898,1.0,0.0,0.0,0.0,0.0,0.0013317904806005398,0.0,0.0175,0.0,,,,
generalized_mean_greedy,trust_mimicry,sparse_online,23,341,400,0.6537339657716598,5.104169546764975,7.807716615642074,4.789530988620332,0.745761055346227,1.0,0.0,0.0,0.0,0.0,0.004361072029875995,0.0,0.0225,0.0,,,,
generalized_mean_greedy,trust_mimicry,sparse_online,24,354,400,0.6521597887610056,5.094041932479386,7.811033461841021,4.726907476240274,0.9845138748646223,1.0,0.0,0.0,0.0,0.0,0.0017170952333177341,0.0,0.025,0.0,,,,
pace_trusted,burst,algorithm1,0,42,400,0.5969584515146328,4.768779525558938,7.988461363532675,4.244576403794336,1.2723340603008824,1.0,0.0,0.0,1.0,0.0,0.13331878533217587,0.0,1.285,0.0,,,,
pace_trusted,burst,algorithm1,1,55,400,0.6077393452776834,4.868911949007939,8.011513466819027,3.965380085611296,1.7769397757399594,1.0,0.0,0.0,1.0,0.0,0.08801836541500636,0.0,0.935,0.0,,,,
pace_trusted,burst,algorithm1,2,68,400,0.6205089020355118,4.818553886001524,7.76548711903211,4.069465092813443,1.218247297161148,1.0,0.0,0.0,1.0,0.0,0.06749049196805448,0.0,0.7325,0.0,,,,
pace_trusted,burst,algorithm1,3,81,400,0.6420876228107955,4.968160764782834,7.737512121841362,4.061353188571476,2.390937241710482,1.0,0.0,0.0,1.0,0.0,0.053821001845258676,0.0,0.635,0.0,,,,
pace_trusted,burst,algorithm1,4,94,400,0.6185430164226371,4.862528469514086,7.8612616106098345,3.942143497420448,1.6238615008515738,1.0,0.0,0.0,1.0,0.0,0.06598202849078197,0.0,0.33,0.0,,,,
pace_trusted,burst,algorithm1,5,107,400,0.6057494079083097,4.71779213505587,7.788356164220942,3.641431044034486,2.0111209461200374,1.0,0.0,0.0,1.0,0.0,0.09767575688951605,0.0,1.12,0.0,,,,
pace_trusted,burst,algorithm1,6,120,400,0.5813168312747559,4.512680272514258,7.762858444367607,3.794587780355123,1.4731759942129332,1.0,0.0,0.0,1.0,0.0,0.10184213883394691,0.0,1.1875,0.0,,,,
pace_trusted,burst,algorithm1,7,133,400,0.5889449941745822,4.641323567141071,7.880742026928976,3.90111613916057,2.543859164511228,1.0,0.0,0.0,1.0,0.0,0.1165062739797877,0.0,1.125,0.0,,,,
pace_trusted,burst,algorithm1,8,146,400,0.613345880354457,4.8147380966684175,7.849955874629737,3.9798590995290977,2.2934043499171364,1.0,0.0,0.0,1.0,0.0,0.0893553107906722,0.0,0.8975,0.0,,,,
pace_trusted,burst,algorithm1,9,159,400,0.619110591112266,4.883529553763074,7.887976112619147,3.8938861579264064,2.219617284829959,1.0,0.0,0.0,1.0,0.0,0.04966713164065995,0.0,0.58,0.0,,,,
pace_trusted,burst,algorithm1,10,172,400,0.6238815834977102,4.8590200063038544,7.7883690348133,4.3461924316051785,1.7232024912845194,1.0,0.0,0.0,1.0,0.0,0.072105705138555,0.0,1.0475,0.0,,,,
pace_trusted,burst,algorithm1,11,185,400,0.6180973142793272,4.873161831749402,7.8841336455753455,3.8851520935312873,1.9900804791527307,1.0,0.0,0.0,1.0,0.0,0.05074156179927376,0.0,0.5125,0.0,,,,
pace_trusted,burst,algorithm1,12,198,400,0.6078636190319011,4.844427994403477,7.969596867992914,3.7755579060523505,1.9299817059953357,1.0,0.0,0.0,1.0,0.0,0.08357860764210265,0.0,1.085,0.0,,,,
pace_trusted,burst,algorithm1,13,211,400,0.6535534895841342,4.976477667164038,7.614491769190376,4.175045896468045,1.6841342212614245,1.0,0.0,0.0,1.0,0.0,0.048035312894609536,0.0,0.45,0.0,,,,
pace_trusted,burst,algorithm1,14,224,400,0.6383350900742986,4.881400102681891,7.647080943198224,3.920415911238415,1.7446283140593706,1.0,0.0,0.0,1.0,0.0,0.05056674835772042,0.0,0.5075,0.0,,,,
pace_trusted,burst,algorithm1,15,237,400,0.5852206293578642,4.430745451277585,7.571068463767654,3.8016976803880476,1.5365087532121193,1.0,0.0,0.0,1.0,0.0,0.11903243571815889,0.0,0.8525,0.0,,,,
pace_trusted,burst,algorithm1,16,250,400,0.5793052630643752,4.543031965956986,7.842207305221983,3.307120119036705,2.4723506605592647,1.0,0.0,0.0,1.0,0.0,0.11971604410646332,0.0,1.08,0.0,,,,
pace_trusted,burst,algorithm1,17,263,400,0.6425562682112881,5.167526886338807,8.042139096586634,4.730790437954094,1.0767147296470077,1.0,0.0,0.0,1.0,0.0,0.06649131146270648,0.0,0.7175,0.0,,,,
pace_trusted,burst,algorithm1,18,276,400,0.6513698169674957,5.162834767644893,7.92611913103509,4.75967311181157,0.9217600799133274,1.0,0.0,0.0,1.0,0.0,0.053309376087573065,0.0,0.535,0.0,,,,
pace_trusted,burst,algorithm1,19,289,400,0.6211884905522298,4.934214844012661,7.943184587380553,4.021789661491587,1.874760955767914,1.0,0.0,0.0,1.0,0.0,0.074876812709588,0.0,0.62,0.0,,,,
pace_trusted,burst,algorithm1,20,302,400,0.618166918868374,4.748437517232675,7.681481121515268,3.861302979598391,2.0164420936910608,1.0,0.0,0.0,1.0,0.0,0.059191325781265326,0.0,0.52,0.0,,,,
pace_trusted,burst,algorithm1,21,315,400,0.6198063371041306,4.762208432956109,7.6833813206979755,4.135243344005761,1.6799703348112596,1.0,0.0,0.0,1.0,0.0,0.09352856978968259,0.0,0.9475,0.0,,,,
pace_trusted,burst,algorithm1,22,328,400,0.6159920895664955,4.942379942372821,8.02344709629473,3.9101655016954937,2.0735135610453406,1.0,0.0,0.0,1.0,0.0,0.07333029763950688,0.0,0.7825,0.0,,,,
pace_trusted,burst,algorithm1,23,341,400,0.5993593582874287,4.679628020441328,7.807716615642074,3.8722305217533974,1.8224018937461657,1.0,0.0,0.0,1.0,0.0,0.12419489738244234,0.0,1.32,0.0,,,,
pace_trusted,burst,algorithm1,24,354,400,0.5889738174311712,4.6004941961031225,7.811033461841021,3.543419469432016,2.5543950644503077,1.0,0.0,0.0,1.0,0.0,0.09302413531873956,0.0,1.2625,0.0,,,,
pace_trusted,burst,no_trust,0,42,400,0.46324868190546387,3.7006441971092365,7.988461363532675,2.643077604020604,1.6527337600825387,0.0,0.0,1.0,1.0,0.0,0.3589639849776561,0.39165726785002775,4.0,4.0,,,,
pace_trusted,burst,no_trust,1,55,400,0.47297358741952106,3.789234265061199,8.011513466819027,3.07057632209993,1.2965265963806925,0.0,0.0,1.0,1.0,0.0,0.30874559427203385,0.07846067260864562,4.0,4.0,,,,
pace_trusted,burst,no_trust,2,68,400,0.4900284567150685,3.805309668580048,7.76548711903211,2.80552020627228,1.489864947652713,0.0,0.0,1.0,1.0,0.0,0.2939260069087107,0.030326800745000992,4.0,4.0,,,,
pace_trusted,burst,no_trust,3,81,400,0.4939629333300794,3.822044184381806,7.737512121841362,3.191820725214871,1.8040919397511708,0.0,0.0,1.0,1.0,0.0,0.2992932842843139,0.34588776736159144,4.0,4.0,,,,
pace_trusted,burst,no_trust,4,94,400,0.5066800804653566,3.98314466542301,7.8612616106098345,2.950906859243503,1.6024582654399664,0.0,0.0,1.0,1.0,0.0,0.2689664137645023,0.10204480436477018,4.0,4.0,,,,
pace_trusted,burst,no_trust,5,107,400,0.48784256505488616,3.7994916487145787,7.788356164220942,2.826351376771789,1.817036624026135,0.0,0.0,1.0,1.0,0.0,0.3013141264920997,0.2763183119606833,4.0,4.0,,,,
pace_trusted,burst,no_trust,6,120,400,0.4621390560285229,3.587520073563094,7.762858444367607,2.774858991556646,1.5795399034584663,0.0,0.0,1.0,1.0,0.0,0.30071027356820246,0.027888693982215756,4.0,4.0,,,,
pace_trusted,burst,no_trust,7,133,400,0.48187925643486246,3.7975661080915057,7.880742026928976,2.994637275672449,2.1676921162501634,0.0,0.0,1.0,1.0,0.0,0.2986347491684073,0.04323333523297443,4.0,4.0,,,,
pace_trusted,burst,no_trust,8,146,400,0.47834776298914883,3.755008832192662,7.849955874629737,2.9727966345019734,1.8559930604308086,0.0,0.0,1.0,1.0,0.0,0.311842165153113,0.6388830260076886,4.0,4.0,,,,
pace_trusted,burst,no_trust,9,159,400,0.4791662765053254,3.779652143046668,7.887976112619147,2.859491923002663,1.8075421750061924,0.0,0.0,1.0,1.0,0.0,0.2964894234915618,0.06988829417909197,4.0,4.0,,,,
pace_trusted,burst,no_trust,10,172,400,0.4872868252893037,3.795169621155692,7.7883690348133,3.214558843633183,1.509629522549126,0.0,0.0,1.0,1.0,0.0,0.30192314443634133,0.2058510570812912,4.0,4.0,,,,
pace_trusted,burst,no_trust,11,185,400,0.4799562912673199,3.7840395443862374,7.8841336455753455,2.9038238766495663,1.5468373945525222,0.0,0.0,1.0,1.0,0.0,0.3164788247931538,0.46062624778696526,4.0,4.0,,,,
pace_trusted,burst,no_trust,12,198,400,0.4618740292799582,3.6809498171568222,7.969596867992914,2.9578135120868856,1.6197475473120235,0.0,0.0,1.0,1.0,0.0,0.32641797361060443,0.02145934847448928,4.0,4.0,,,,
pace_trusted,burst,no_trust,13,211,400,0.49916763741280007,3.8009078665259723,7.614491769190376,3.018850229263539,1.3955768600623935,0.0,0.0,1.0,1.0,0.0,0.2953688862905251,0.02137939095853343,4.0,4.0,,,,
pace_trusted,burst,no_trust,14,224,400,0.5240557596150801,4.007496812525749,7.647080943198224,3.257130591701963,1.4831559846822424,0.0,0.0,1.0,1.0,0.0,0.262633776403807,0.4859804899864748,4.0,4.0,,,,
pace_trusted,burst,no_trust,15,237,400,0.48971788765748236,3.7076876553864757,7.571068463767654,2.927029135462638,1.3146572572232782,0.0,0.0,1.0,1.0,0.0,0.2964761426849535,0.11073446541456461,4.0,4.0,,,,
pace_trusted,burst,no_trust,16,250,400,0.46705933308368036,3.6627761138809456,7.842207305221983,2.6490877671979365,1.6692998133437125,0.0,0.0,1.0,1.0,0.0,0.322469279194629,0.044353244067685066,4.0,4.0,,,,
pace_trusted,burst,no_trust,17,263,400,0.4860854356530452,3.9091666863467016,8.042139096586634,3.5599559111823234,1.032787808335239,0.0,0.0,1.0,1.0,0.0,0.3181135415279812,0.2847578249745825,4.0,4.0,,,,
pace_trusted,burst,no_trust,18,276,400,0.483916565438388,3.8355803471460015,7.92611913103509,3.426278625034196,0.8822909392006633,0.0,0.0,1.0,1.0,0.0,0.32446129203341656,0.13827686545291898,4.0,4.0,,,,
pace_trusted,burst,no_trust,19,289,400,0.47235595138491965,3.7520105127981713,7.943184587380553,2.998018742526975,1.3077946936027054,0.0,0.0,1.0,1.0,0.0,0.3276669150119782,0.07034774143937164,4.0,4.0,,,,
pace_trusted,burst,no_trust,20,302,400,0.48685019366368815,3.7397305716336726,7.681481121515268,2.865480947751392,1.8459122542013295,0.0,0.0,1.0,1.0,0.0,0.29185064517152803,0.13712614611064605,4.0,4.0,,,,
pace_trusted,burst,no_trust,21,315,400,0.5164163865578553,3.9678240181809703,7.6833813206979755,3.4615885733684033,1.4418326480506272,0.0,0.0,1.0,1.0,0.0,0.25545803112040844,0.5193245852235996,4.0,4.0,,,,
pace_trusted,burst,no_trust,22,328,400,0.48923800611106827,3.925375259528874,8.02344709629473,3.419699509997832,1.471402080559062,0.0,0.0,1.0,1.0,0.0,0.3001900045004946,0.30308221857663714,4.0,4.0,,,,
pace_trusted,burst,no_trust,23,341,400,0.5046651464622448,3.94028244936871,7.807716615642074,3.225071558226473,1.3897492327490708,0.0,0.0,1.0,1.0,0.0,0.28260191765732273,0.07966051329135819,4.0,4.0,,,,
pace_trusted,burst,no_trust,24,354,400,0.46628532237637993,3.642170255847231,7.811033461841021,2.9486539712261735,1.4671427612800603,0.0,0.0,1.0,1.0,0.0,0.30429866881275414,0.03986742636775241,4.0,4.0,,,,
pace_trusted,burst,oracle,0,42,400,0.6841755952091139,5.465510308199978,7.988461363532675,4.747589507228098,1.869992256584709,1.0,0.0,0.0,1.0,0.0,0.0,0.0,0.0,0.0,,,,
pace_trusted,burst,oracle,1,55,400,0.6629707924956202,5.311399432186343,8.011513466819027,4.602099492333651,1.5547740834169437,1.0,0.0,0.0,1.0,0.0,0.0,0.0,0.0,0.0,,,,
pace_trusted,burst,oracle,2,68,400,0.6571517936645632,5.103103788951013,7.76548711903211,4.6328588889460605,0.991994232001665,1.0,0.0,0.0,1.0,0.0,0.0,0.0,0.0,0.0,,,,
pace_trusted,burst,oracle,3,81,400,0.671938403525499,5.199131542409281,7.737512121841362,4.432427321218149,2.14435001223438,1.0,0.0,0.0,1.0,0.0,0.0,0.0,0.0,0.0,,,,
pace_trusted,burst,oracle,4,94,400,0.67079887477893,5.273325442739876,7.8612616106098345,4.275566804802995,1.5978110134992622,1.0,0.0,0.0,1.0,0.0,0.0,0.0,0.0,0.0,,,,
pace_trusted,burst,oracle,5,107,400,0.6699904632558591,5.2181243544680145,7.788356164220942,4.231041121643431,1.9853204935823872,1.0,0.0,0.0,1.0,0.0,0.0,0.0,0.0,0.0,,,,
pace_trusted,burst,oracle,6,120,400,0.6468435735635174,5.021355097222471,7.762858444367607,4.180855388307832,1.9499346512621818,1.0,0.0,0.0,1.0,0.0,0.0,0.0,0.0,0.0,,,,
pace_trusted,burst,oracle,7,133,400,0.6742271296825806,5.313410076585206,7.880742026928976,4.694006982394435,2.0369927777687247,1.0,0.0,0.0,1.0,0.0,0.0,0.0,0.0,0.0,,,,
pace_trusted,burst,oracle,8,146,400,0.6625085218228812,5.20066266287579,7.849955874629737,4.418516063136882,2.1683630330614703,1.0,0.0,0.0,1.0,0.0,0.0,0.0,0.0,0.0,,,,
pace_trusted,burst,oracle,9,159,400,0.6490430689463942,5.119636223910179,7.887976112619147,4.082943878513745,2.2713534625309597,1.0,0.0,0.0,1.0,0.0,0.0,0.0,0.0,0.0,,,,
pace_trusted,burst,oracle,10,172,400,0.6775480445556626,5.2769942098156255,7.7883690348133,4.7324975460865994,1.522919372748781,1.0,0.0,0.0,1.0,0.0,0.0,0.0,0.0,0.0,,,,
pace_trusted,burst,oracle,11,185,400,0.6625598751223184,5.22371060366007,7.8841336455753455,4.31235336714653,1.751938036698852,1.0,0.0,0.0,1.0,0.0,0.0,0.0,0.0,0.0,,,,
pace_trusted,burst,oracle,12,198,400,0.6566286632050143,5.233065737713057,7.969596867992914,4.26699536889647,1.9811626423394273,1.0,0.0,0.0,1.0,0.0,0.0,0.0,0.0,0.0,,,,
pace_trusted,burst,oracle,13,211,400,0.6825980490424405,5.197637226099072,7.614491769190376,4.253619304912144,1.8781357483023688,1.0,0.0,0.0,1.0,0.0,0.0,0.0,0.0,0.0,,,,
pace_trusted,burst,oracle,14,224,400,0.6700936587385236,5.1242604478973375,7.647080943198224,4.153463254160338,1.7831999969868653,1.0,0.0,0.0,1.0,0.0,0.0,0.0,0.0,0.0,,,,
pace_trusted,burst,oracle,15,237,400,0.6550009657480645,4.959057155512529,7.571068463767654,4.120965983203367,1.9774403106464131,1.0,0.0,0.0,1.0,0.0,0.0,0.0,0.0,0.0,,,,
pace_trusted,burst,oracle,16,250,400,0.654609478735232,5.1335832362049905,7.842207305221983,4.003620510759874,2.6768849269756867,1.0,0.0,0.0,1.0,0.0,0.0,0.0,0.0,0.0,,,,
pace_trusted,burst,oracle,17,263,400,0.6821502158948609,5.485946920993074,8.042139096586634,5.087694615688867,1.0438191057798445,1.0,0.0,0.0,1.0,0.0,0.0,0.0,0.0,0.0,,,,
pace_trusted,burst,oracle,18,276,400,0.6898645633385794,5.467948713301083,7.92611913103509,4.973922848574789,0.8934441826211899,1.0,0.0,0.0,1.0,0.0,0.0,0.0,0.0,0.0,,,,
pace_trusted,burst,oracle,19,289,400,0.6656142811186755,5.287097098922249,7.943184587380553,4.467912048150261,1.7222161499260817,1.0,0.0,0.0,1.0,0.0,0.0,0.0,0.0,0.0,,,,
pace_trusted,burst,oracle,20,302,400,0.6585503904441538,5.058642391763276,7.681481121515268,3.869989929469015,2.3295308453881445,1.0,0.0,0.0,1.0,0.0,0.0,0.0,0.0,0.0,,,,
pace_trusted,burst,oracle,21,315,400,0.6835091630091811,5.2516615355906495,7.6833813206979755,4.745300908358502,1.4957137380308483,1.0,0.0,0.0,1.0,0.0,0.0,0.0,0.0,0.0,,,,
pace_trusted,burst,oracle,22,328,400,0.660600793856798,5.3002955212803196,8.02344709629473,4.1773078865226845,2.4620587600947275,1.0,0.0,0.0,1.0,0.0,0.0,0.0,0.0,0.0,,,,
pace_trusted,burst,oracle,23,341,400,0.6753358507017792,5.272830942663056,7.807716615642074,4.609171990386416,1.3986127581324288,1.0,0.0,0.0,1.0,0.0,0.0,0.0,0.0,0.0,,,,
pace_trusted,burst,oracle,24,354,400,0.6371794768168509,4.977030214614778,7.811033461841021,3.944075732035554,2.428812300078706,1.0,0.0,0.0,1.0,0.0,0.0,0.0,0.0,0.0,,,,
pace_trusted,burst,sparse_online,0,42,400,0.6786680364575892,5.421513387906036,7.988461363532675,4.683201997923612,1.7604147304820392,1.0,0.0,0.0,1.0,0.0,0.0011811411820519088,0.0,0.0025,0.0,,,,
pace_trusted,burst,sparse_online,1,55,400,0.6692221066463775,5.361481919690452,8.011513466819027,4.652496349408115,1.4860751919043302,1.0,0.0,0.0,1.0,0.0,0.0015815006629365065,0.0,0.01,0.0,,,,
pace_trusted,burst,sparse_online,2,68,400,0.6552739319078829,5.088521277668188,7.76548711903211,4.456426802840849,1.1843288942057049,1.0,0.0,0.0,1.0,0.0,0.0035584916134099747,0.0,0.0125,0.0,,,,
pace_trusted,burst,sparse_online,3,81,400,0.6719521829367534,5.199238160770894,7.737512121841362,4.4330233226380376,2.1449661941359146,1.0,0.0,0.0,1.0,0.0,0.0,0.0,0.0,0.0,,,,
pace_trusted,burst,sparse_online,4,94,400,0.6709547760995017,5.27455102380633,7.8612616106098345,4.304115072965298,1.582373492550281,1.0,0.0,0.0,1.0,0.0,0.0,0.0,0.0,0.0,,,,
pace_trusted,burst,sparse_online,5,107,400,0.6710141915785931,5.226097515260868,7.788356164220942,4.21539093215716,1.977737448515449,1.0,0.0,0.0,1.0,0.0,0.0,0.0,0.0,0.0,,,,
pace_trusted,burst,sparse_online,6,120,400,0.6462798133320807,5.0169787063492635,7.762858444367607,4.161445326669857,1.9677914072953833,1.0,0.0,0.0,1.0,0.0,0.0,0.0,0.0,0.0,,,,
pace_trusted,burst,sparse_online,7,133,400,0.6723482938263525,5.298603455891328,7.880742026928976,4.5727910718067015,2.160439182736514,1.0,0.0,0.0,1.0,0.0,0.0,0.0,0.0,0.0,,,,
pace_trusted,burst,sparse_online,8,146,400,0.6610956908025555,5.1895720017079245,7.849955874629737,4.374910330424682,2.1735575009076946,1.0,0.0,0.0,1.0,0.0,0.0028151293140117164,0.0,0.01,0.0,,,,
pace_trusted,burst,sparse_online,9,159,400,0.6475449383012688,5.107819005167848,7.887976112619147,4.091192573093836,2.2878066795880665,1.0,0.0,0.0,1.0,0.0,0.0,0.0,0.0,0.0,,,,
pace_trusted,burst,sparse_online,10,172,400,0.6744622158959872,5.252960637435869,7.7883690348133,4.748473672150983,1.4991107333694806,1.0,0.0,0.0,1.0,0.0,0.0035558014916563675,0.0,0.01,0.0,,,,
pace_trusted,burst,sparse_online,11,185,400,0.6522763170274686,5.142633657288235,7.8841336455753455,4.078668131262069,2.053072769003621,1.0,0.0,0.0,1.0,0.0,0.0,0.0,0.0,0.0,,,,
pace_trusted,burst,sparse_online,12,198,400,0.6547682375738297,5.218238895429634,7.969596867992914,4.263032020686077,1.91258396692644,1.0,0.0,0.0,1.0,0.0,0.002199969938434097,0.0,0.0175,0.0,,,,
pace_trusted,burst,sparse_online,13,211,400,0.6806002471658323,5.182424980153166,7.614491769190376,4.2467835813088755,1.8481919394928097,1.0,0.0,0.0,1.0,0.0,0.0008129884117236713,0.0,0.01,0.0,,,,
pace_trusted,burst,sparse_online,14,224,400,0.6667836623801514,5.098948637823175,7.647080943198224,4.07453054149187,1.8204285065317576,1.0,0.0,0.0,1.0,0.0,0.0012622021633591732,0.0,0.0025,0.0,,,,
pace_trusted,burst,sparse_online,15,237,400,0.6528507116482738,4.942777434508516,7.571068463767654,4.190670832784824,1.8993901233013757,1.0,0.0,0.0,1.0,0.0,0.0,0.0,0.0,0.0,,,,
pace_trusted,burst,sparse_online,16,250,400,0.6524088408058238,5.116325377358837,7.842207305221983,3.9561514735097587,2.7220899917624095,1.0,0.0,0.0,1.0,0.0,0.0033599865888826576,0.0,0.0175,0.0,,,,
pace_trusted,burst,sparse_online,17,263,400,0.6806926460627097,5.4742249416599265,8.042139096586634,5.118623140330144,0.9983588207277005,1.0,0.0,0.0,1.0,0.0,0.002551678586257264,0.0,0.0125,0.0,,,,
pace_trusted,burst,sparse_online,18,276,400,0.6899344932705259,5.468502986272516,7.92611913103509,5.052475888097698,0.7971259735819993,1.0,0.0,0.0,1.0,0.0,0.0005793927139601002,0.0,0.0025,0.0,,,,
pace_trusted,burst,sparse_online,19,289,400,0.6628920777219304,5.2654741348575085,7.943184587380553,4.369631923875565,1.830958454785228,1.0,0.0,0.0,1.0,0.0,0.0012810606039938687,0.0,0.01,0.0,,,,
pace_trusted,burst,sparse_online,20,302,400,0.6585602216254073,5.058717909796477,7.681481121515268,3.864453468697369,2.3342954043421775,1.0,0.0,0.0,1.0,0.0,0.0,0.0,0.0,0.0,,,,
pace_trusted,burst,sparse_online,21,315,400,0.681485109099615,5.236109957589804,7.6833813206979755,4.70518998488367,1.455913635250977,1.0,0.0,0.0,1.0,0.0,0.0017075751609971432,0.0,0.0075,0.0,,,,
pace_trusted,burst,sparse_online,22,328,400,0.6617758464286397,5.309723493425857,8.02344709629473,4.257901768961076,2.2859706349682263,1.0,0.0,0.0,1.0,0.0,0.0017942298618099767,0.0,0.005,0.0,,,,
pace_trusted,burst,sparse_online,23,341,400,0.6727079464532901,5.2523130109978124,7.807716615642074,4.549950066928383,1.4342223318107807,1.0,0.0,0.0,1.0,0.0,0.004433362915169889,0.0,0.01,0.0,,,,
pace_trusted,burst,sparse_online,24,354,400,0.6426503863070202,5.019763671709193,7.811033461841021,3.845609001834557,2.6413565657508222,1.0,0.0,0.0,1.0,0.0,0.0020074566724014916,0.0,0.01,0.0,,,,
pace_trusted,byzantine,algorithm1,0,42,400,0.6750455983244495,5.392575680837663,7.988461363532675,4.542531263889858,1.9011226214181907,1.0,0.0,0.0,1.0,0.0,0.019273261053008004,0.0,0.0925,0.0,,,,
pace_trusted,byzantine,algorithm1,1,55,400,0.6576683826118311,5.268919103995773,8.011513466819027,4.4186110402592655,1.7197039687818005,1.0,0.0,0.0,1.0,0.0,0.01721924931574456,0.0,0.0825,0.0,,,,
pace_trusted,byzantine,algorithm1,2,68,400,0.6528931766888114,5.07003355368092,7.76548711903211,4.427459734897843,1.1955607519878768,1.0,0.0,0.0,1.0,0.0,0.0043649965882344805,0.0,0.01,0.0,,,,
pace_trusted,byzantine,algorithm1,3,81,400,0.6706517271374466,5.189175868259838,7.737512121841362,4.393816812976682,2.162885936427828,1.0,0.0,0.0,1.0,0.0,0.0019971264306311047,0.0,0.0175,0.0,,,,
pace_trusted,byzantine,algorithm1,4,94,400,0.6699704751147225,5.266813176261399,7.8612616106098345,4.496107767599969,1.3263511932541316,1.0,0.0,0.0,1.0,0.0,0.0026173533835654184,0.0,0.0075,0.0,,,,
pace_trusted,byzantine,algorithm1,5,107,400,0.6582145241813243,5.126409146787371,7.788356164220942,4.063730868994354,2.047738274632292,1.0,0.0,0.0,1.0,0.0,0.01200850521283066,0.0,0.04,0.0,,,,
pace_trusted,byzantine,algorithm1,6,120,400,0.6414227470036107,4.9792739879864465,7.762858444367607,4.10496266764574,2.0266554801175767,1.0,0.0,0.0,1.0,0.0,0.007591973235752166,0.0,0.035,0.0,,,,
pace_trusted,byzantine,algorithm1,7,133,400,0.6678418155716649,5.26308906331617,7.880742026928976,4.714157983947699,1.9144366891682827,1.0,0.0,0.0,1.0,0.0,0.010272015589704026,0.0,0.065,0.0,,,,
pace_trusted,byzantine,algorithm1,8,146,400,0.6500938420186505,5.1032079742149214,7.849955874629737,4.3546221735890605,2.13035345083287,1.0,0.0,0.0,1.0,0.0,0.012478069742101323,0.0,0.055,0.0,,,,
pace_trusted,byzantine,algorithm1,9,159,400,0.636366221321854,5.019641552664494,7.887976112619147,3.997339935541177,2.2405694666354776,1.0,0.0,0.0,1.0,0.0,0.013060009083764203,0.0,0.06,0.0,,,,
pace_trusted,byzantine,algorithm1,10,172,400,0.671521636271682,5.230058318145528,7.7883690348133,4.695277383150082,1.5233461181825625,1.0,0.0,0.0,1.0,0.0,0.0118793523766242,0.0,0.0575,0.0,,,,
pace_trusted,byzantine,algorithm1,11,185,400,0.6479656206246042,5.1086475507425515,7.8841336455753455,4.010685935776042,2.082628049325474,1.0,0.0,0.0,1.0,0.0,0.009455286007347553,0.0,0.04,0.0,,,,
pace_trusted,byzantine,algorithm1,12,198,400,0.6436267369437082,5.129445626903076,7.969596867992914,4.1968211084972165,2.007436454073969,1.0,0.0,0.0,1.0,0.0,0.013500502152945786,0.0,0.08,0.0,,,,
pace_trusted,byzantine,algorithm1,13,211,400,0.6749476724534493,5.139383496530992,7.614491769190376,4.271259555469403,1.7938023572929254,1.0,0.0,0.0,1.0,0.0,0.008278165506723206,0.0,0.03,0.0,,,,
pace_trusted,byzantine,algorithm1,14,224,400,0.6697567704370944,5.121684235787492,7.647080943198224,4.257905104958458,1.6585595459262557,1.0,0.0,0.0,1.0,0.0,0.007997633913368858,0.0,0.045,0.0,,,,
pace_trusted,byzantine,algorithm1,15,237,400,0.646888221700181,4.897635014896979,7.571068463767654,4.065640555904145,1.9472386457430249,1.0,0.0,0.0,1.0,0.0,0.008931294637277331,0.0,0.045,0.0,,,,
pace_trusted,byzantine,algorithm1,16,250,400,0.6460031184359566,5.066090374594641,7.842207305221983,3.906184114768183,2.6070642755629647,1.0,0.0,0.0,1.0,0.0,0.011215149475913072,0.0,0.06,0.0,,,,
pace_trusted,byzantine,algorithm1,17,263,400,0.6750763612865656,5.429057998284133,8.042139096586634,5.010325093724592,1.0584828694986612,1.0,0.0,0.0,1.0,0.0,0.018464395763442207,0.0,0.1,0.0,,,,
pace_trusted,byzantine,algorithm1,18,276,400,0.6777129914380257,5.371633906787955,7.92611913103509,4.962457311831123,0.9247280286855606,1.0,0.0,0.0,1.0,0.0,0.012335625141179111,0.0,0.0625,0.0,,,,
pace_trusted,byzantine,algorithm1,19,289,400,0.6637219799081369,5.272066201112017,7.943184587380553,4.405065564387115,1.76636991194027,1.0,0.0,0.0,1.0,0.0,0.005527696547284664,0.0,0.025,0.0,,,,
pace_trusted,byzantine,algorithm1,20,302,400,0.6548362555594013,5.030112334763288,7.681481121515268,3.868987661961211,2.3296381480397246,1.0,0.0,0.0,1.0,0.0,0.0021627548049498718,0.0,0.0175,0.0,,,,
pace_trusted,byzantine,algorithm1,21,315,400,0.6823442172293026,5.242710812945905,7.6833813206979755,4.714852728800557,1.4344734284914082,1.0,0.0,0.0,1.0,0.0,0.001120801321776688,0.0,0.0075,0.0,,,,
pace_trusted,byzantine,algorithm1,22,328,400,0.6520296017068798,5.231525014513275,8.02344709629473,4.1352552357990335,2.5329530348247884,1.0,0.0,0.0,1.0,0.0,0.008286987684806391,0.0,0.0325,0.0,,,,
pace_trusted,byzantine,algorithm1,23,341,400,0.6611558638460151,5.1621176236797215,7.807716615642074,4.360302464230974,1.720648012138147,1.0,0.0,0.0,1.0,0.0,0.014045989877785168,0.0,0.0875,0.0,,,,
pace_trusted,byzantine,algorithm1,24,354,400,0.633565774554957,4.948803465325994,7.811033461841021,3.8249012980150834,2.4349145657579667,1.0,0.0,0.0,1.0,0.0,0.011286840970435448,0.0,0.0725,0.0,,,,
pace_trusted,byzantine,no_trust,0,42,400,0.4712569178407939,3.764617680468674,7.988461363532675,3.1584665926943454,1.4792633901877728,0.0,0.0,1.0,1.0,0.0,0.36085699244166486,0.4996186324709805,4.0,4.0,,,,
pace_trusted,byzantine,no_trust,1,55,400,0.4860171660015111,3.893733070526325,8.011513466819027,2.988922891147561,1.628561859100079,0.0,0.0,1.0,1.0,0.0,0.30889624486666284,0.19631366388577895,4.0,4.0,,,,
pace_trusted,byzantine,no_trust,2,68,400,0.5025361144963645,3.902437723969964,7.76548711903211,3.395299550960179,0.8365647661916484,0.0,0.0,1.0,1.0,0.0,0.28243941793857213,0.038263933566585466,4.0,4.0,,,,
pace_trusted,byzantine,no_trust,3,81,400,0.5055902355732255,3.9120105764324613,7.737512121841362,3.4132678144555526,1.5468359834173069,0.0,0.0,1.0,1.0,0.0,0.28674098055102804,0.4635606554565652,4.0,4.0,,,,
pace_trusted,byzantine,no_trust,4,94,400,0.5017957814242708,3.944747912876584,7.8612616106098345,3.1628190151815407,1.3995651125927187,0.0,0.0,1.0,1.0,0.0,0.29648678682289,0.12753090128790512,4.0,4.0,,,,
pace_trusted,byzantine,no_trust,5,107,400,0.4852353298048841,3.7791855719836507,7.788356164220942,3.0972722661731895,1.3615737916328063,0.0,0.0,1.0,1.0,0.0,0.3065080837578859,0.32404271595713,4.0,4.0,,,,
pace_trusted,byzantine,no_trust,6,120,400,0.47116544311496994,3.65759063877925,7.762858444367607,2.907168296183068,1.3630456766880306,0.0,0.0,1.0,1.0,0.0,0.2983128712884486,0.04636961177772876,4.0,4.0,,,,
pace_trusted,byzantine,no_trust,7,133,400,0.48327634872981207,3.8085762320558136,7.880742026928976,3.2708621948621603,1.6359319197315019,0.0,0.0,1.0,1.0,0.0,0.30765623127232095,0.0063865624189215,4.0,4.0,,,,
pace_trusted,byzantine,no_trust,8,146,400,0.4982929089968827,3.9115773482664205,7.849955874629737,2.9838740329874893,1.9809793287585018,0.0,0.0,1.0,1.0,0.0,0.2887632354049429,0.3976864891193076,4.0,4.0,,,,
pace_trusted,byzantine,no_trust,9,159,400,0.4883086183260381,3.851766716941849,7.887976112619147,2.876772983916479,1.668591761065314,0.0,0.0,1.0,1.0,0.0,0.29500086507950707,0.1947705809528717,4.0,4.0,,,,
pace_trusted,byzantine,no_trust,10,172,400,0.5008191676293201,3.9005644972051683,7.7883690348133,3.2648090303605497,1.2496802559910924,0.0,0.0,1.0,1.0,0.0,0.3005736946732971,0.3965966622259849,4.0,4.0,,,,
pace_trusted,byzantine,no_trust,11,185,400,0.4918412757559424,3.8777423504701267,7.8841336455753455,2.9221709241689156,1.4921640766393005,0.0,0.0,1.0,1.0,0.0,0.3073603672948927,0.7568677279739494,4.0,4.0,,,,
pace_trusted,byzantine,no_trust,12,198,400,0.46906583869937923,3.738265638981042,7.969596867992914,2.9359609756376854,1.6887598670338337,0.0,0.0,1.0,1.0,0.0,0.31718289557471646,0.13562136731958988,4.0,4.0,,,,
pace_trusted,byzantine,no_trust,13,211,400,0.4860982415520448,3.7013910593159602,7.614491769190376,2.8956875639893678,1.5117255312223605,0.0,0.0,1.0,1.0,0.0,0.3192458382884605,0.17209176271749282,4.0,4.0,,,,
pace_trusted,byzantine,no_trust,14,224,400,0.5340749854792346,4.084114643697124,7.647080943198224,3.6204661860440126,0.9940257788360176,0.0,0.0,1.0,1.0,0.0,0.2629847595559878,0.524395213131378,4.0,4.0,,,,
pace_trusted,byzantine,no_trust,15,237,400,0.47693372115357274,3.6108978555331706,7.571068463767654,3.1327750237464524,1.2679201375877271,0.0,0.0,1.0,1.0,0.0,0.31379629060313036,0.2379550007032509,4.0,4.0,,,,
pace_trusted,byzantine,no_trust,16,250,400,0.47234159972794454,3.7042007439467244,7.842207305221983,3.010179709698555,1.3140264732679148,0.0,0.0,1.0,1.0,0.0,0.318713033280666,0.04249981362221779,4.0,4.0,,,,
pace_trusted,byzantine,no_trust,17,263,400,0.49027550558085914,3.942863811530606,8.042139096586634,3.6112348677247934,1.0522605007868484,0.0,0.0,1.0,1.0,0.0,0.31908380040121787,0.450786987540672,4.0,4.0,,,,
pace_trusted,byzantine,no_trust,18,276,400,0.5057196305584815,4.008394038709578,7.92611913103509,3.574705085487844,0.9554887519454676,0.0,0.0,1.0,1.0,0.0,0.30159652640132334,0.28969949628195196,4.0,4.0,,,,
pace_trusted,byzantine,no_trust,19,289,400,0.4716679056201038,3.7465452382836735,7.943184587380553,3.1702243533212164,1.0168275105872824,0.0,0.0,1.0,1.0,0.0,0.3247029153468344,0.03434280203277072,4.0,4.0,,,,
pace_trusted,byzantine,no_trust,20,302,400,0.49497570613053454,3.80214654225039,7.681481121515268,2.7035480531885696,1.8542688032854153,0.0,0.0,1.0,1.0,0.0,0.27809776852845625,0.19330909114127967,4.0,4.0,,,,
pace_trusted,byzantine,no_trust,21,315,400,0.48899446663614665,3.7571309508768387,7.6833813206979755,3.2377730521781927,0.9975657576519521,0.0,0.0,1.0,1.0,0.0,0.30920245169124766,0.8379316421007538,4.0,4.0,,,,
pace_trusted,byzantine,no_trust,22,328,400,0.4862234329572192,3.9011879913110556,8.02344709629473,3.316799315269331,1.429352803002324,0.0,0.0,1.0,1.0,0.0,0.31768804827276226,0.08901535748120208,4.0,4.0,,,,
pace_trusted,byzantine,no_trust,23,341,400,0.49327035617937265,3.8513151559453718,7.807716615642074,3.2273536407758376,1.3272191800688802,0.0,0.0,1.0,1.0,0.0,0.3001036366861693,0.5716547986518951,4.0,4.0,,,,
pace_trusted,byzantine,no_trust,24,354,400,0.4782829489007008,3.7358841180913727,7.811033461841021,2.9032737399174824,1.8519555112153423,0.0,0.0,1.0,1.0,0.0,0.28998533112360064,0.007704623220970833,4.0,4.0,,,,
pace_trusted,byzantine,oracle,0,42,400,0.6841755952091139,5.465510308199978,7.988461363532675,4.747589507228098,1.869992256584709,1.0,0.0,0.0,1.0,0.0,0.0,0.0,0.0,0.0,,,,
pace_trusted,byzantine,oracle,1,55,400,0.6629707924956202,5.311399432186343,8.011513466819027,4.602099492333651,1.5547740834169437,1.0,0.0,0.0,1.0,0.0,0.0,0.0,0.0,0.0,,,,
pace_trusted,byzantine,oracle,2,68,400,0.6571517936645632,5.103103788951013,7.76548711903211,4.6328588889460605,0.991994232001665,1.0,0.0,0.0,1.0,0.0,0.0,0.0,0.0,0.0,,,,
pace_trusted,byzantine,oracle,3,81,400,0.671938403525499,5.199131542409281,7.737512121841362,4.432427321218149,2.14435001223438,1.0,0.0,0.0,1.0,0.0,0.0,0.0,0.0,0.0,,,,
pace_trusted,byzantine,oracle,4,94,400,0.67079887477893,5.273325442739876,7.8612616106098345,4.275566804802995,1.5978110134992622,1.0,0.0,0.0,1.0,0.0,0.0,0.0,0.0,0.0,,,,
pace_trusted,byzantine,oracle,5,107,400,0.6699904632558591,5.2181243544680145,7.788356164220942,4.231041121643431,1.9853204935823872,1.0,0.0,0.0,1.0,0.0,0.0,0.0,0.0,0.0,,,,
pace_trusted,byzantine,oracle,6,120,400,0.6468435735635174,5.021355097222471,7.762858444367607,4.180855388307832,1.9499346512621818,1.0,0.0,0.0,1.0,0.0,0.0,0.0,0.0,0.0,,,,
pace_trusted,byzantine,oracle,7,133,400,0.6742271296825806,5.313410076585206,7.880742026928976,4.694006982394435,2.0369927777687247,1.0,0.0,0.0,1.0,0.0,0.0,0.0,0.0,0.0,,,,
pace_trusted,byzantine,oracle,8,146,400,0.6625085218228812,5.20066266287579,7.849955874629737,4.418516063136882,2.1683630330614703,1.0,0.0,0.0,1.0,0.0,0.0,0.0,0.0,0.0,,,,
pace_trusted,byzantine,oracle,9,159,400,0.6490430689463942,5.119636223910179,7.887976112619147,4.082943878513745,2.2713534625309597,1.0,0.0,0.0,1.0,0.0,0.0,0.0,0.0,0.0,,,,
pace_trusted,byzantine,oracle,10,172,400,0.6775480445556626,5.2769942098156255,7.7883690348133,4.7324975460865994,1.522919372748781,1.0,0.0,0.0,1.0,0.0,0.0,0.0,0.0,0.0,,,,
pace_trusted,byzantine,oracle,11,185,400,0.6625598751223184,5.22371060366007,7.8841336455753455,4.31235336714653,1.751938036698852,1.0,0.0,0.0,1.0,0.0,0.0,0.0,0.0,0.0,,,,
pace_trusted,byzantine,oracle,12,198,400,0.6566286632050143,5.233065737713057,7.969596867992914,4.26699536889647,1.9811626423394273,1.0,0.0,0.0,1.0,0.0,0.0,0.0,0.0,0.0,,,,
pace_trusted,byzantine,oracle,13,211,400,0.6825980490424405,5.197637226099072,7.614491769190376,4.253619304912144,1.8781357483023688,1.0,0.0,0.0,1.0,0.0,0.0,0.0,0.0,0.0,,,,
pace_trusted,byzantine,oracle,14,224,400,0.6700936587385236,5.1242604478973375,7.647080943198224,4.153463254160338,1.7831999969868653,1.0,0.0,0.0,1.0,0.0,0.0,0.0,0.0,0.0,,,,
pace_trusted,byzantine,oracle,15,237,400,0.6550009657480645,4.959057155512529,7.571068463767654,4.120965983203367,1.9774403106464131,1.0,0.0,0.0,1.0,0.0,0.0,0.0,0.0,0.0,,,,
pace_trusted,byzantine,oracle,16,250,400,0.654609478735232,5.1335832362049905,7.842207305221983,4.003620510759874,2.6768849269756867,1.0,0.0,0.0,1.0,0.0,0.0,0.0,0.0,0.0,,,,
pace_trusted,byzantine,oracle,17,263,400,0.6821502158948609,5.485946920993074,8.042139096586634,5.087694615688867,1.0438191057798445,1.0,0.0,0.0,1.0,0.0,0.0,0.0,0.0,0.0,,,,
pace_trusted,byzantine,oracle,18,276,400,0.6898645633385794,5.467948713301083,7.92611913103509,4.973922848574789,0.8934441826211899,1.0,0.0,0.0,1.0,0.0,0.0,0.0,0.0,0.0,,,,
pace_trusted,byzantine,oracle,19,289,400,0.6656142811186755,5.287097098922249,7.943184587380553,4.467912048150261,1.7222161499260817,1.0,0.0,0.0,1.0,0.0,0.0,0.0,0.0,0.0,,,,
pace_trusted,byzantine,oracle,20,302,400,0.6585503904441538,5.058642391763276,7.681481121515268,3.869989929469015,2.3295308453881445,1.0,0.0,0.0,1.0,0.0,0.0,0.0,0.0,0.0,,,,
pace_trusted,byzantine,oracle,21,315,400,0.6835091630091811,5.2516615355906495,7.6833813206979755,4.745300908358502,1.4957137380308483,1.0,0.0,0.0,1.0,0.0,0.0,0.0,0.0,0.0,,,,
pace_trusted,byzantine,oracle,22,328,400,0.660600793856798,5.3002955212803196,8.02344709629473,4.1773078865226845,2.4620587600947275,1.0,0.0,0.0,1.0,0.0,0.0,0.0,0.0,0.0,,,,
pace_trusted,byzantine,oracle,23,341,400,0.6753358507017792,5.272830942663056,7.807716615642074,4.609171990386416,1.3986127581324288,1.0,0.0,0.0,1.0,0.0,0.0,0.0,0.0,0.0,,,,
pace_trusted,byzantine,oracle,24,354,400,0.6371794768168509,4.977030214614778,7.811033461841021,3.944075732035554,2.428812300078706,1.0,0.0,0.0,1.0,0.0,0.0,0.0,0.0,0.0,,,,
pace_trusted,byzantine,sparse_online,0,42,400,0.6791417349775943,5.42529751023106,7.988461363532675,4.688077274279156,1.7674840567003551,1.0,0.0,0.0,1.0,0.0,0.0011305674703138459,0.0,0.0075,0.0,,,,
pace_trusted,byzantine,sparse_online,1,55,400,0.6678952374034703,5.3508516888821935,8.011513466819027,4.5782448748640645,1.6101666799024574,1.0,0.0,0.0,1.0,0.0,0.0014852779335871496,0.0,0.0075,0.0,,,,
pace_trusted,byzantine,sparse_online,2,68,400,0.6540960106175098,5.079374145060562,7.76548711903211,4.463891629418654,1.1893035490429122,1.0,0.0,0.0,1.0,0.0,0.0032209231518573627,0.0,0.0075,0.0,,,,
pace_trusted,byzantine,sparse_online,3,81,400,0.6718367866559506,5.198345280649367,7.737512121841362,4.429650496859229,2.146026971224212,1.0,0.0,0.0,1.0,0.0,0.00027202684970220413,0.0,0.0025,0.0,,,,
pace_trusted,byzantine,sparse_online,4,94,400,0.6707854664997047,5.273220036749138,7.8612616106098345,4.272742709183952,1.589375323773897,1.0,0.0,0.0,1.0,0.0,0.0012242873447829048,0.0,0.005,0.0,,,,
pace_trusted,byzantine,sparse_online,5,107,400,0.6709934725760235,5.225936148289488,7.788356164220942,4.214214120494253,1.977172756860031,1.0,0.0,0.0,1.0,0.0,9.743546011952337e-05,0.0,0.0025,0.0,,,,
pace_trusted,byzantine,sparse_online,6,120,400,0.6462798133320807,5.0169787063492635,7.762858444367607,4.161445326669857,1.9677914072953833,1.0,0.0,0.0,1.0,0.0,0.0,0.0,0.0,0.0,,,,
pace_trusted,byzantine,sparse_online,7,133,400,0.672248874444485,5.297819957390353,7.880742026928976,4.607234686117534,2.1109657895301206,1.0,0.0,0.0,1.0,0.0,0.0005592583928521282,0.0,0.01,0.0,,,,
pace_trusted,byzantine,sparse_online,8,146,400,0.660512415844656,5.184993319025637,7.849955874629737,4.361723163839493,2.19155255009073,1.0,0.0,0.0,1.0,0.0,0.003520516531910305,0.0,0.01,0.0,,,,
pace_trusted,byzantine,sparse_online,9,159,400,0.6474878861592286,5.107368979234261,7.887976112619147,4.090481037569975,2.2881336972267974,1.0,0.0,0.0,1.0,0.0,0.00015148604345613023,0.0,0.0025,0.0,,,,
pace_trusted,byzantine,sparse_online,10,172,400,0.6761865660255135,5.266390512589848,7.7883690348133,4.716045490100951,1.5291423813910319,1.0,0.0,0.0,1.0,0.0,0.00030254899503763885,0.0,0.005,0.0,,,,
pace_trusted,byzantine,sparse_online,11,185,400,0.6535934198354723,5.1530178718515,7.8841336455753455,4.067986102805657,2.055546829064597,1.0,0.0,0.0,1.0,0.0,0.0005957256174670036,0.0,0.0075,0.0,,,,
pace_trusted,byzantine,sparse_online,12,198,400,0.653978922998465,5.2119483764619465,7.969596867992914,4.276724461778601,1.9875724131460988,1.0,0.0,0.0,1.0,0.0,0.00429196552890302,0.0,0.0275,0.0,,,,
pace_trusted,byzantine,sparse_online,13,211,400,0.680860987490555,5.184410385209663,7.614491769190376,4.280128586703444,1.8448622318344468,1.0,0.0,0.0,1.0,0.0,0.001146924243777728,0.0,0.0075,0.0,,,,
pace_trusted,byzantine,sparse_online,14,224,400,0.6670091853725623,5.100673230400693,7.647080943198224,4.082308944597901,1.817322578462341,1.0,0.0,0.0,1.0,0.0,0.0014238689083780247,0.0,0.0075,0.0,,,,
pace_trusted,byzantine,sparse_online,15,237,400,0.6515813008724366,4.933166638616008,7.571068463767654,4.136606531822711,1.9422094299899815,1.0,0.0,0.0,1.0,0.0,0.004061160109195503,0.0,0.0175,0.0,,,,
pace_trusted,byzantine,sparse_online,16,250,400,0.6484127052759439,5.0849868541137555,7.842207305221983,3.855313575120088,2.7692891238135875,1.0,0.0,0.0,1.0,0.0,0.00397186855094505,0.0,0.0175,0.0,,,,
pace_trusted,byzantine,sparse_online,17,263,400,0.6808679788137173,5.475634992031716,8.042139096586634,5.134397051911822,0.9891490806218073,1.0,0.0,0.0,1.0,0.0,0.0022346205433290776,0.0,0.0125,0.0,,,,
pace_trusted,byzantine,sparse_online,18,276,400,0.6845471517112675,5.425802275274258,7.92611913103509,4.9370032107536055,1.0226877950978919,1.0,0.0,0.0,1.0,0.0,0.003604224683665833,0.0,0.0075,0.0,,,,
pace_trusted,byzantine,sparse_online,19,289,400,0.6635947551226847,5.271055631157082,7.943184587380553,4.389635952838973,1.8097835648021894,1.0,0.0,0.0,1.0,0.0,0.000416605970650241,0.0,0.005,0.0,,,,
pace_trusted,byzantine,sparse_online,20,302,400,0.6585602216254073,5.058717909796477,7.681481121515268,3.864453468697369,2.3342954043421775,1.0,0.0,0.0,1.0,0.0,0.0,0.0,0.0,0.0,,,,
pace_trusted,byzantine,sparse_online,21,315,400,0.6825281803411639,5.244124271683278,7.6833813206979755,4.716468476905742,1.4347682796577539,1.0,0.0,0.0,1.0,0.0,0.0009487566497704716,0.0,0.0025,0.0,,,,
pace_trusted,byzantine,sparse_online,22,328,400,0.6616595206446252,5.30879015965188,8.02344709629473,4.247201537076476,2.3071525203885503,1.0,0.0,0.0,1.0,0.0,0.0016403716355052555,0.0,0.005,0.0,,,,
pace_trusted,byzantine,sparse_online,23,341,400,0.6716969306570787,5.244419286167055,7.807716615642074,4.538267820295184,1.4521328838991465,1.0,0.0,0.0,1.0,0.0,0.005743856381864476,0.0,0.02,0.0,,,,
pace_trusted,byzantine,sparse_online,24,354,400,0.6406790353154181,5.004365383148756,7.811033461841021,3.9695206499522224,2.476921576004989,1.0,0.0,0.0,1.0,0.0,0.0027557872296079824,0.0,0.02,0.0,,,,
pace_trusted,compound,algorithm1,0,42,400,0.559158255997281,4.466814124134592,7.988461363532675,3.6045403823497826,1.7888678127303002,0.5,0.0,0.5,0.5,0.0,0.22116967051314773,0.26561985582731207,2.04,2.0,,,,
pace_trusted,compound,algorithm1,1,55,400,0.4814963218393633,3.8575142666398876,8.011513466819027,3.2080124054326062,1.1456719073292505,0.25,0.0,0.75,0.25,0.0,0.297867347797103,0.02272682949594668,3.75,3.0,,,,
pace_trusted,compound,algorithm1,2,68,400,0.5973707598249965,4.638874940707435,7.76548711903211,4.076998944234535,1.1125600374335596,0.75,0.0,0.25,0.75,0.0,0.10499098872988945,0.02442816885482882,1.1375,1.0,,,,
pace_trusted,compound,algorithm1,3,81,400,0.6118832819416901,4.734454311175902,7.737512121841362,3.879680413880546,2.268395251210872,0.75,0.0,0.25,0.75,0.0,0.10777856458470629,0.21583891722962043,1.1225,1.0,,,,
pace_trusted,compound,algorithm1,4,94,400,0.5546097843746692,4.359932606773185,7.8612616106098345,3.4940753754633374,1.4420315329942959,0.5,0.0,0.5,0.5,0.0,0.17475687677555424,0.02924878791749653,2.0475,2.0,,,,
pace_trusted,compound,algorithm1,5,107,400,0.5882411393947297,4.581431504053294,7.788356164220942,3.4849480870229725,1.9977414548598476,0.75,0.0,0.25,0.75,0.0,0.1280892391005279,0.003324463557404884,1.0725,1.0,,,,
pace_trusted,compound,algorithm1,6,120,400,0.6250469876315734,4.852151286062295,7.762858444367607,4.031876390306704,1.8375732865610779,1.0,0.0,0.0,1.0,0.0,0.0346674574807651,0.0,0.3775,0.0,,,,
pace_trusted,compound,algorithm1,7,133,400,0.5789188802907621,4.5623103500900735,7.880742026928976,3.9535459998713773,2.2487207344465454,1.0,0.0,0.0,1.0,0.0,0.12951593319254603,0.0,1.3525,0.0,,,,
pace_trusted,compound,algorithm1,8,146,400,0.5618947131124008,4.410848704120081,7.849955874629737,3.651662641387232,2.173789292926033,0.75,0.0,0.25,0.75,0.0,0.17101111996170043,0.46698602189169325,1.3375,1.0,,,,
pace_trusted,compound,algorithm1,9,159,400,0.5641633226625627,4.450106812778143,7.887976112619147,3.496724438657192,2.1964983573547716,0.75,0.0,0.25,0.75,0.0,0.14476397462324433,0.08378864016691022,1.42,1.0,,,,
pace_trusted,compound,algorithm1,10,172,400,0.5785307507157176,4.505810984561587,7.7883690348133,4.0218227722960895,1.5088969655431548,0.75,0.0,0.25,0.75,0.0,0.14898093515352806,0.017900117683056,1.6975,1.0,,,,
pace_trusted,compound,algorithm1,11,185,400,0.5456781830333766,4.302199722509866,7.8841336455753455,3.3356722363308715,1.8610457379394956,0.5,0.0,0.5,0.5,0.0,0.18263571939233608,0.1367686597756351,2.1475,2.0,,,,
pace_trusted,compound,algorithm1,12,198,400,0.5621322104576055,4.479967103860867,7.969596867992914,3.594444621732171,1.8284590958652593,0.75,0.0,0.25,0.75,0.0,0.159005931848779,0.0007595800912038423,1.5275,1.0,,,,
pace_trusted,compound,algorithm1,13,211,400,0.6649609754044616,5.063339874050078,7.614491769190376,4.383008343765853,1.5604601244991416,1.0,0.0,0.0,1.0,0.0,0.027044078349003332,0.0,0.1425,0.0,,,,
pace_trusted,compound,algorithm1,14,224,400,0.6342845699194724,4.850425447195879,7.647080943198224,4.063948676390964,1.355928827634977,0.75,0.0,0.25,0.75,0.0,0.08231777751396098,0.14581695631598524,1.1225,1.0,,,,
pace_trusted,compound,algorithm1,15,237,400,0.5542997158689418,4.1966410982907165,7.571068463767654,3.532764682057411,1.5327686567387548,0.75,0.0,0.25,0.75,0.0,0.15289494303090367,0.012865063324082765,1.1775,1.0,,,,
pace_trusted,compound,algorithm1,16,250,400,0.5695975542541731,4.466902101008651,7.842207305221983,3.2243006033194637,2.3670143015357916,0.75,0.0,0.25,0.75,0.0,0.14328144592378997,0.009906595260561372,1.58,1.0,,,,
pace_trusted,compound,algorithm1,17,263,400,0.552533521211851,4.443551433112507,8.042139096586634,4.053321003394766,0.98281975155537,0.5,0.0,0.5,0.5,0.0,0.2062215746049774,0.008531375920952522,2.1675,2.0,,,,
pace_trusted,compound,algorithm1,18,276,400,0.6218064115151641,4.928511694110621,7.92611913103509,4.626255959979437,0.6485351049574799,0.75,0.0,0.25,0.75,0.0,0.1086179682690415,0.07412338916209274,1.125,1.0,,,,
pace_trusted,compound,algorithm1,19,289,400,0.5578324321666921,4.430965977527476,7.943184587380553,3.7112055415223764,1.3764061989398848,0.75,0.0,0.25,0.75,0.0,0.17972793692543423,0.0666553944358348,1.5525,1.0,,,,
pace_trusted,compound,algorithm1,20,302,400,0.5806309038405679,4.4601053264196695,7.681481121515268,3.3747502484130227,2.3708109323781446,0.75,0.0,0.25,0.75,0.0,0.12150009616467482,0.03436464750929146,1.1875,1.0,,,,
pace_trusted,compound,algorithm1,21,315,400,0.5723124467254467,4.397294762773252,7.6833813206979755,3.828735435438775,1.498798179127525,0.5,0.0,0.5,0.5,0.0,0.1729331105555668,0.07358165155347707,2.14,2.0,,,,
pace_trusted,compound,algorithm1,22,328,400,0.5685823884113536,4.561990713303397,8.02344709629473,3.795918842573718,1.8941429346796639,0.75,0.0,0.25,0.75,0.0,0.15371030294710206,0.007395034306594837,1.4525,1.0,,,,
pace_trusted,compound,algorithm1,23,341,400,0.6178019705568019,4.823622710692757,7.807716615642074,4.016025916950152,1.963730965035416,1.0,0.0,0.0,1.0,0.0,0.08536540890728471,0.0,0.7725,0.0,,,,
pace_trusted,compound,algorithm1,24,354,400,0.5558098696440193,4.341449490210931,7.811033461841021,3.545505023934009,2.2425552261197215,0.75,0.0,0.25,0.75,0.0,0.15029510665423493,0.013003243920652994,1.385,1.0,,,,
pace_trusted,compound,no_trust,0,42,400,0.46633034199381496,3.7252619196605696,7.988461363532675,2.8157769515189695,1.525423383415276,0.0,0.0,1.0,0.5,0.0,0.36688249592210886,0.2962150957784058,4.0,4.0,,,,
pace_trusted,compound,no_trust,1,55,400,0.48103261988362894,3.8537993121769314,8.011513466819027,3.252784418132673,1.3108123884286145,0.0,0.0,1.0,0.25,0.0,0.3004150640507423,0.04659319441509354,4.0,4.0,,,,
pace_trusted,compound,no_trust,2,68,400,0.4929581785890309,3.82806038605465,7.76548711903211,3.024310124284702,1.253665953355791,0.0,0.0,1.0,0.75,0.0,0.3015592768606577,0.049904753875145307,4.0,4.0,,,,
pace_trusted,compound,no_trust,3,81,400,0.5067047131936254,3.9206338605298274,7.737512121841362,3.333532774207377,1.6735087626535603,0.0,0.0,1.0,0.75,0.0,0.2765855162259196,0.39789866663395185,4.0,4.0,,,,
pace_trusted,compound,no_trust,4,94,400,0.5011578181389271,3.939732716592533,7.8612616106098345,2.964297061796689,1.4774146778262862,0.0,0.0,1.0,0.5,0.0,0.2736180044232881,0.10034178371880843,4.0,4.0,,,,
pace_trusted,compound,no_trust,5,107,400,0.4886159192593679,3.8055148067001805,7.788356164220942,2.9225504804724927,1.6131628803731632,0.0,0.0,1.0,0.75,0.0,0.30109858990238025,0.5568479848167969,4.0,4.0,,,,
pace_trusted,compound,no_trust,6,120,400,0.46829340797692165,3.635295436555331,7.762858444367607,3.048688176444802,1.2844933219161092,0.0,0.0,1.0,1.0,0.0,0.30061975753031034,0.07664930920829556,4.0,4.0,,,,
pace_trusted,compound,no_trust,7,133,400,0.47386419066350904,3.734401442418601,7.880742026928976,2.976459072881109,2.108506641400288,0.0,0.0,1.0,1.0,0.0,0.3098794237179426,0.03810439411467923,4.0,4.0,,,,
pace_trusted,compound,no_trust,8,146,400,0.4739569451822066,3.720541106154627,7.849955874629737,2.8749345177846624,2.01311130568569,0.0,0.0,1.0,0.75,0.0,0.31956534381457496,0.6489712462655702,4.0,4.0,,,,
pace_trusted,compound,no_trust,9,159,400,0.47649723799218435,3.758598831011351,7.887976112619147,2.8219525634995786,1.8459056114294818,0.0,0.0,1.0,0.75,0.0,0.29376301125403254,0.08349421118111772,4.0,4.0,,,,
pace_trusted,compound,no_trust,10,172,400,0.48682711702236986,3.7915892435244563,7.7883690348133,3.2004023409016487,1.432015026772656,0.0,0.0,1.0,0.75,0.0,0.30009604224009495,0.21372915313610014,4.0,4.0,,,,
pace_trusted,compound,no_trust,11,185,400,0.47264858087686784,3.7264245790247537,7.8841336455753455,2.9411534285531005,1.4685146815474788,0.0,0.0,1.0,0.5,0.0,0.3304192155996903,0.49156807032506755,4.0,4.0,,,,
pace_trusted,compound,no_trust,12,198,400,0.45217735370460066,3.6036712218615095,7.969596867992914,2.9386218317165556,1.3873693532066786,0.0,0.0,1.0,0.75,0.0,0.33920981414689566,0.07695010802792425,4.0,4.0,,,,
pace_trusted,compound,no_trust,13,211,400,0.4908773708546588,3.7377817000546116,7.614491769190376,3.1303167519283805,1.1785658074157865,0.0,0.0,1.0,1.0,0.0,0.30423538363153435,0.05387531434043065,4.0,4.0,,,,
pace_trusted,compound,no_trust,14,224,400,0.5252837882872161,4.016887647182141,7.647080943198224,3.27643979755438,1.3883398675522254,0.0,0.0,1.0,0.75,0.0,0.2640436893132197,0.49333796729655033,4.0,4.0,,,,
pace_trusted,compound,no_trust,15,237,400,0.4853219065505938,3.6744053814607933,7.571068463767654,2.7694026974946295,1.4741965624375046,0.0,0.0,1.0,0.75,0.0,0.284046617688598,0.1690517438760755,4.0,4.0,,,,
pace_trusted,compound,no_trust,16,250,400,0.47442553923959496,3.72054342960863,7.842207305221983,2.9210192546585185,1.175868847497063,0.0,0.0,1.0,0.75,0.0,0.3183427704764859,0.06580509555715126,4.0,4.0,,,,
pace_trusted,compound,no_trust,17,263,400,0.4729344248982911,3.803404428596262,8.042139096586634,3.4547237964377238,0.933930812023275,0.0,0.0,1.0,0.5,0.0,0.34400301058777427,0.49976089083184105,4.0,4.0,,,,
pace_trusted,compound,no_trust,18,276,400,0.4850576195791695,3.8446244782007963,7.92611913103509,3.504390362979691,0.8720837027424966,0.0,0.0,1.0,0.75,0.0,0.32814609794045024,0.12209572476766663,4.0,4.0,,,,
pace_trusted,compound,no_trust,19,289,400,0.46709545696928423,3.7102254346338945,7.943184587380553,3.0345266783411753,1.1947140365536462,0.0,0.0,1.0,0.75,0.0,0.32990314826790995,0.07928610930234933,4.0,4.0,,,,
pace_trusted,compound,no_trust,20,302,400,0.4926695625009806,3.7844319434964686,7.681481121515268,2.859956763345263,1.8493460510880322,0.0,0.0,1.0,0.75,0.0,0.2792506252514048,0.14029684843906892,4.0,4.0,,,,
pace_trusted,compound,no_trust,21,315,400,0.5235013918057063,4.022260815159356,7.6833813206979755,3.473903255812656,1.3924131825198232,0.0,0.0,1.0,0.5,0.0,0.257036628633652,0.6884052766286484,4.0,4.0,,,,
pace_trusted,compound,no_trust,22,328,400,0.4853933085236536,3.894527531835,8.02344709629473,3.293460827376709,1.5045272503163263,0.0,0.0,1.0,0.75,0.0,0.304302267043069,0.7494023259170048,4.0,4.0,,,,
pace_trusted,compound,no_trust,23,341,400,0.4949855970495525,3.8647072705873033,7.807716615642074,3.227515124449116,1.2658122758492607,0.0,0.0,1.0,1.0,0.0,0.2953987284271305,0.48173748701031943,4.0,4.0,,,,
pace_trusted,compound,no_trust,24,354,400,0.4720455612713079,3.687163674603712,7.811033461841021,2.9404112892179524,1.5796901800096674,0.0,0.0,1.0,0.75,0.0,0.2968764558716312,0.04854842463324523,4.0,4.0,,,,
pace_trusted,compound,oracle,0,42,400,0.6854105749403573,5.475375896067761,7.988461363532675,4.7550275086024945,1.8544459329999885,1.0,0.0,0.0,0.5,0.0,0.0,0.0,0.0,0.0,,,,
pace_trusted,compound,oracle,1,55,400,0.6632615726819798,5.313729021565248,8.011513466819027,4.633899904378526,1.5049004083280968,1.0,0.0,0.0,0.25,0.0,0.0,0.0,0.0,0.0,,,,
pace_trusted,compound,oracle,2,68,400,0.6555004594092119,5.090280374061865,7.76548711903211,4.626770146883442,1.0041386423134062,1.0,0.0,0.0,0.75,0.0,0.0,0.0,0.0,0.0,,,,
pace_trusted,compound,oracle,3,81,400,0.6735921358139025,5.211927316037084,7.737512121841362,4.42179243656046,2.1942860341702337,1.0,0.0,0.0,0.75,0.0,0.0,0.0,0.0,0.0,,,,
pace_trusted,compound,oracle,4,94,400,0.6653448458254059,5.230449894304382,7.8612616106098345,4.24952615096158,1.6761596707443864,1.0,0.0,0.0,0.5,0.0,0.0,0.0,0.0,0.0,,,,
pace_trusted,compound,oracle,5,107,400,0.6699506566569787,5.217814326498248,7.788356164220942,4.2726598746671485,1.9536987046805034,1.0,0.0,0.0,0.75,0.0,0.0,0.0,0.0,0.0,,,,
pace_trusted,compound,oracle,6,120,400,0.6447808626138867,5.00534256410884,7.762858444367607,4.190154420588153,1.9891028857648019,1.0,0.0,0.0,1.0,0.0,0.0,0.0,0.0,0.0,,,,
pace_trusted,compound,oracle,7,133,400,0.6725586583825048,5.300261284689974,7.880742026928976,4.695496832738804,2.010358155188083,1.0,0.0,0.0,1.0,0.0,0.0,0.0,0.0,0.0,,,,
pace_trusted,compound,oracle,8,146,400,0.6546778397269488,5.139192153954467,7.849955874629737,4.078392887790338,2.3421660301365703,1.0,0.0,0.0,0.75,0.0,0.0,0.0,0.0,0.0,,,,
pace_trusted,compound,oracle,9,159,400,0.6433077972335606,5.074396537639967,7.887976112619147,4.0373761700122595,2.310549544750409,1.0,0.0,0.0,0.75,0.0,0.0,0.0,0.0,0.0,,,,
pace_trusted,compound,oracle,10,172,400,0.6722890673774682,5.2360353548061855,7.7883690348133,4.726511463311031,1.5112040179731352,1.0,0.0,0.0,0.75,0.0,0.0,0.0,0.0,0.0,,,,
pace_trusted,compound,oracle,11,185,400,0.6617329557599286,5.217191060892875,7.8841336455753455,4.396425539762399,1.6568869099788994,1.0,0.0,0.0,0.5,0.0,0.0,0.0,0.0,0.0,,,,
pace_trusted,compound,oracle,12,198,400,0.6539900911018106,5.21203738174339,7.969596867992914,4.246081419214372,1.9777703995803897,1.0,0.0,0.0,0.75,0.0,0.0,0.0,0.0,0.0,,,,
pace_trusted,compound,oracle,13,211,400,0.6828631987101471,5.1996562060614275,7.614491769190376,4.352685786857521,1.7199054697264158,1.0,0.0,0.0,1.0,0.0,0.0,0.0,0.0,0.0,,,,
pace_trusted,compound,oracle,14,224,400,0.6693606072158513,5.118654743567928,7.647080943198224,4.150312921009727,1.7788765598907625,1.0,0.0,0.0,0.75,0.0,0.0,0.0,0.0,0.0,,,,
pace_trusted,compound,oracle,15,237,400,0.6510630714159258,4.929243087920824,7.571068463767654,4.133877748491651,1.8050160474796755,1.0,0.0,0.0,0.75,0.0,0.0,0.0,0.0,0.0,,,,
pace_trusted,compound,oracle,16,250,400,0.6558056106002077,5.142963550254512,7.842207305221983,4.056840143087786,2.6398425153683016,1.0,0.0,0.0,0.75,0.0,0.0,0.0,0.0,0.0,,,,
pace_trusted,compound,oracle,17,263,400,0.6734464861173737,5.4159503154634185,8.042139096586634,5.056528312736732,1.09108954804441,1.0,0.0,0.0,0.5,0.0,0.0,0.0,0.0,0.0,,,,
pace_trusted,compound,oracle,18,276,400,0.687970373955752,5.4529351425960515,7.92611913103509,4.903463027914398,0.9936756024579907,1.0,0.0,0.0,0.75,0.0,0.0,0.0,0.0,0.0,,,,
pace_trusted,compound,oracle,19,289,400,0.6590464004667476,5.2349272105561,7.943184587380553,4.428113690960729,1.5559761174247688,1.0,0.0,0.0,0.75,0.0,0.0,0.0,0.0,0.0,,,,
pace_trusted,compound,oracle,20,302,400,0.6563833968413084,5.041996671312575,7.681481121515268,3.869195281057331,2.3098693555485803,1.0,0.0,0.0,0.75,0.0,0.0,0.0,0.0,0.0,,,,
pace_trusted,compound,oracle,21,315,400,0.6822165767609313,5.241730102555456,7.6833813206979755,4.753134743846506,1.3692228583956485,1.0,0.0,0.0,0.5,0.0,0.0,0.0,0.0,0.0,,,,
pace_trusted,compound,oracle,22,328,400,0.6572249748374454,5.273209815971877,8.02344709629473,4.171468854513103,2.482519448828599,1.0,0.0,0.0,0.75,0.0,0.0,0.0,0.0,0.0,,,,
pace_trusted,compound,oracle,23,341,400,0.672675681438508,5.252061094905794,7.807716615642074,4.587274359987594,1.4282389106400553,1.0,0.0,0.0,1.0,0.0,0.0,0.0,0.0,0.0,,,,
pace_trusted,compound,oracle,24,354,400,0.6366397582968933,4.972814455195413,7.811033461841021,3.9630292364155366,2.301998338028107,1.0,0.0,0.0,0.75,0.0,0.0,0.0,0.0,0.0,,,,
pace_trusted,compound,sparse_online,0,42,400,0.6830471113509223,5.456495458499444,7.988461363532675,4.612195620766692,1.8290919914535175,1.0,0.0,0.0,0.5,0.0,0.0016121937285181556,0.0,0.0175,0.0,,,,
pace_trusted,compound,sparse_online,1,55,400,0.6631350132369858,5.312715088867325,8.011513466819027,4.604584238531012,1.483353579628643,1.0,0.0,0.0,0.25,0.0,0.006675457427855125,0.0,0.0375,0.0,,,,
pace_trusted,compound,sparse_online,2,68,400,0.6535864942551989,5.075417502312101,7.76548711903211,4.495007226356431,1.1228212024844595,1.0,0.0,0.0,0.75,0.0,0.0008762104886883931,0.0,0.005,0.0,,,,
pace_trusted,compound,sparse_online,3,81,400,0.672888596857317,5.206483674832315,7.737512121841362,4.439715036003971,2.169958966871948,1.0,0.0,0.0,0.75,0.0,0.0011237530889188921,0.0,0.0075,0.0,,,,
pace_trusted,compound,sparse_online,4,94,400,0.6637701408362174,5.218070726424839,7.8612616106098345,4.261435881193178,1.6894002129048955,1.0,0.0,0.0,0.5,0.0,0.0003210821589105841,0.0,0.005,0.0,,,,
pace_trusted,compound,sparse_online,5,107,400,0.6712941726638774,5.228278107672307,7.788356164220942,4.259043553258023,1.9369832531168871,1.0,0.0,0.0,0.75,0.0,0.0,0.0,0.0,0.0,,,,
pace_trusted,compound,sparse_online,6,120,400,0.6459010084869881,5.014038097958768,7.762858444367607,4.174401265805043,2.002250834644732,1.0,0.0,0.0,1.0,0.0,0.0010170595751941686,0.0,0.005,0.0,,,,
pace_trusted,compound,sparse_online,7,133,400,0.6693050221321235,5.274620216751254,7.880742026928976,4.5233709044953025,2.150281658839975,1.0,0.0,0.0,1.0,0.0,0.0006906371860183548,0.0,0.005,0.0,,,,
pace_trusted,compound,sparse_online,8,146,400,0.6538780688139444,5.13291398757757,7.849955874629737,4.063450161378802,2.3247842042850317,1.0,0.0,0.0,0.75,0.0,0.0033273007290885344,0.0,0.01,0.0,,,,
pace_trusted,compound,sparse_online,9,159,400,0.6444024318423294,5.083030989285982,7.887976112619147,4.0759908646640755,2.262686857461013,1.0,0.0,0.0,0.75,0.0,0.0005082627971292222,0.0,0.005,0.0,,,,
pace_trusted,compound,sparse_online,10,172,400,0.6716712977211217,5.231223936744049,7.7883690348133,4.7422084232141115,1.4771112998433624,1.0,0.0,0.0,0.75,0.0,0.002735340290802985,0.0,0.0125,0.0,,,,
pace_trusted,compound,sparse_online,11,185,400,0.651638511564402,5.137605113777541,7.8841336455753455,4.068946073525036,2.0491242746523337,1.0,0.0,0.0,0.5,0.0,0.00016376950146517827,0.0,0.0075,0.0,,,,
pace_trusted,compound,sparse_online,12,198,400,0.6540221750296393,5.212293077714127,7.969596867992914,4.269473440036694,1.8942556946198392,1.0,0.0,0.0,0.75,0.0,0.002631170348246462,0.0,0.02,0.0,,,,
pace_trusted,compound,sparse_online,13,211,400,0.6801124265865054,5.17871047436704,7.614491769190376,4.35223550626512,1.6923586513631106,1.0,0.0,0.0,1.0,0.0,0.002330737477363176,0.0,0.01,0.0,,,,
pace_trusted,compound,sparse_online,14,224,400,0.6606527867899422,5.052065335932166,7.647080943198224,3.9904075416442204,1.9610187239992731,1.0,0.0,0.0,0.75,0.0,0.004263719256285453,0.0,0.015,0.0,,,,
pace_trusted,compound,sparse_online,15,237,400,0.6488502368264472,4.912489565744888,7.571068463767654,4.165737953637279,1.7520365587215059,1.0,0.0,0.0,0.75,0.0,0.0002308116482103115,0.0,0.005,0.0,,,,
pace_trusted,compound,sparse_online,16,250,400,0.6550145189792292,5.136759645765375,7.842207305221983,4.0038199875567795,2.661378237965824,1.0,0.0,0.0,0.75,0.0,0.0017434081679648594,0.0,0.01,0.0,,,,
pace_trusted,compound,sparse_online,17,263,400,0.66561614973567,5.352977661108695,8.042139096586634,4.856665881716286,1.2490283274849654,1.0,0.0,0.0,0.5,0.0,0.003937553722495947,0.0,0.015,0.0,,,,
pace_trusted,compound,sparse_online,18,276,400,0.6801167673773152,5.39068652124708,7.92611913103509,4.973679787978394,1.4038605106033524,1.0,0.0,0.0,0.75,0.0,0.003732809187529741,0.0,0.01,0.0,,,,
pace_trusted,compound,sparse_online,19,289,400,0.6555636434719027,5.207263028873057,7.943184587380553,4.27837132295324,1.691187602403729,1.0,0.0,0.0,0.75,0.0,0.0010981066664713052,0.0,0.0125,0.0,,,,
pace_trusted,compound,sparse_online,20,302,400,0.6563788916125088,5.041962064482603,7.681481121515268,3.8642987566697666,2.3164892456496835,1.0,0.0,0.0,0.75,0.0,0.0002788802907101745,0.0,0.005,0.0,,,,
pace_trusted,compound,sparse_online,21,315,400,0.6804879515484645,5.2284484158875015,7.6833813206979755,4.692343922383327,1.343170905692591,1.0,0.0,0.0,0.5,0.0,0.0015975834536990426,0.0,0.0125,0.0,,,,
pace_trusted,compound,sparse_online,22,328,400,0.6576888383112761,5.276931600014062,8.02344709629473,4.2894197046813725,2.2105434251745884,1.0,0.0,0.0,0.75,0.0,0.0024858443127719963,0.0,0.01,0.0,,,,
pace_trusted,compound,sparse_online,23,341,400,0.6709812411822254,5.2388313855626025,7.807716615642074,4.548191723064302,1.4506928385675444,1.0,0.0,0.0,1.0,0.0,0.004441699476011352,0.0,0.0125,0.0,,,,
pace_trusted,compound,sparse_online,24,354,400,0.6370263601442605,4.9758342151616075,7.811033461841021,3.9426366163145516,2.328019438721652,1.0,0.0,0.0,0.75,0.0,0.0008969529886878173,0.0,0.0125,0.0,,,,
pace_trusted,reputation_poison,algorithm1,0,42,400,0.47474290062658847,3.792465319266934,7.988461363532675,3.3652251501429187,1.2164995504528036,0.0,0.0,1.0,0.0,0.0,0.35777570169627565,0.4607873503382798,3.995,4.0,,,,
pace_trusted,reputation_poison,algorithm1,1,55,400,0.48841698235245745,3.912959231539824,8.011513466819027,3.2876007271414247,1.187323477748107,0.0,0.0,1.0,0.0,0.0,0.30469357671633795,0.07872358902694168,3.99,4.0,,,,
pace_trusted,reputation_poison,algorithm1,2,68,400,0.5031858409662506,3.9074831665027587,7.76548711903211,3.486610809490237,0.8331778994593617,0.0,0.0,1.0,0.0,0.0,0.27610119483447443,0.15070297062236238,3.9875,4.0,,,,
pace_trusted,reputation_poison,algorithm1,3,81,400,0.5047702866831788,3.905666211956435,7.737512121841362,3.264049073824408,1.7255678865160728,0.0,0.0,1.0,0.0,0.0,0.2871015926644747,0.6911458882783155,3.995,4.0,,,,
pace_trusted,reputation_poison,algorithm1,4,94,400,0.5278585883221707,4.149634456207782,7.8612616106098345,3.3129173754659504,1.31809091710348,0.0,0.0,1.0,0.0,0.0,0.2417844144569004,0.175943341054451,3.9925,4.0,,,,
pace_trusted,reputation_poison,algorithm1,5,107,400,0.49502120443278036,3.85540144896412,7.788356164220942,2.9346814887125654,1.774786878690508,0.0,0.0,1.0,0.0,0.0,0.2875444926419074,0.23336366598382982,3.9875,4.0,,,,
pace_trusted,reputation_poison,algorithm1,6,120,400,0.47653847524474374,3.699300726619723,7.762858444367607,2.7423264371581006,1.6969703622912928,0.0,0.0,1.0,0.0,0.0,0.2929457125319337,0.06306594744826399,3.9875,4.0,,,,
pace_trusted,reputation_poison,algorithm1,7,133,400,0.4894076817096377,3.8568956855510215,7.880742026928976,3.262329020545822,1.8430815134439236,0.0,0.0,1.0,0.0,0.0,0.2991287544397019,0.06830444868046989,3.99,4.0,,,,
pace_trusted,reputation_poison,algorithm1,8,146,400,0.47930431001865886,3.762517684166324,7.849955874629737,3.2483439489403483,1.6333086903755967,0.0,0.0,1.0,0.0,0.0,0.31381097450843215,0.8026541839930997,3.9975,4.0,,,,
pace_trusted,reputation_poison,algorithm1,9,159,400,0.49487014505513105,3.903523883043246,7.887976112619147,3.1062181675659613,1.7243633826641291,0.0,0.0,1.0,0.0,0.0,0.27694952377145965,0.12628789427305562,3.9825,4.0,,,,
pace_trusted,reputation_poison,algorithm1,10,172,400,0.4929487381318259,3.839266687816203,7.7883690348133,3.3332323314368604,1.5055300135070353,0.0,0.0,1.0,0.0,0.0,0.2985899391111531,0.21471075126319394,3.995,4.0,,,,
pace_trusted,reputation_poison,algorithm1,11,185,400,0.4829995340460909,3.80803287717,7.8841336455753455,2.870713355397176,1.6463908343369713,0.0,0.0,1.0,0.0,0.0,0.3071677165795832,0.6267609063100502,3.9925,4.0,,,,
pace_trusted,reputation_poison,algorithm1,12,198,400,0.4685565742180949,3.7342070063660184,7.969596867992914,3.1482669233835945,1.5512302641852025,0.0,0.0,1.0,0.0,0.0,0.32063328988747586,0.05591931201092412,3.995,4.0,,,,
pace_trusted,reputation_poison,algorithm1,13,211,400,0.5117604980354147,3.8967961000874327,7.614491769190376,3.1158359398002573,1.3532380658199359,0.0,0.0,1.0,0.0,0.0,0.27613661614868823,0.0906153031261648,3.9925,4.0,,,,
pace_trusted,reputation_poison,algorithm1,14,224,400,0.5373208607317277,4.108936114484462,7.647080943198224,3.163115276931275,1.6407185981458734,0.0,0.0,1.0,0.0,0.0,0.24317542569027897,0.6060519767064136,3.9925,4.0,,,,
pace_trusted,reputation_poison,algorithm1,15,237,400,0.4805149914416872,3.638011898071742,7.571068463767654,3.162783920170351,1.5006457265059931,0.0,0.0,1.0,0.0,0.0,0.30150650065096307,0.12993938503054536,3.99,4.0,,,,
pace_trusted,reputation_poison,algorithm1,16,250,400,0.48055673817722383,3.7686255627070726,7.842207305221983,2.921808340483591,1.6505590841559696,0.0,0.0,1.0,0.0,0.0,0.30962629173709905,0.11927022948026043,3.9925,4.0,,,,
pace_trusted,reputation_poison,algorithm1,17,263,400,0.492326549475188,3.9593585918220033,8.042139096586634,3.707297590394064,0.7896022003680319,0.0,0.0,1.0,0.0,0.0,0.31912589263080227,0.2610071293938469,4.0,4.0,,,,
pace_trusted,reputation_poison,algorithm1,18,276,400,0.4863353688895235,3.8547520714542602,7.92611913103509,3.5664043630964692,0.6711895134343737,0.0,0.0,1.0,0.0,0.0,0.32949145575858224,0.27446395217614616,3.99,4.0,,,,
pace_trusted,reputation_poison,algorithm1,19,289,400,0.48562407202708846,3.8574016441865524,7.943184587380553,3.2666823994464775,1.4003969570167896,0.0,0.0,1.0,0.0,0.0,0.3092625954335204,0.2714481299872752,3.99,4.0,,,,
pace_trusted,reputation_poison,algorithm1,20,302,400,0.49834284039394877,3.8280111205284135,7.681481121515268,2.952255533066942,1.7560992818349175,0.0,0.0,1.0,0.0,0.0,0.27582994194958566,0.3583914766125102,3.995,4.0,,,,
pace_trusted,reputation_poison,algorithm1,21,315,400,0.5038754341498345,3.8714670987054207,7.6833813206979755,3.507458233608828,0.8411211281933042,0.0,0.0,1.0,0.0,0.0,0.29270568247127193,0.7049140235651273,3.995,4.0,,,,
pace_trusted,reputation_poison,algorithm1,22,328,400,0.49619805617597407,3.981218853012208,8.02344709629473,3.2887201870593454,1.7410031757169673,0.0,0.0,1.0,0.0,0.0,0.2891610213221833,0.9423232435769187,4.0,4.0,,,,
pace_trusted,reputation_poison,algorithm1,23,341,400,0.5212593205377097,4.069845058020574,7.807716615642074,3.415810136645152,1.3192305416912418,0.0,0.0,1.0,0.0,0.0,0.2616972008349718,0.5258053742481695,3.9975,4.0,,,,
pace_trusted,reputation_poison,algorithm1,24,354,400,0.47767554398889406,3.7311396580003637,7.811033461841021,3.1482330770816387,1.559513091850072,0.0,0.0,1.0,0.0,0.0,0.2922965505231026,0.11183387405300704,4.0,4.0,,,,
pace_trusted,reputation_poison,no_trust,0,42,400,0.4738985568300096,3.7857203114704254,7.988461363532675,3.3649928356571155,1.2188375352016254,0.0,0.0,1.0,0.0,0.0,0.3585859775024066,0.5141356369668384,4.0,4.0,,,,
pace_trusted,reputation_poison,no_trust,1,55,400,0.4846993522408998,3.8831753878364275,8.011513466819027,3.312869702056065,1.261400286805026,0.0,0.0,1.0,0.0,0.0,0.30648517193908065,0.0931186802788433,4.0,4.0,,,,
pace_trusted,reputation_poison,no_trust,2,68,400,0.5063797691242566,3.9322855744728686,7.76548711903211,3.415260088329428,1.0399342920833687,0.0,0.0,1.0,0.0,0.0,0.2588195659145998,0.02637463656145556,4.0,4.0,,,,
pace_trusted,reputation_poison,no_trust,3,81,400,0.5042255337429276,3.901451179477833,7.737512121841362,3.2752366009916365,1.7348116756681247,0.0,0.0,1.0,0.0,0.0,0.28885390627270124,0.7015848436234181,4.0,4.0,,,,
pace_trusted,reputation_poison,no_trust,4,94,400,0.5272253233380749,4.144656194498966,7.8612616106098345,3.2765305148367156,1.502066417382875,0.0,0.0,1.0,0.0,0.0,0.2415532658790215,0.19559309044653334,4.0,4.0,,,,
pace_trusted,reputation_poison,no_trust,5,107,400,0.4928070265905558,3.838156643317949,7.788356164220942,2.900206851043993,1.87141078716667,0.0,0.0,1.0,0.0,0.0,0.28761572617152004,0.26475456718799123,4.0,4.0,,,,
pace_trusted,reputation_poison,no_trust,6,120,400,0.4788020699784049,3.7168726921125503,7.762858444367607,2.9300554950466253,1.5018289727490899,0.0,0.0,1.0,0.0,0.0,0.2897478935133055,0.06711098401272646,4.0,4.0,,,,
pace_trusted,reputation_poison,no_trust,7,133,400,0.4912444442833177,3.8713707375589115,7.880742026928976,3.2976677555003207,1.665601000896534,0.0,0.0,1.0,0.0,0.0,0.2966793218139106,0.07787268308569703,4.0,4.0,,,,
pace_trusted,reputation_poison,no_trust,8,146,400,0.47860540735025187,3.757031329058668,7.849955874629737,3.2412214061482887,1.618702033574551,0.0,0.0,1.0,0.0,0.0,0.3149014531793063,0.8059490195403123,4.0,4.0,,,,
pace_trusted,reputation_poison,no_trust,9,159,400,0.4932944657677442,3.89109496246319,7.887976112619147,2.970887360203705,1.9264624960728516,0.0,0.0,1.0,0.0,0.0,0.2792354433520664,0.13265389329339214,4.0,4.0,,,,
pace_trusted,reputation_poison,no_trust,10,172,400,0.4941383671093546,3.848531957307704,7.7883690348133,3.3170486356208917,1.5635265078923002,0.0,0.0,1.0,0.0,0.0,0.29937344198809795,0.19897294070579705,4.0,4.0,,,,
pace_trusted,reputation_poison,no_trust,11,185,400,0.48597257396848176,3.8314727212517603,7.8841336455753455,3.0611219491393697,1.3857538500303344,0.0,0.0,1.0,0.0,0.0,0.30837313486796264,0.6292956514203929,4.0,4.0,,,,
pace_trusted,reputation_poison,no_trust,12,198,400,0.4698525307402937,3.744535257406389,7.969596867992914,3.161758357542115,1.5331779700294028,0.0,0.0,1.0,0.0,0.0,0.3209293007872803,0.05482836088861784,4.0,4.0,,,,
pace_trusted,reputation_poison,no_trust,13,211,400,0.5147299940166219,3.9194073027949794,7.614491769190376,3.126412194401846,1.3776892959148679,0.0,0.0,1.0,0.0,0.0,0.2775517183426771,0.10284386989146618,4.0,4.0,,,,
pace_trusted,reputation_poison,no_trust,14,224,400,0.5371914919714158,4.107946821102836,7.647080943198224,3.140924232454821,1.6653891084050483,0.0,0.0,1.0,0.0,0.0,0.24326447697773154,0.6252222051892611,4.0,4.0,,,,
pace_trusted,reputation_poison,no_trust,15,237,400,0.47966376591231075,3.6315672113107262,7.571068463767654,3.1840902163328124,1.4876642056554354,0.0,0.0,1.0,0.0,0.0,0.30157887812228545,0.10086198693495707,4.0,4.0,,,,
pace_trusted,reputation_poison,no_trust,16,250,400,0.4822105957288828,3.7815954564804892,7.842207305221983,2.84428436632473,1.734480465988511,0.0,0.0,1.0,0.0,0.0,0.3063340551206709,0.13110579272491898,4.0,4.0,,,,
pace_trusted,reputation_poison,no_trust,17,263,400,0.4921402404098512,3.9578602684036097,8.042139096586634,3.704505486959678,0.7928470435539063,0.0,0.0,1.0,0.0,0.0,0.3187839655292196,0.25994137997228967,4.0,4.0,,,,
pace_trusted,reputation_poison,no_trust,18,276,400,0.48377333759111857,3.834445106165662,7.92611913103509,3.5560106405374254,0.6817037315661159,0.0,0.0,1.0,0.0,0.0,0.33371782545098994,0.24979237890327152,4.0,4.0,,,,
pace_trusted,reputation_poison,no_trust,19,289,400,0.4857927468223883,3.858741459220858,7.943184587380553,3.2803559504527975,1.4112255160353735,0.0,0.0,1.0,0.0,0.0,0.3093197569865355,0.27569362239290424,4.0,4.0,,,,
pace_trusted,reputation_poison,no_trust,20,302,400,0.49816927651339604,3.826677892856571,7.681481121515268,2.9573389637183354,1.744829439389715,0.0,0.0,1.0,0.0,0.0,0.2758109914603628,0.3526573827057505,4.0,4.0,,,,
pace_trusted,reputation_poison,no_trust,21,315,400,0.502774316675867,3.863006793274045,7.6833813206979755,3.467493810962564,0.9380634050033834,0.0,0.0,1.0,0.0,0.0,0.29398578119741625,0.6928766754587095,4.0,4.0,,,,
pace_trusted,reputation_poison,no_trust,22,328,400,0.49621901070701346,3.9813869805834305,8.02344709629473,3.2881601880737468,1.7393518324588668,0.0,0.0,1.0,0.0,0.0,0.2891044780613733,0.9425468695767858,4.0,4.0,,,,
pace_trusted,reputation_poison,no_trust,23,341,400,0.5213773341726015,4.070766475038591,7.807716615642074,3.419441085388359,1.3336150897836165,0.0,0.0,1.0,0.0,0.0,0.2612082135708587,0.5286996672174973,4.0,4.0,,,,
pace_trusted,reputation_poison,no_trust,24,354,400,0.477788443854711,3.732021522630097,7.811033461841021,3.1486400488347366,1.5629042799209332,0.0,0.0,1.0,0.0,0.0,0.29242629975044954,0.11250740349438412,4.0,4.0,,,,
pace_trusted,reputation_poison,oracle,0,42,400,0.6841755952091139,5.465510308199978,7.988461363532675,4.747589507228098,1.869992256584709,1.0,0.0,0.0,0.0,0.0,0.0,0.0,0.0,0.0,,,,
pace_trusted,reputation_poison,oracle,1,55,400,0.6629707924956202,5.311399432186343,8.011513466819027,4.602099492333651,1.5547740834169437,1.0,0.0,0.0,0.0,0.0,0.0,0.0,0.0,0.0,,,,
pace_trusted,reputation_poison,oracle,2,68,400,0.6571517936645632,5.103103788951013,7.76548711903211,4.6328588889460605,0.991994232001665,1.0,0.0,0.0,0.0,0.0,0.0,0.0,0.0,0.0,,,,
pace_trusted,reputation_poison,oracle,3,81,400,0.671938403525499,5.199131542409281,7.737512121841362,4.432427321218149,2.14435001223438,1.0,0.0,0.0,0.0,0.0,0.0,0.0,0.0,0.0,,,,
pace_trusted,reputation_poison,oracle,4,94,400,0.67079887477893,5.273325442739876,7.8612616106098345,4.275566804802995,1.5978110134992622,1.0,0.0,0.0,0.0,0.0,0.0,0.0,0.0,0.0,,,,
pace_trusted,reputation_poison,oracle,5,107,400,0.6699904632558591,5.2181243544680145,7.788356164220942,4.231041121643431,1.9853204935823872,1.0,0.0,0.0,0.0,0.0,0.0,0.0,0.0,0.0,,,,
pace_trusted,reputation_poison,oracle,6,120,400,0.6468435735635174,5.021355097222471,7.762858444367607,4.180855388307832,1.9499346512621818,1.0,0.0,0.0,0.0,0.0,0.0,0.0,0.0,0.0,,,,
pace_trusted,reputation_poison,oracle,7,133,400,0.6742271296825806,5.313410076585206,7.880742026928976,4.694006982394435,2.0369927777687247,1.0,0.0,0.0,0.0,0.0,0.0,0.0,0.0,0.0,,,,
pace_trusted,reputation_poison,oracle,8,146,400,0.6625085218228812,5.20066266287579,7.849955874629737,4.418516063136882,2.1683630330614703,1.0,0.0,0.0,0.0,0.0,0.0,0.0,0.0,0.0,,,,
pace_trusted,reputation_poison,oracle,9,159,400,0.6490430689463942,5.119636223910179,7.887976112619147,4.082943878513745,2.2713534625309597,1.0,0.0,0.0,0.0,0.0,0.0,0.0,0.0,0.0,,,,
pace_trusted,reputation_poison,oracle,10,172,400,0.6775480445556626,5.2769942098156255,7.7883690348133,4.7324975460865994,1.522919372748781,1.0,0.0,0.0,0.0,0.0,0.0,0.0,0.0,0.0,,,,
pace_trusted,reputation_poison,oracle,11,185,400,0.6625598751223184,5.22371060366007,7.8841336455753455,4.31235336714653,1.751938036698852,1.0,0.0,0.0,0.0,0.0,0.0,0.0,0.0,0.0,,,,
pace_trusted,reputation_poison,oracle,12,198,400,0.6566286632050143,5.233065737713057,7.969596867992914,4.26699536889647,1.9811626423394273,1.0,0.0,0.0,0.0,0.0,0.0,0.0,0.0,0.0,,,,
pace_trusted,reputation_poison,oracle,13,211,400,0.6825980490424405,5.197637226099072,7.614491769190376,4.253619304912144,1.8781357483023688,1.0,0.0,0.0,0.0,0.0,0.0,0.0,0.0,0.0,,,,
pace_trusted,reputation_poison,oracle,14,224,400,0.6700936587385236,5.1242604478973375,7.647080943198224,4.153463254160338,1.7831999969868653,1.0,0.0,0.0,0.0,0.0,0.0,0.0,0.0,0.0,,,,
pace_trusted,reputation_poison,oracle,15,237,400,0.6550009657480645,4.959057155512529,7.571068463767654,4.120965983203367,1.9774403106464131,1.0,0.0,0.0,0.0,0.0,0.0,0.0,0.0,0.0,,,,
pace_trusted,reputation_poison,oracle,16,250,400,0.654609478735232,5.1335832362049905,7.842207305221983,4.003620510759874,2.6768849269756867,1.0,0.0,0.0,0.0,0.0,0.0,0.0,0.0,0.0,,,,
pace_trusted,reputation_poison,oracle,17,263,400,0.6821502158948609,5.485946920993074,8.042139096586634,5.087694615688867,1.0438191057798445,1.0,0.0,0.0,0.0,0.0,0.0,0.0,0.0,0.0,,,,
pace_trusted,reputation_poison,oracle,18,276,400,0.6898645633385794,5.467948713301083,7.92611913103509,4.973922848574789,0.8934441826211899,1.0,0.0,0.0,0.0,0.0,0.0,0.0,0.0,0.0,,,,
pace_trusted,reputation_poison,oracle,19,289,400,0.6656142811186755,5.287097098922249,7.943184587380553,4.467912048150261,1.7222161499260817,1.0,0.0,0.0,0.0,0.0,0.0,0.0,0.0,0.0,,,,
pace_trusted,reputation_poison,oracle,20,302,400,0.6585503904441538,5.058642391763276,7.681481121515268,3.869989929469015,2.3295308453881445,1.0,0.0,0.0,0.0,0.0,0.0,0.0,0.0,0.0,,,,
pace_trusted,reputation_poison,oracle,21,315,400,0.6835091630091811,5.2516615355906495,7.6833813206979755,4.745300908358502,1.4957137380308483,1.0,0.0,0.0,0.0,0.0,0.0,0.0,0.0,0.0,,,,
pace_trusted,reputation_poison,oracle,22,328,400,0.660600793856798,5.3002955212803196,8.02344709629473,4.1773078865226845,2.4620587600947275,1.0,0.0,0.0,0.0,0.0,0.0,0.0,0.0,0.0,,,,
pace_trusted,reputation_poison,oracle,23,341,400,0.6753358507017792,5.272830942663056,7.807716615642074,4.609171990386416,1.3986127581324288,1.0,0.0,0.0,0.0,0.0,0.0,0.0,0.0,0.0,,,,
pace_trusted,reputation_poison,oracle,24,354,400,0.6371794768168509,4.977030214614778,7.811033461841021,3.944075732035554,2.428812300078706,1.0,0.0,0.0,0.0,0.0,0.0,0.0,0.0,0.0,,,,
pace_trusted,reputation_poison,sparse_online,0,42,400,0.6829540890188451,5.4557523531936996,7.988461363532675,4.6459655978844925,1.9370502250933752,1.0,0.0,0.0,0.0,0.0,0.0009251639556724276,0.0,0.025,0.0,,,,
pace_trusted,reputation_poison,sparse_online,1,55,400,0.665635767171757,5.332749912692946,8.011513466819027,4.535701951336078,1.5967568249951514,1.0,0.0,0.0,0.0,0.0,0.0011932027814803147,0.0,0.02,0.0,,,,
pace_trusted,reputation_poison,sparse_online,2,68,400,0.6563427178749232,5.096820921328241,7.76548711903211,4.566387448399394,1.0998390525496111,1.0,0.0,0.0,0.0,0.0,0.0033526098501435995,0.0,0.0225,0.0,,,,
pace_trusted,reputation_poison,sparse_online,3,81,400,0.6693377327241373,5.179008820558826,7.737512121841362,4.387832125530452,2.1801893186286083,1.0,0.0,0.0,0.0,0.0,0.0025670281900285574,0.0,0.0275,0.0,,,,
pace_trusted,reputation_poison,sparse_online,4,94,400,0.6675243801809511,5.247583784062635,7.8612616106098345,4.217279637300126,1.7178416477709026,1.0,0.0,0.0,0.0,0.0,0.0017257732363856464,0.0,0.0225,0.0,,,,
pace_trusted,reputation_poison,sparse_online,5,107,400,0.6701806435141024,5.219605546054617,7.788356164220942,4.134407318426196,1.9744235616772867,1.0,0.0,0.0,0.0,0.0,0.0006215776320522887,0.0,0.0175,0.0,,,,
pace_trusted,reputation_poison,sparse_online,6,120,400,0.6465235761824729,5.018871002850854,7.762858444367607,4.0965557887757305,2.0066362822473334,1.0,0.0,0.0,0.0,0.0,0.0009254395214837225,0.0,0.02,0.0,,,,
pace_trusted,reputation_poison,sparse_online,7,133,400,0.6721008251617558,5.2966532191858935,7.880742026928976,4.583063612390487,2.2125743764846053,1.0,0.0,0.0,0.0,0.0,0.001131351704545631,0.0,0.02,0.0,,,,
pace_trusted,reputation_poison,sparse_online,8,146,400,0.6605064902128136,5.184946803077145,7.849955874629737,4.313638582842171,2.2264828471560545,1.0,0.0,0.0,0.0,0.0,0.0028914454546734047,0.0,0.0275,0.0,,,,
pace_trusted,reputation_poison,sparse_online,9,159,400,0.6473779416854761,5.106501739851587,7.887976112619147,4.087666071063684,2.288704788986193,1.0,0.0,0.0,0.0,0.0,0.001065495314150895,0.0,0.0125,0.0,,,,
pace_trusted,reputation_poison,sparse_online,10,172,400,0.674950725341294,5.256765329272911,7.7883690348133,4.744601392266635,1.500580463138376,1.0,0.0,0.0,0.0,0.0,0.0025824408283257206,0.0,0.025,0.0,,,,
pace_trusted,reputation_poison,sparse_online,11,185,400,0.6574312831721516,5.183276099311333,7.8841336455753455,4.109067571265665,2.0785468356683126,1.0,0.0,0.0,0.0,0.0,0.0020043403592740687,0.0,0.0225,0.0,,,,
pace_trusted,reputation_poison,sparse_online,12,198,400,0.6553307124590261,5.222721593513019,7.969596867992914,4.259425770238392,1.9613527228551648,1.0,0.0,0.0,0.0,0.0,0.001101295286914838,0.0,0.025,0.0,,,,
pace_trusted,reputation_poison,sparse_online,13,211,400,0.6778319331505365,5.161345675869161,7.614491769190376,4.263080202040986,1.866865630344721,1.0,0.0,0.0,0.0,0.0,0.0020677759670455907,0.0,0.025,0.0,,,,
pace_trusted,reputation_poison,sparse_online,14,224,400,0.6686850121972394,5.113488413775782,7.647080943198224,4.151665080680406,1.7724291139946153,1.0,0.0,0.0,0.0,0.0,0.0016089094921710467,0.0,0.0225,0.0,,,,
pace_trusted,reputation_poison,sparse_online,15,237,400,0.6523087889457369,4.938674500625539,7.571068463767654,4.1592114577423,1.921266639150172,1.0,0.0,0.0,0.0,0.0,0.0012427344517683331,0.0,0.0225,0.0,,,,
pace_trusted,reputation_poison,sparse_online,16,250,400,0.6536521805040364,5.126075905023033,7.842207305221983,3.9997459046752835,2.6764920049557817,1.0,0.0,0.0,0.0,0.0,0.001635909695879737,0.0,0.0225,0.0,,,,
pace_trusted,reputation_poison,sparse_online,17,263,400,0.6811743283233189,5.478098697400103,8.042139096586634,5.11445899652227,0.9971204439028405,1.0,0.0,0.0,0.0,0.0,0.0011330123943296766,0.0,0.03,0.0,,,,
pace_trusted,reputation_poison,sparse_online,18,276,400,0.6876057954849865,5.450045450204152,7.92611913103509,4.9764875733800595,0.9665217811909166,1.0,0.0,0.0,0.0,0.0,0.003120657135766327,0.0,0.02,0.0,,,,
pace_trusted,reputation_poison,sparse_online,19,289,400,0.6621800993212182,5.259818758998424,7.943184587380553,4.372893330991622,1.8086079509274668,1.0,0.0,0.0,0.0,0.0,0.0012250743625803432,0.0,0.025,0.0,,,,
pace_trusted,reputation_poison,sparse_online,20,302,400,0.6588643448091234,5.061054026290807,7.681481121515268,3.85176676164248,2.348998057592482,1.0,0.0,0.0,0.0,0.0,0.0013715005910497908,0.0,0.025,0.0,,,,
pace_trusted,reputation_poison,sparse_online,21,315,400,0.6813414226204774,5.2350059595799605,7.6833813206979755,4.684331234867663,1.5093990626084803,1.0,0.0,0.0,0.0,0.0,0.0023694638692007518,0.0,0.025,0.0,,,,
pace_trusted,reputation_poison,sparse_online,22,328,400,0.6615809857159924,5.308160038806784,8.02344709629473,4.278422728077049,2.306347294655577,1.0,0.0,0.0,0.0,0.0,0.002423501805809111,0.0,0.03,0.0,,,,
pace_trusted,reputation_poison,sparse_online,23,341,400,0.6735465881163235,5.258860887444848,7.807716615642074,4.5708296984621795,1.4233705722711987,1.0,0.0,0.0,0.0,0.0,0.0037755159697505144,0.0,0.0275,0.0,,,,
pace_trusted,reputation_poison,sparse_online,24,354,400,0.6377990973613402,4.981870091421428,7.811033461841021,3.9357048220516986,2.420668430267582,1.0,0.0,0.0,0.0,0.0,0.0020006401793947358,0.0,0.03,0.0,,,,
pace_trusted,trust_mimicry,algorithm1,0,42,400,0.4746262237954012,3.791533250908975,7.988461363532675,3.310938802682139,1.389626423070157,0.0,0.0,1.0,0.0,0.0,0.35770439480902394,0.2977170521971044,3.9825,4.0,,,,
pace_trusted,trust_mimicry,algorithm1,1,55,400,0.4867145622766721,3.8993202701764864,8.011513466819027,3.274325581195268,1.1162580096099415,0.0,0.0,1.0,0.0,0.0,0.3067868736560378,0.0806282867869326,3.985,4.0,,,,
pace_trusted,trust_mimicry,algorithm1,2,68,400,0.5006861854406537,3.8880721237167184,7.76548711903211,3.3854505846469154,0.9284071019064317,0.0,0.0,1.0,0.0,0.0,0.2775188018276287,0.11995101155168723,3.9725,4.0,,,,
pace_trusted,trust_mimicry,algorithm1,3,81,400,0.5083080335631454,3.933039571324183,7.737512121841362,3.258559743624549,1.7459322823318337,0.0,0.0,1.0,0.0,0.0,0.2824033837736038,0.6676728899389867,3.9775,4.0,,,,
pace_trusted,trust_mimicry,algorithm1,4,94,400,0.5245385053296412,4.1235344152345705,7.8612616106098345,3.342266388042433,1.2625548530530515,0.0,0.0,1.0,0.0,0.0,0.24982138748311722,0.23117887891080435,3.9775,4.0,,,,
pace_trusted,trust_mimicry,algorithm1,5,107,400,0.49498775670909173,3.8551409461791506,7.788356164220942,2.9250699765100237,1.8365469254241837,0.0,0.0,1.0,0.0,0.0,0.2843922840508945,0.23135558126300954,3.975,4.0,,,,
pace_trusted,trust_mimicry,algorithm1,6,120,400,0.4788603928941221,3.7173254446513257,7.762858444367607,2.7447341595891928,1.7392100609053767,0.0,0.0,1.0,0.0,0.0,0.28077037680921585,0.056806424098317855,3.965,4.0,,,,
pace_trusted,trust_mimicry,algorithm1,7,133,400,0.48956205422962623,3.858112255557098,7.880742026928976,3.2696488040180878,1.8052812793198187,0.0,0.0,1.0,0.0,0.0,0.2963361722041058,0.08009128793534558,3.9875,4.0,,,,
pace_trusted,trust_mimicry,algorithm1,8,146,400,0.48037980564380967,3.770960277367115,7.849955874629737,3.2522270707519203,1.6328629719355616,0.0,0.0,1.0,0.0,0.0,0.31047025628998065,0.727267201867548,3.9825,4.0,,,,
pace_trusted,trust_mimicry,algorithm1,9,159,400,0.4957708489448387,3.910628613809803,7.887976112619147,3.077977011953639,1.7385950612469254,0.0,0.0,1.0,0.0,0.0,0.27547193681064663,0.12054817803171201,3.97,4.0,,,,
pace_trusted,trust_mimicry,algorithm1,10,172,400,0.49261851845863175,3.8366948151388116,7.7883690348133,3.2843647400591265,1.5122614756204737,0.0,0.0,1.0,0.0,0.0,0.296732561798175,0.14861055925130873,3.98,4.0,,,,
pace_trusted,trust_mimicry,algorithm1,11,185,400,0.4828790344907791,3.8070828425716896,7.8841336455753455,2.83630823248915,1.6200728391895631,0.0,0.0,1.0,0.0,0.0,0.3043378990889484,0.593736092926023,3.99,4.0,,,,
pace_trusted,trust_mimicry,algorithm1,12,198,400,0.46942439235611366,3.7411231670807603,7.969596867992914,3.1355113389894282,1.5745149136009595,0.0,0.0,1.0,0.0,0.0,0.3178059399922728,0.05196365923733352,3.995,4.0,,,,
pace_trusted,trust_mimicry,algorithm1,13,211,400,0.5110171486650356,3.8911358724250484,7.614491769190376,3.0700048834019777,1.3960661279761948,0.0,0.0,1.0,0.0,0.0,0.2754660088527094,0.09517472686153976,3.985,4.0,,,,
pace_trusted,trust_mimicry,algorithm1,14,224,400,0.5350321530552277,4.091434181626947,7.647080943198224,3.148797013260299,1.5573112276742678,0.0,0.0,1.0,0.0,0.0,0.24676320538997865,0.5904721235058787,3.9875,4.0,,,,
pace_trusted,trust_mimicry,algorithm1,15,237,400,0.4840663353875637,3.66489936622436,7.571068463767654,3.1823948869865366,1.4942687119901303,0.0,0.0,1.0,0.0,0.0,0.29516769637593215,0.12530591124217297,3.99,4.0,,,,
pace_trusted,trust_mimicry,algorithm1,16,250,400,0.4806342909409499,3.7692337475573052,7.842207305221983,2.842904742712929,1.6823281144559243,0.0,0.0,1.0,0.0,0.0,0.3085843937436089,0.14757677350375994,3.9925,4.0,,,,
pace_trusted,trust_mimicry,algorithm1,17,263,400,0.49317849304607697,3.9662100405215353,8.042139096586634,3.736753403737233,0.7662941016356264,0.0,0.0,1.0,0.0,0.0,0.3174842272459147,0.2826802051803727,3.98,4.0,,,,
pace_trusted,trust_mimicry,algorithm1,18,276,400,0.487835567741712,3.8666428262769483,7.92611913103509,3.569157332350499,0.6289655282143434,0.0,0.0,1.0,0.0,0.0,0.32624270277625383,0.23518495169255357,3.9775,4.0,,,,
pace_trusted,trust_mimicry,algorithm1,19,289,400,0.48522056727226015,3.8541965314370654,7.943184587380553,3.250132031721448,1.3836944724753875,0.0,0.0,1.0,0.0,0.0,0.3102158944120934,0.32361905965529025,3.975,4.0,,,,
pace_trusted,trust_mimicry,algorithm1,20,302,400,0.4937362591837239,3.7926257539273442,7.681481121515268,2.9265605588608343,1.75805654859509,0.0,0.0,1.0,0.0,0.0,0.28055196175528824,0.3653375417800375,3.9825,4.0,,,,
pace_trusted,trust_mimicry,algorithm1,21,315,400,0.5110904320623115,3.926902678895022,7.6833813206979755,3.5365714336942387,0.828647440632452,0.0,0.0,1.0,0.0,0.0,0.2840385494731148,0.658316486593821,3.9825,4.0,,,,
pace_trusted,trust_mimicry,algorithm1,22,328,400,0.4922394133503203,3.9494568917274484,8.02344709629473,3.266481881781721,1.7228947438668847,0.0,0.0,1.0,0.0,0.0,0.29565040508724044,0.9387251797178404,3.9825,4.0,,,,
pace_trusted,trust_mimicry,algorithm1,23,341,400,0.5232353955660685,4.085273691853246,7.807716615642074,3.3395896503164098,1.321005603777862,0.0,0.0,1.0,0.0,0.0,0.257838474071034,0.4843802898358806,3.9925,4.0,,,,
pace_trusted,trust_mimicry,algorithm1,24,354,400,0.4803186857131663,3.7517853264530427,7.811033461841021,3.146515506257288,1.5448806433225246,0.0,0.0,1.0,0.0,0.0,0.2887707295961522,0.11934420530419099,3.995,4.0,,,,
pace_trusted,trust_mimicry,no_trust,0,42,400,0.4739739973974526,3.786322965528687,7.988461363532675,3.307209468428176,1.4490245649208249,0.0,0.0,1.0,0.0,0.0,0.35725140469087,0.3521464684008693,4.0,4.0,,,,
pace_trusted,trust_mimicry,no_trust,1,55,400,0.4849891931027525,3.885497451804395,8.011513466819027,3.2962890083112932,1.2775072290868645,0.0,0.0,1.0,0.0,0.0,0.3065374843565729,0.10883811643246419,4.0,4.0,,,,
pace_trusted,trust_mimicry,no_trust,2,68,400,0.5069543422871439,3.9367474149682105,7.76548711903211,3.444600857785681,1.0018573765964724,0.0,0.0,1.0,0.0,0.0,0.25995085986412025,0.027758949542298746,4.0,4.0,,,,
pace_trusted,trust_mimicry,no_trust,3,81,400,0.5059426362845749,3.9147372812082732,7.737512121841362,3.2367038197471367,1.7536998489592652,0.0,0.0,1.0,0.0,0.0,0.2833766763677294,0.7175454707183105,4.0,4.0,,,,
pace_trusted,trust_mimicry,no_trust,4,94,400,0.5248518216390278,4.125997476709529,7.8612616106098345,3.2785478601825484,1.358308314262009,0.0,0.0,1.0,0.0,0.0,0.24609821758028233,0.24671057137633812,4.0,4.0,,,,
pace_trusted,trust_mimicry,no_trust,5,107,400,0.49667552984264424,3.868285924467661,7.788356164220942,2.914372362341703,1.8635457446591226,0.0,0.0,1.0,0.0,0.0,0.28308869611806103,0.24528161075762867,4.0,4.0,,,,
pace_trusted,trust_mimicry,no_trust,6,120,400,0.48238933097595,3.744720091439494,7.762858444367607,2.8212398747632146,1.7791843624344241,0.0,0.0,1.0,0.0,0.0,0.27376742457602427,0.05276461268038096,4.0,4.0,,,,
pace_trusted,trust_mimicry,no_trust,7,133,400,0.4924134068635197,3.880583030092617,7.880742026928976,3.2838593887415723,1.7096980347178516,0.0,0.0,1.0,0.0,0.0,0.29376135292626715,0.0880226929877948,4.0,4.0,,,,
pace_trusted,trust_mimicry,no_trust,8,146,400,0.47670616774524954,3.7421223819640503,7.849955874629737,3.1988358078678765,1.6325000144252089,0.0,0.0,1.0,0.0,0.0,0.31669005027052016,0.7782497682894566,4.0,4.0,,,,
pace_trusted,trust_mimicry,no_trust,9,159,400,0.49078760986514186,3.871320942985684,7.887976112619147,2.9462400112125002,1.9181008633620809,0.0,0.0,1.0,0.0,0.0,0.2792595255360478,0.13159507573276802,4.0,4.0,,,,
pace_trusted,trust_mimicry,no_trust,10,172,400,0.49470586550895246,3.8529518442704385,7.7883690348133,3.271211677981739,1.5470040553190114,0.0,0.0,1.0,0.0,0.0,0.2958601840699988,0.18543614393984806,4.0,4.0,,,,
pace_trusted,trust_mimicry,no_trust,11,185,400,0.4880732848480122,3.8480350065766924,7.8841336455753455,3.0806160901299746,1.3829319289104047,0.0,0.0,1.0,0.0,0.0,0.30710210288952544,0.6490417924377404,4.0,4.0,,,,
pace_trusted,trust_mimicry,no_trust,12,198,400,0.47090921950425857,3.752956640870127,7.969596867992914,3.1507549257633487,1.5548252522452621,0.0,0.0,1.0,0.0,0.0,0.318001968250177,0.05135848599149155,4.0,4.0,,,,
pace_trusted,trust_mimicry,no_trust,13,211,400,0.5143648280648832,3.9166267496610763,7.614491769190376,3.0705138042784506,1.4192675104696515,0.0,0.0,1.0,0.0,0.0,0.27722373734634526,0.10560502835496269,4.0,4.0,,,,
pace_trusted,trust_mimicry,no_trust,14,224,400,0.5364776635761267,4.102488117584507,7.647080943198224,3.1529401857095105,1.5603898130912515,0.0,0.0,1.0,0.0,0.0,0.24516305990711587,0.6268044099813118,4.0,4.0,,,,
pace_trusted,trust_mimicry,no_trust,15,237,400,0.48313905835064275,3.657878888292952,7.571068463767654,3.1805351571544973,1.498513546873811,0.0,0.0,1.0,0.0,0.0,0.2953772107467087,0.10493751491328239,4.0,4.0,,,,
pace_trusted,trust_mimicry,no_trust,16,250,400,0.48110194636423254,3.772901198334099,7.842207305221983,2.825179717706727,1.6913127325976682,0.0,0.0,1.0,0.0,0.0,0.3078492811986774,0.15335251803311095,4.0,4.0,,,,
pace_trusted,trust_mimicry,no_trust,17,263,400,0.4940608155182672,3.973305800570933,8.042139096586634,3.722103437634074,0.7775870116179449,0.0,0.0,1.0,0.0,0.0,0.31478949296440006,0.2996327647522123,4.0,4.0,,,,
pace_trusted,trust_mimicry,no_trust,18,276,400,0.4838584084045863,3.8351193875677816,7.92611913103509,3.5526235546813636,0.6728272342297483,0.0,0.0,1.0,0.0,0.0,0.3331606575448249,0.22665344200115328,4.0,4.0,,,,
pace_trusted,trust_mimicry,no_trust,19,289,400,0.48610953478366975,3.8612577644723762,7.943184587380553,3.2595864411335675,1.3966699083581338,0.0,0.0,1.0,0.0,0.0,0.3090972594230061,0.3231860980632461,4.0,4.0,,,,
pace_trusted,trust_mimicry,no_trust,20,302,400,0.49902737395989977,3.83326935219231,7.681481121515268,2.947078381701369,1.732782653942,0.0,0.0,1.0,0.0,0.0,0.2763414003166404,0.40928684236524276,4.0,4.0,,,,
pace_trusted,trust_mimicry,no_trust,21,315,400,0.5089833006822984,3.9107127850095726,7.6833813206979755,3.5790786522684144,0.7935687638726749,0.0,0.0,1.0,0.0,0.0,0.2867374752424557,0.6905572725518467,4.0,4.0,,,,
pace_trusted,trust_mimicry,no_trust,22,328,400,0.5005191289445405,4.015888751770041,8.02344709629473,3.3175401854102367,1.7071543009715668,0.0,0.0,1.0,0.0,0.0,0.28445210353932254,0.9351837291391952,4.0,4.0,,,,
pace_trusted,trust_mimicry,no_trust,23,341,400,0.5245198193644113,4.095302108885093,7.807716615642074,3.3764243875163693,1.3047375983151355,0.0,0.0,1.0,0.0,0.0,0.2560954005979286,0.49829461995957935,4.0,4.0,,,,
pace_trusted,trust_mimicry,no_trust,24,354,400,0.4779583548501686,3.7333487031011514,7.811033461841021,3.135616961531356,1.5198660405114244,0.0,0.0,1.0,0.0,0.0,0.29150413817854626,0.13121375211441522,4.0,4.0,,,,
pace_trusted,trust_mimicry,oracle,0,42,400,0.6841755952091139,5.465510308199978,7.988461363532675,4.747589507228098,1.869992256584709,1.0,0.0,0.0,0.0,0.0,0.0,0.0,0.0,0.0,,,,
pace_trusted,trust_mimicry,oracle,1,55,400,0.6629707924956202,5.311399432186343,8.011513466819027,4.602099492333651,1.5547740834169437,1.0,0.0,0.0,0.0,0.0,0.0,0.0,0.0,0.0,,,,
pace_trusted,trust_mimicry,oracle,2,68,400,0.6571517936645632,5.103103788951013,7.76548711903211,4.6328588889460605,0.991994232001665,1.0,0.0,0.0,0.0,0.0,0.0,0.0,0.0,0.0,,,,
pace_trusted,trust_mimicry,oracle,3,81,400,0.671938403525499,5.199131542409281,7.737512121841362,4.432427321218149,2.14435001223438,1.0,0.0,0.0,0.0,0.0,0.0,0.0,0.0,0.0,,,,
pace_trusted,trust_mimicry,oracle,4,94,400,0.67079887477893,5.273325442739876,7.8612616106098345,4.275566804802995,1.5978110134992622,1.0,0.0,0.0,0.0,0.0,0.0,0.0,0.0,0.0,,,,
pace_trusted,trust_mimicry,oracle,5,107,400,0.6699904632558591,5.2181243544680145,7.788356164220942,4.231041121643431,1.9853204935823872,1.0,0.0,0.0,0.0,0.0,0.0,0.0,0.0,0.0,,,,
pace_trusted,trust_mimicry,oracle,6,120,400,0.6468435735635174,5.021355097222471,7.762858444367607,4.180855388307832,1.9499346512621818,1.0,0.0,0.0,0.0,0.0,0.0,0.0,0.0,0.0,,,,
pace_trusted,trust_mimicry,oracle,7,133,400,0.6742271296825806,5.313410076585206,7.880742026928976,4.694006982394435,2.0369927777687247,1.0,0.0,0.0,0.0,0.0,0.0,0.0,0.0,0.0,,,,
pace_trusted,trust_mimicry,oracle,8,146,400,0.6625085218228812,5.20066266287579,7.849955874629737,4.418516063136882,2.1683630330614703,1.0,0.0,0.0,0.0,0.0,0.0,0.0,0.0,0.0,,,,
pace_trusted,trust_mimicry,oracle,9,159,400,0.6490430689463942,5.119636223910179,7.887976112619147,4.082943878513745,2.2713534625309597,1.0,0.0,0.0,0.0,0.0,0.0,0.0,0.0,0.0,,,,
pace_trusted,trust_mimicry,oracle,10,172,400,0.6775480445556626,5.2769942098156255,7.7883690348133,4.7324975460865994,1.522919372748781,1.0,0.0,0.0,0.0,0.0,0.0,0.0,0.0,0.0,,,,
pace_trusted,trust_mimicry,oracle,11,185,400,0.6625598751223184,5.22371060366007,7.8841336455753455,4.31235336714653,1.751938036698852,1.0,0.0,0.0,0.0,0.0,0.0,0.0,0.0,0.0,,,,
pace_trusted,trust_mimicry,oracle,12,198,400,0.6566286632050143,5.233065737713057,7.969596867992914,4.26699536889647,1.9811626423394273,1.0,0.0,0.0,0.0,0.0,0.0,0.0,0.0,0.0,,,,
pace_trusted,trust_mimicry,oracle,13,211,400,0.6825980490424405,5.197637226099072,7.614491769190376,4.253619304912144,1.8781357483023688,1.0,0.0,0.0,0.0,0.0,0.0,0.0,0.0,0.0,,,,
pace_trusted,trust_mimicry,oracle,14,224,400,0.6700936587385236,5.1242604478973375,7.647080943198224,4.153463254160338,1.7831999969868653,1.0,0.0,0.0,0.0,0.0,0.0,0.0,0.0,0.0,,,,
pace_trusted,trust_mimicry,oracle,15,237,400,0.6550009657480645,4.959057155512529,7.571068463767654,4.120965983203367,1.9774403106464131,1.0,0.0,0.0,0.0,0.0,0.0,0.0,0.0,0.0,,,,
pace_trusted,trust_mimicry,oracle,16,250,400,0.654609478735232,5.1335832362049905,7.842207305221983,4.003620510759874,2.6768849269756867,1.0,0.0,0.0,0.0,0.0,0.0,0.0,0.0,0.0,,,,
pace_trusted,trust_mimicry,oracle,17,263,400,0.6821502158948609,5.485946920993074,8.042139096586634,5.087694615688867,1.0438191057798445,1.0,0.0,0.0,0.0,0.0,0.0,0.0,0.0,0.0,,,,
pace_trusted,trust_mimicry,oracle,18,276,400,0.6898645633385794,5.467948713301083,7.92611913103509,4.973922848574789,0.8934441826211899,1.0,0.0,0.0,0.0,0.0,0.0,0.0,0.0,0.0,,,,
pace_trusted,trust_mimicry,oracle,19,289,400,0.6656142811186755,5.287097098922249,7.943184587380553,4.467912048150261,1.7222161499260817,1.0,0.0,0.0,0.0,0.0,0.0,0.0,0.0,0.0,,,,
pace_trusted,trust_mimicry,oracle,20,302,400,0.6585503904441538,5.058642391763276,7.681481121515268,3.869989929469015,2.3295308453881445,1.0,0.0,0.0,0.0,0.0,0.0,0.0,0.0,0.0,,,,
pace_trusted,trust_mimicry,oracle,21,315,400,0.6835091630091811,5.2516615355906495,7.6833813206979755,4.745300908358502,1.4957137380308483,1.0,0.0,0.0,0.0,0.0,0.0,0.0,0.0,0.0,,,,
pace_trusted,trust_mimicry,oracle,22,328,400,0.660600793856798,5.3002955212803196,8.02344709629473,4.1773078865226845,2.4620587600947275,1.0,0.0,0.0,0.0,0.0,0.0,0.0,0.0,0.0,,,,
pace_trusted,trust_mimicry,oracle,23,341,400,0.6753358507017792,5.272830942663056,7.807716615642074,4.609171990386416,1.3986127581324288,1.0,0.0,0.0,0.0,0.0,0.0,0.0,0.0,0.0,,,,
pace_trusted,trust_mimicry,oracle,24,354,400,0.6371794768168509,4.977030214614778,7.811033461841021,3.944075732035554,2.428812300078706,1.0,0.0,0.0,0.0,0.0,0.0,0.0,0.0,0.0,,,,
pace_trusted,trust_mimicry,sparse_online,0,42,400,0.6830349661163249,5.456398436762111,7.988461363532675,4.697969205931733,1.8823446075898937,1.0,0.0,0.0,0.0,0.0,0.00035128695301600197,0.0,0.0125,0.0,,,,
pace_trusted,trust_mimicry,sparse_online,1,55,400,0.6681853978766628,5.353176313420713,8.011513466819027,4.594713133581119,1.569771214185705,1.0,0.0,0.0,0.0,0.0,0.0013643235229311964,0.0,0.0175,0.0,,,,
pace_trusted,trust_mimicry,sparse_online,2,68,400,0.655990701798472,5.094087345020868,7.76548711903211,4.53550455318546,1.134567424130962,1.0,0.0,0.0,0.0,0.0,0.0012344216930646715,0.0,0.01,0.0,,,,
pace_trusted,trust_mimicry,sparse_online,3,81,400,0.6701184811235149,5.185049870763118,7.737512121841362,4.409432772635883,2.1757521354351255,1.0,0.0,0.0,0.0,0.0,0.0016063349348371303,0.0,0.015,0.0,,,,
pace_trusted,trust_mimicry,sparse_online,4,94,400,0.6706235125858186,5.271946874663217,7.8612616106098345,4.276911111793905,1.6074002956450446,1.0,0.0,0.0,0.0,0.0,0.0004657386313594831,0.0,0.0075,0.0,,,,
pace_trusted,trust_mimicry,sparse_online,5,107,400,0.6711050535145715,5.226805180380038,7.788356164220942,4.227416098065527,1.957098273273238,1.0,0.0,0.0,0.0,0.0,0.00018384661761369536,0.0,0.005,0.0,,,,
pace_trusted,trust_mimicry,sparse_online,6,120,400,0.6462910531451922,5.01706595942739,7.762858444367607,4.170182845577779,1.9554708215846883,1.0,0.0,0.0,0.0,0.0,7.24796133966709e-05,0.0,0.005,0.0,,,,
pace_trusted,trust_mimicry,sparse_online,7,133,400,0.6711638499657743,5.289269159380731,7.880742026928976,4.563514273322962,2.159908033710221,1.0,0.0,0.0,0.0,0.0,0.0011237139283594866,0.0,0.0175,0.0,,,,
pace_trusted,trust_mimicry,sparse_online,8,146,400,0.6618280435531178,5.195320938484502,7.849955874629737,4.403890754776736,2.1662211894344505,1.0,0.0,0.0,0.0,0.0,0.0018965429628920267,0.0,0.0125,0.0,,,,
pace_trusted,trust_mimicry,sparse_online,9,159,400,0.6474308844380645,5.10691935101934,7.887976112619147,4.087859623975293,2.2885676079515047,1.0,0.0,0.0,0.0,0.0,0.0008723899917447445,0.0,0.0075,0.0,,,,
pace_trusted,trust_mimicry,sparse_online,10,172,400,0.6758684508013862,5.263912913828753,7.7883690348133,4.711098770287307,1.52990728036713,1.0,0.0,0.0,0.0,0.0,0.0004753686695589686,0.0,0.01,0.0,,,,
pace_trusted,trust_mimicry,sparse_online,11,185,400,0.6544294384951767,5.159609154694803,7.8841336455753455,4.029125240257296,2.0824146969257065,1.0,0.0,0.0,0.0,0.0,0.0013970437269657948,0.0,0.02,0.0,,,,
pace_trusted,trust_mimicry,sparse_online,12,198,400,0.6553436764077479,5.22282491095815,7.969596867992914,4.259591179684718,1.961002837327337,1.0,0.0,0.0,0.0,0.0,0.0011043943631611952,0.0,0.025,0.0,,,,
pace_trusted,trust_mimicry,sparse_online,13,211,400,0.6787897113406025,5.168638670014129,7.614491769190376,4.268188221678704,1.8745387552255997,1.0,0.0,0.0,0.0,0.0,0.0016336068999047754,0.0,0.015,0.0,,,,
pace_trusted,trust_mimicry,sparse_online,14,224,400,0.6687576801799932,5.114044111721879,7.647080943198224,4.136796522547031,1.7875189268250935,1.0,0.0,0.0,0.0,0.0,0.0011824086517880409,0.0,0.0175,0.0,,,,
pace_trusted,trust_mimicry,sparse_online,15,237,400,0.651559613201794,4.933002439776754,7.571068463767654,4.173315187749996,1.8732604734710012,1.0,0.0,0.0,0.0,0.0,0.0014112409471394366,0.0,0.02,0.0,,,,
pace_trusted,trust_mimicry,sparse_online,16,250,400,0.6516347145246709,5.110254518581615,7.842207305221983,3.937995041027065,2.730097783334454,1.0,0.0,0.0,0.0,0.0,0.001957780033094502,0.0,0.0225,0.0,,,,
pace_trusted,trust_mimicry,sparse_online,17,263,400,0.6812482492805843,5.478693180020584,8.042139096586634,5.1300230184864715,0.9856555124398154,1.0,0.0,0.0,0.0,0.0,0.0012487786726396962,0.0,0.0175,0.0,,,,
pace_trusted,trust_mimicry,sparse_online,18,276,400,0.6869074039684292,5.444509915843816,7.92611913103509,4.979624318888683,0.9573195759331465,1.0,0.0,0.0,0.0,0.0,0.0021143474557023243,0.0,0.015,0.0,,,,
pace_trusted,trust_mimicry,sparse_online,19,289,400,0.6624800580124784,5.262201386251693,7.943184587380553,4.389880893940133,1.7963573134682989,1.0,0.0,0.0,0.0,0.0,0.0009564440066077283,0.0,0.015,0.0,,,,
pace_trusted,trust_mimicry,sparse_online,20,302,400,0.6580055992301663,5.054457588337864,7.681481121515268,3.8555512585597755,2.3449007117184726,1.0,0.0,0.0,0.0,0.0,0.0008120285882656928,0.0,0.0125,0.0,,,,
pace_trusted,trust_mimicry,sparse_online,21,315,400,0.6821422358992562,5.241158913367497,7.6833813206979755,4.707502532788874,1.434652436365404,1.0,0.0,0.0,0.0,0.0,0.0013075761610785916,0.0,0.0125,0.0,,,,
pace_trusted,trust_mimicry,sparse_online,22,328,400,0.6602419280490692,5.297416180457338,8.02344709629473,4.190190262424016,2.422286276947675,1.0,0.0,0.0,0.0,0.0,0.001177221337424505,0.0,0.0175,0.0,,,,
pace_trusted,trust_mimicry,sparse_online,23,341,400,0.6726942483844571,5.252206060358183,7.807716615642074,4.5546421493029845,1.4384371693830973,1.0,0.0,0.0,0.0,0.0,0.004714548362317883,0.0,0.0225,0.0,,,,
pace_trusted,trust_mimicry,sparse_online,24,354,400,0.637879750680836,4.982500077198818,7.811033461841021,3.9381905362379346,2.413455786033351,1.0,0.0,0.0,0.0,0.0,0.0017235771127432492,0.0,0.025,0.0,,,,
pure_equal_alpha1,burst,algorithm1,0,42,400,0.3277529390134172,2.6182416900929644,7.988461363532675,2.4646816666040134,0.38102591017342347,1.0,0.0,0.0,1.0,0.0,0.09773684648684648,0.0,1.285,0.0,,,,
pure_equal_alpha1,burst,algorithm1,1,55,400,0.3337742455513601,2.674036863112082,8.011513466819027,2.5396686478775488,0.26361323559875816,1.0,0.0,0.0,1.0,0.0,0.07077156177156178,0.0,0.935,0.0,,,,
pure_equal_alpha1,burst,algorithm1,2,68,400,0.3475950234470584,2.6992446772177963,7.76548711903211,2.484357613265243,0.4881276351139259,1.0,0.0,0.0,1.0,0.0,0.055208541458541475,0.0,0.7325,0.0,,,,
pure_equal_alpha1,burst,algorithm1,3,81,400,0.3511624585743685,2.7171237799547914,7.737512121841362,2.572012505392179,0.2700919139623301,1.0,0.0,0.0,1.0,0.0,0.05030719280719281,0.0,0.635,0.0,,,,
pure_equal_alpha1,burst,algorithm1,4,94,400,0.3510001160295738,2.7593037374628864,7.8612616106098345,2.625452554066844,0.38747672818111223,1.0,0.0,0.0,1.0,0.0,0.02798659673659673,0.0,0.33,0.0,,,,
pure_equal_alpha1,burst,algorithm1,5,107,400,0.33363868334772734,2.598496896073831,7.788356164220942,2.3246356116729174,0.39588092915809403,1.0,0.0,0.0,1.0,0.0,0.08628517316017316,0.0,1.12,0.0,,,,
pure_equal_alpha1,burst,algorithm1,6,120,400,0.3351675420161348,2.6018581838178867,7.762858444367607,2.3947058068304554,0.47269562084975014,1.0,0.0,0.0,1.0,0.0,0.08900432900432902,0.0,1.1875,0.0,,,,
pure_equal_alpha1,burst,algorithm1,7,133,400,0.3319021905621986,2.615635541993308,7.880742026928976,2.441425177332975,0.277661091654096,1.0,0.0,0.0,1.0,0.0,0.08629145854145853,0.0,1.125,0.0,,,,
pure_equal_alpha1,burst,algorithm1,8,146,400,0.3354628173969023,2.633368314144656,7.849955874629737,2.518483446023213,0.2606156040469081,1.0,0.0,0.0,1.0,0.0,0.07409199134199133,0.0,0.8975,0.0,,,,
pure_equal_alpha1,burst,algorithm1,9,159,400,0.34471279386172615,2.719086283695504,7.887976112619147,2.5649746694630444,0.4520039506234954,1.0,0.0,0.0,1.0,0.0,0.04341575091575092,0.0,0.58,0.0,,,,
pure_equal_alpha1,burst,algorithm1,10,172,400,0.3371091288670326,2.625530300620883,7.7883690348133,2.4951234574811454,0.32311664809454665,1.0,0.0,0.0,1.0,0.0,0.07962204462204463,0.0,1.0475,0.0,,,,
pure_equal_alpha1,burst,algorithm1,11,185,400,0.3476726331788314,2.741097504891,7.8841336455753455,2.5212675259020925,0.3750234758532365,1.0,0.0,0.0,1.0,0.0,0.041061022311022315,0.0,0.5125,0.0,,,,
pure_equal_alpha1,burst,algorithm1,12,198,400,0.33096362082572006,2.637646635952253,7.969596867992914,2.5069547844362097,0.3650215868759248,1.0,0.0,0.0,1.0,0.0,0.08043165168165167,0.0,1.085,0.0,,,,
pure_equal_alpha1,burst,algorithm1,13,211,400,0.3600353200743203,2.7414859813237347,7.614491769190376,2.548030866318224,0.4409923417275552,1.0,0.0,0.0,1.0,0.0,0.037253579753579756,0.0,0.45,0.0,,,,
pure_equal_alpha1,burst,algorithm1,14,224,400,0.35439357216329664,2.7100763320818904,7.647080943198224,2.547230235112902,0.2821102484578022,1.0,0.0,0.0,1.0,0.0,0.04013666888666889,0.0,0.5075,0.0,,,,
pure_equal_alpha1,burst,algorithm1,15,237,400,0.34755150109151883,2.6313362094491075,7.571068463767654,2.45707732638241,0.3965130154172929,1.0,0.0,0.0,1.0,0.0,0.06836330336330337,0.0,0.8525,0.0,,,,
pure_equal_alpha1,burst,algorithm1,16,250,400,0.3337474465675508,2.61731666357123,7.842207305221983,2.519264545466029,0.219463974866283,1.0,0.0,0.0,1.0,0.0,0.08707234432234433,0.0,1.08,0.0,,,,
pure_equal_alpha1,burst,algorithm1,17,263,400,0.3382049766728743,2.7198914655610933,8.042139096586634,2.550486047653127,0.3736459779592405,1.0,0.0,0.0,1.0,0.0,0.05648318348318348,0.0,0.7175,0.0,,,,
pure_equal_alpha1,burst,algorithm1,18,276,400,0.3445244569625104,2.7307418894400293,7.92611913103509,2.5225449195049396,0.33909723925374946,1.0,0.0,0.0,1.0,0.0,0.04253413253413254,0.0,0.535,0.0,,,,
pure_equal_alpha1,burst,algorithm1,19,289,400,0.3464984870892053,2.7523014421976546,7.943184587380553,2.575721289121918,0.3626867802294056,1.0,0.0,0.0,1.0,0.0,0.05126914751914753,0.0,0.62,0.0,,,,
pure_equal_alpha1,burst,algorithm1,20,302,400,0.35413428040582445,2.720275789418735,7.681481121515268,2.5566948573156347,0.31210343930276263,1.0,0.0,0.0,1.0,0.0,0.041002331002331,0.0,0.52,0.0,,,,
pure_equal_alpha1,burst,algorithm1,21,315,400,0.34652866448242853,2.662511867770707,7.6833813206979755,2.4157011356973026,0.3835930862463184,1.0,0.0,0.0,1.0,0.0,0.07427489177489179,0.0,0.9475,0.0,,,,
pure_equal_alpha1,burst,algorithm1,22,328,400,0.33861737130262104,2.716878564532969,8.02344709629473,2.584973316081058,0.41067443201896703,1.0,0.0,0.0,1.0,0.0,0.05998859473859475,0.0,0.7825,0.0,,,,
pure_equal_alpha1,burst,algorithm1,23,341,400,0.331307530349104,2.58675530959404,7.807716615642074,2.485216043737939,0.23105969827257766,1.0,0.0,0.0,1.0,0.0,0.09901390276390275,0.0,1.32,0.0,,,,
pure_equal_alpha1,burst,algorithm1,24,354,400,0.3303639805787446,2.580484106887571,7.811033461841021,2.412752978051078,0.380709795414957,1.0,0.0,0.0,1.0,0.0,0.09630036630036631,0.0,1.2625,0.0,,,,
pure_equal_alpha1,burst,no_trust,0,42,400,0.2595158775842853,2.0731325613053384,7.988461363532675,1.9429982686842442,0.30901916114904737,0.0,0.0,1.0,1.0,0.0,0.2857142857142857,0.28571428571428575,4.0,4.0,,,,
pure_equal_alpha1,burst,no_trust,1,55,400,0.2566720658438138,2.056331712063974,8.011513466819027,1.94302860692178,0.21913750177698832,0.0,0.0,1.0,1.0,0.0,0.2857142857142857,0.28571428571428575,4.0,4.0,,,,
pure_equal_alpha1,burst,no_trust,2,68,400,0.26331758812265704,2.044789338781096,7.76548711903211,1.8971686896332054,0.36602600673762575,0.0,0.0,1.0,1.0,0.0,0.2857142857142857,0.28571428571428575,4.0,4.0,,,,
pure_equal_alpha1,burst,no_trust,3,81,400,0.2638284515584495,2.0413758420201393,7.737512121841362,1.9371450288531142,0.2113055769017329,0.0,0.0,1.0,1.0,0.0,0.2857142857142857,0.28571428571428575,4.0,4.0,,,,
pure_equal_alpha1,burst,no_trust,4,94,400,0.25784323860240355,2.026973153180387,7.8612616106098345,1.93264219617883,0.2815015829906282,0.0,0.0,1.0,1.0,0.0,0.2857142857142857,0.28571428571428575,4.0,4.0,,,,
pure_equal_alpha1,burst,no_trust,5,107,400,0.26053256123900387,2.029120379306066,7.788356164220942,1.817731510544021,0.3230600528251073,0.0,0.0,1.0,1.0,0.0,0.2857142857142857,0.28571428571428575,4.0,4.0,,,,
pure_equal_alpha1,burst,no_trust,6,120,400,0.26288411256076827,2.0407321530824447,7.762858444367607,1.8832454659661473,0.35946027165159067,0.0,0.0,1.0,1.0,0.0,0.2857142857142857,0.28571428571428575,4.0,4.0,,,,
pure_equal_alpha1,burst,no_trust,7,133,400,0.2598473556098642,2.047789975941016,7.880742026928976,1.9063585567058687,0.25319215212913293,0.0,0.0,1.0,1.0,0.0,0.2857142857142857,0.28571428571428575,4.0,4.0,,,,
pure_equal_alpha1,burst,no_trust,8,146,400,0.2590002218028473,2.0331403126716663,7.849955874629737,1.9568473165129399,0.19038709403956466,0.0,0.0,1.0,1.0,0.0,0.2857142857142857,0.28571428571428575,4.0,4.0,,,,
pure_equal_alpha1,burst,no_trust,9,159,400,0.25779167443667,2.033454569988545,7.887976112619147,1.9245892973176715,0.32719429988399007,0.0,0.0,1.0,1.0,0.0,0.2857142857142857,0.28571428571428575,4.0,4.0,,,,
pure_equal_alpha1,burst,no_trust,10,172,400,0.2616757067208358,2.038026971387444,7.7883690348133,1.9265725918354875,0.2560393211804044,0.0,0.0,1.0,1.0,0.0,0.2857142857142857,0.28571428571428575,4.0,4.0,,,,
pure_equal_alpha1,burst,no_trust,11,185,400,0.25945204608192074,2.0455546059278364,7.8841336455753455,1.8802468939372106,0.2686737470628704,0.0,0.0,1.0,1.0,0.0,0.2857142857142857,0.28571428571428575,4.0,4.0,,,,
pure_equal_alpha1,burst,no_trust,12,198,400,0.2567841062313141,2.0464658087714405,7.969596867992914,1.9477147101627739,0.3008071269918413,0.0,0.0,1.0,1.0,0.0,0.2857142857142857,0.28571428571428575,4.0,4.0,,,,
pure_equal_alpha1,burst,no_trust,13,211,400,0.2673747927618712,2.035923158774251,7.614491769190376,1.8975849449535418,0.31647506787608526,0.0,0.0,1.0,1.0,0.0,0.2857142857142857,0.28571428571428575,4.0,4.0,,,,
pure_equal_alpha1,burst,no_trust,14,224,400,0.26345511733496924,2.0146626071602953,7.647080943198224,1.8991595548356826,0.20719556706385212,0.0,0.0,1.0,1.0,0.0,0.2857142857142857,0.28571428571428575,4.0,4.0,,,,
pure_equal_alpha1,burst,no_trust,15,237,400,0.2668916869530314,2.020655234331845,7.571068463767654,1.8891546098209628,0.31399871461664186,0.0,0.0,1.0,1.0,0.0,0.2857142857142857,0.28571428571428575,4.0,4.0,,,,
pure_equal_alpha1,burst,no_trust,16,250,400,0.26115441004308326,2.0480270222308046,7.842207305221983,1.9748339455973614,0.17019786231170486,0.0,0.0,1.0,1.0,0.0,0.2857142857142857,0.28571428571428575,4.0,4.0,,,,
pure_equal_alpha1,burst,no_trust,17,263,400,0.25608306525900715,2.0594556310932077,8.042139096586634,1.9382205160544517,0.26986754570197324,0.0,0.0,1.0,1.0,0.0,0.2857142857142857,0.28571428571428575,4.0,4.0,,,,
pure_equal_alpha1,burst,no_trust,18,276,400,0.2567896575792397,2.035345417590762,7.92611913103509,1.8887868403072279,0.23948227089573626,0.0,0.0,1.0,1.0,0.0,0.2857142857142857,0.28571428571428575,4.0,4.0,,,,
pure_equal_alpha1,burst,no_trust,19,289,400,0.26084945878135,2.0719754006185784,7.943184587380553,1.9336379742311138,0.2687037246027384,0.0,0.0,1.0,1.0,0.0,0.2857142857142857,0.28571428571428575,4.0,4.0,,,,
pure_equal_alpha1,burst,no_trust,20,302,400,0.2636988758682565,2.0255979367468107,7.681481121515268,1.9020428399560652,0.2302186949187448,0.0,0.0,1.0,1.0,0.0,0.2857142857142857,0.28571428571428575,4.0,4.0,,,,
pure_equal_alpha1,burst,no_trust,21,315,400,0.26724961773955314,2.053380720903757,7.6833813206979755,1.8733155803282069,0.2943895833983714,0.0,0.0,1.0,1.0,0.0,0.2857142857142857,0.28571428571428575,4.0,4.0,,,,
pure_equal_alpha1,burst,no_trust,22,328,400,0.2574603123384375,2.065719195442971,8.02344709629473,1.9634985136777783,0.3246690565217307,0.0,0.0,1.0,1.0,0.0,0.2857142857142857,0.28571428571428575,4.0,4.0,,,,
pure_equal_alpha1,burst,no_trust,23,341,400,0.26275125547109823,2.0514873431225094,7.807716615642074,1.9712313522282516,0.19233301894262778,0.0,0.0,1.0,1.0,0.0,0.2857142857142857,0.28571428571428575,4.0,4.0,,,,
pure_equal_alpha1,burst,no_trust,24,354,400,0.2608597905686232,2.0375845529803565,7.811033461841021,1.9036179590468583,0.2910427036212424,0.0,0.0,1.0,1.0,0.0,0.2857142857142857,0.28571428571428575,4.0,4.0,,,,
pure_equal_alpha1,burst,oracle,0,42,400,0.36332222861799945,2.9023855858274743,7.988461363532675,2.720197576157941,0.43262682560866805,1.0,0.0,0.0,1.0,0.0,0.0,0.0,0.0,0.0,,,,
pure_equal_alpha1,burst,oracle,1,55,400,0.35934089218133947,2.8788643968895653,8.011513466819027,2.7202400496904913,0.3067925024877858,1.0,0.0,0.0,1.0,0.0,0.0,0.0,0.0,0.0,,,,
pure_equal_alpha1,burst,oracle,2,68,400,0.3686446233717201,2.862705074293536,7.76548711903211,2.656036165486488,0.5124364094326745,1.0,0.0,0.0,1.0,0.0,0.0,0.0,0.0,0.0,,,,
pure_equal_alpha1,burst,oracle,3,81,400,0.36935983218182933,2.8579261788281953,7.737512121841362,2.7120030403943587,0.2958278076624299,1.0,0.0,0.0,1.0,0.0,0.0,0.0,0.0,0.0,,,,
pure_equal_alpha1,burst,oracle,4,94,400,0.36098053404336505,2.837762414452542,7.8612616106098345,2.7056990746503637,0.39410221618688146,1.0,0.0,0.0,1.0,0.0,0.0,0.0,0.0,0.0,,,,
pure_equal_alpha1,burst,oracle,5,107,400,0.3647455857346055,2.840768531028493,7.788356164220942,2.544824114761629,0.4522840739551479,1.0,0.0,0.0,1.0,0.0,0.0,0.0,0.0,0.0,,,,
pure_equal_alpha1,burst,oracle,6,120,400,0.3680377575850758,2.857025014315424,7.762858444367607,2.6365436523526076,0.5032443803122213,1.0,0.0,0.0,1.0,0.0,0.0,0.0,0.0,0.0,,,,
pure_equal_alpha1,burst,oracle,7,133,400,0.36378629785380995,2.8669059663174226,7.880742026928976,2.668901979388215,0.3544690129807857,1.0,0.0,0.0,1.0,0.0,0.0,0.0,0.0,0.0,,,,
pure_equal_alpha1,burst,oracle,8,146,400,0.3626003105239863,2.846396437740333,7.849955874629737,2.7395862431181173,0.2665419316553881,1.0,0.0,0.0,1.0,0.0,0.0,0.0,0.0,0.0,,,,
pure_equal_alpha1,burst,oracle,9,159,400,0.360908344211338,2.846836397983963,7.887976112619147,2.6944250162447405,0.45807201983758583,1.0,0.0,0.0,1.0,0.0,0.0,0.0,0.0,0.0,,,,
pure_equal_alpha1,burst,oracle,10,172,400,0.3663459894091702,2.8532377599424223,7.7883690348133,2.697201628569683,0.3584550496525676,1.0,0.0,0.0,1.0,0.0,0.0,0.0,0.0,0.0,,,,
pure_equal_alpha1,burst,oracle,11,185,400,0.36323286451468906,2.863776448298971,7.8841336455753455,2.632345651512095,0.37614324588801695,1.0,0.0,0.0,1.0,0.0,0.0,0.0,0.0,0.0,,,,
pure_equal_alpha1,burst,oracle,12,198,400,0.35949774872383966,2.865052132280016,7.969596867992914,2.7268005942278823,0.42112997778857864,1.0,0.0,0.0,1.0,0.0,0.0,0.0,0.0,0.0,,,,
pure_equal_alpha1,burst,oracle,13,211,400,0.3743247098666198,2.8502924222839523,7.614491769190376,2.656618922934963,0.4430650950265118,1.0,0.0,0.0,1.0,0.0,0.0,0.0,0.0,0.0,,,,
pure_equal_alpha1,burst,oracle,14,224,400,0.36883716426895685,2.8205276500244127,7.647080943198224,2.6588233767699547,0.2900737938893925,1.0,0.0,0.0,1.0,0.0,0.0,0.0,0.0,0.0,,,,
pure_equal_alpha1,burst,oracle,15,237,400,0.373648361734244,2.828917328064583,7.571068463767654,2.6448164537493475,0.43959820046329945,1.0,0.0,0.0,1.0,0.0,0.0,0.0,0.0,0.0,,,,
pure_equal_alpha1,burst,oracle,16,250,400,0.3656161740603165,2.867237831123126,7.842207305221983,2.7647675238363054,0.23827700723638667,1.0,0.0,0.0,1.0,0.0,0.0,0.0,0.0,0.0,,,,
pure_equal_alpha1,burst,oracle,17,263,400,0.35851629136261004,2.8832378835304913,8.042139096586634,2.7135087224762335,0.37781456398276614,1.0,0.0,0.0,1.0,0.0,0.0,0.0,0.0,0.0,,,,
pure_equal_alpha1,burst,oracle,18,276,400,0.3595055206109355,2.8494835846270656,7.92611913103509,2.6443015764301183,0.3352751792540296,1.0,0.0,0.0,1.0,0.0,0.0,0.0,0.0,0.0,,,,
pure_equal_alpha1,burst,oracle,19,289,400,0.36518924229388994,2.900765560866009,7.943184587380553,2.7070931639235623,0.3761852144438316,1.0,0.0,0.0,1.0,0.0,0.0,0.0,0.0,0.0,,,,
pure_equal_alpha1,burst,oracle,20,302,400,0.3691784262155591,2.8358371114455343,7.681481121515268,2.6628599759384914,0.3223061728862402,1.0,0.0,0.0,1.0,0.0,0.0,0.0,0.0,0.0,,,,
pure_equal_alpha1,burst,oracle,21,315,400,0.3741494648353744,2.87473300926526,7.6833813206979755,2.6226418124594892,0.41214541675772143,1.0,0.0,0.0,1.0,0.0,0.0,0.0,0.0,0.0,,,,
pure_equal_alpha1,burst,oracle,22,328,400,0.36044443727381253,2.8920068736201587,8.02344709629473,2.7488979191488863,0.4545366791304244,1.0,0.0,0.0,1.0,0.0,0.0,0.0,0.0,0.0,,,,
pure_equal_alpha1,burst,oracle,23,341,400,0.3678517576595376,2.8720822803715134,7.807716615642074,2.7597238931195545,0.26926622651967635,1.0,0.0,0.0,1.0,0.0,0.0,0.0,0.0,0.0,,,,
pure_equal_alpha1,burst,oracle,24,354,400,0.3652037067960725,2.8526183741724993,7.811033461841021,2.665065142665603,0.4074597850697357,1.0,0.0,0.0,1.0,0.0,0.0,0.0,0.0,0.0,,,,
pure_equal_alpha1,burst,sparse_online,0,42,400,0.36321267312681266,2.9015104060189656,7.988461363532675,2.7209529648937645,0.4333018517759779,1.0,0.0,0.0,1.0,0.0,0.00022727272727272727,0.0,0.0025,0.0,,,,
pure_equal_alpha1,burst,sparse_online,1,55,400,0.35876823351121734,2.874276534241991,8.011513466819027,2.717349374138296,0.31419019921990854,1.0,0.0,0.0,1.0,0.0,0.001,0.0,0.01,0.0,,,,
pure_equal_alpha1,burst,sparse_online,2,68,400,0.3675191614929495,2.853965314570981,7.76548711903211,2.6398135298621543,0.5315989681560316,1.0,0.0,0.0,1.0,0.0,0.0012045454545454547,0.0,0.0125,0.0,,,,
pure_equal_alpha1,burst,sparse_online,3,81,400,0.3694277843341954,2.858451959430833,7.737512121841362,2.713096576950894,0.2951087065017046,1.0,0.0,0.0,1.0,0.0,0.0,0.0,0.0,0.0,,,,
pure_equal_alpha1,burst,sparse_online,4,94,400,0.36108954958815664,2.838619414169772,7.8612616106098345,2.7025849580350356,0.3929798062021521,1.0,0.0,0.0,1.0,0.0,0.0,0.0,0.0,0.0,,,,
pure_equal_alpha1,burst,sparse_online,5,107,400,0.36475426152378265,2.8408361011646104,7.788356164220942,2.5465996475535566,0.45206952283607427,1.0,0.0,0.0,1.0,0.0,0.0,0.0,0.0,0.0,,,,
pure_equal_alpha1,burst,sparse_online,6,120,400,0.36819852028018224,2.8582729923606705,7.762858444367607,2.6376802114162095,0.4990574786749904,1.0,0.0,0.0,1.0,0.0,0.0,0.0,0.0,0.0,,,,
pure_equal_alpha1,burst,sparse_online,7,133,400,0.36367763597766334,2.866049630103349,7.880742026928976,2.671991593106728,0.3539660999787726,1.0,0.0,0.0,1.0,0.0,0.0,0.0,0.0,0.0,,,,
pure_equal_alpha1,burst,sparse_online,8,146,400,0.3623829994093894,2.844690555079681,7.849955874629737,2.7386395237787653,0.264310937129169,1.0,0.0,0.0,1.0,0.0,0.0008939393939393939,0.0,0.01,0.0,,,,
pure_equal_alpha1,burst,sparse_online,9,159,400,0.3606658136584945,2.844923322776553,7.887976112619147,2.6959360243788635,0.44742368179383796,1.0,0.0,0.0,1.0,0.0,0.0,0.0,0.0,0.0,,,,
pure_equal_alpha1,burst,sparse_online,10,172,400,0.36581530394311546,2.849104585691376,7.7883690348133,2.6950931277945513,0.36095620580650056,1.0,0.0,0.0,1.0,0.0,0.0008939393939393939,0.0,0.01,0.0,,,,
pure_equal_alpha1,burst,sparse_online,11,185,400,0.36291250753957943,2.8612507110929144,7.8841336455753455,2.6339524950186135,0.3754795545708718,1.0,0.0,0.0,1.0,0.0,0.0,0.0,0.0,0.0,,,,
pure_equal_alpha1,burst,sparse_online,12,198,400,0.35895520352499266,2.8607282657625404,7.969596867992914,2.723502050396434,0.4194647419678317,1.0,0.0,0.0,1.0,0.0,0.0014102564102564101,0.0,0.0175,0.0,,,,
pure_equal_alpha1,burst,sparse_online,13,211,400,0.37377577250198285,2.846112543239123,7.614491769190376,2.6572669756650997,0.45029324313809704,1.0,0.0,0.0,1.0,0.0,0.001,0.0,0.01,0.0,,,,
pure_equal_alpha1,burst,sparse_online,14,224,400,0.36880293241124046,2.82026587623762,7.647080943198224,2.6590896187776156,0.2924983932547325,1.0,0.0,0.0,1.0,0.0,0.0002777777777777778,0.0,0.0025,0.0,,,,
pure_equal_alpha1,burst,sparse_online,15,237,400,0.3734763425418218,2.8276149589816733,7.571068463767654,2.645527435735551,0.416678075611125,1.0,0.0,0.0,1.0,0.0,0.0,0.0,0.0,0.0,,,,
pure_equal_alpha1,burst,sparse_online,16,250,400,0.3650782386386038,2.863019230029233,7.842207305221983,2.7594210950551634,0.24184410274283907,1.0,0.0,0.0,1.0,0.0,0.0017045454545454547,0.0,0.0175,0.0,,,,
pure_equal_alpha1,burst,sparse_online,17,263,400,0.35816268359532766,2.880394120680373,8.042139096586634,2.7094902390235927,0.3780116584284823,1.0,0.0,0.0,1.0,0.0,0.0012045454545454545,0.0,0.0125,0.0,,,,
pure_equal_alpha1,burst,sparse_online,18,276,400,0.3593958331084008,2.84861418841479,7.92611913103509,2.6323325931985972,0.3503134933745238,1.0,0.0,0.0,1.0,0.0,0.00025,0.0,0.0025,0.0,,,,
pure_equal_alpha1,burst,sparse_online,19,289,400,0.36485980384272554,2.898148770438229,7.943184587380553,2.7034131854918177,0.38011307090060775,1.0,0.0,0.0,1.0,0.0,0.0009166666666666668,0.0,0.01,0.0,,,,
pure_equal_alpha1,burst,sparse_online,20,302,400,0.369232928077482,2.8362557664689825,7.681481121515268,2.6639768323465303,0.3246012658582993,1.0,0.0,0.0,1.0,0.0,0.0,0.0,0.0,0.0,,,,
pure_equal_alpha1,burst,sparse_online,21,315,400,0.37393684562852036,2.8730993748228957,7.6833813206979755,2.621698160333352,0.41321162177827286,1.0,0.0,0.0,1.0,0.0,0.0007272727272727272,0.0,0.0075,0.0,,,,
pure_equal_alpha1,burst,sparse_online,22,328,400,0.3603453261018368,2.8912116603751596,8.02344709629473,2.747263310349454,0.45585654405467446,1.0,0.0,0.0,1.0,0.0,0.0004772727272727273,0.0,0.005,0.0,,,,
pure_equal_alpha1,burst,sparse_online,23,341,400,0.3675870429339828,2.870015462810394,7.807716615642074,2.757414605388293,0.2701520471921075,1.0,0.0,0.0,1.0,0.0,0.0008712121212121213,0.0,0.01,0.0,,,,
pure_equal_alpha1,burst,sparse_online,24,354,400,0.3648998918191725,2.8502452652217247,7.811033461841021,2.6639548323999556,0.40719476719350034,1.0,0.0,0.0,1.0,0.0,0.0008041958041958044,0.0,0.01,0.0,,,,
pure_equal_alpha1,byzantine,algorithm1,0,42,400,0.3604662788198975,2.879570941209148,7.988461363532675,2.7053102405183203,0.4253191950630284,1.0,0.0,0.0,1.0,0.0,0.007639860139860139,0.0,0.0925,0.0,,,,
pure_equal_alpha1,byzantine,algorithm1,1,55,400,0.35676172073602436,2.858201330122188,8.011513466819027,2.7045135007658603,0.305573946065246,1.0,0.0,0.0,1.0,0.0,0.006771978021978022,0.0,0.0825,0.0,,,,
pure_equal_alpha1,byzantine,algorithm1,2,68,400,0.3675810570815299,2.854445963966827,7.76548711903211,2.639303177539538,0.5303737481071265,1.0,0.0,0.0,1.0,0.0,0.0009090909090909091,0.0,0.01,0.0,,,,
pure_equal_alpha1,byzantine,algorithm1,3,81,400,0.3688711466823851,2.8541449688524776,7.737512121841362,2.707030215121119,0.29720043364099746,1.0,0.0,0.0,1.0,0.0,0.001553030303030303,0.0,0.0175,0.0,,,,
pure_equal_alpha1,byzantine,algorithm1,4,94,400,0.36085628019549787,2.836785622448333,7.8612616106098345,2.7006949906759585,0.3904142475603587,1.0,0.0,0.0,1.0,0.0,0.0006818181818181818,0.0,0.0075,0.0,,,,
pure_equal_alpha1,byzantine,algorithm1,5,107,400,0.36373900138869725,2.83292889363323,7.788356164220942,2.538374482187659,0.4542726462245108,1.0,0.0,0.0,1.0,0.0,0.0036685606060606057,0.0,0.04,0.0,,,,
pure_equal_alpha1,byzantine,algorithm1,6,120,400,0.3669803034067421,2.8488161472176143,7.762858444367607,2.6304003731509606,0.49687588729662524,1.0,0.0,0.0,1.0,0.0,0.003181818181818182,0.0,0.035,0.0,,,,
pure_equal_alpha1,byzantine,algorithm1,7,133,400,0.3615801092922278,2.8495195634008317,7.880742026928976,2.6523142143561156,0.3585888596642417,1.0,0.0,0.0,1.0,0.0,0.00577000777000777,0.0,0.065,0.0,,,,
pure_equal_alpha1,byzantine,algorithm1,8,146,400,0.3609085988009886,2.833116575362207,7.849955874629737,2.7273385384082123,0.2658706267245141,1.0,0.0,0.0,1.0,0.0,0.004676406926406927,0.0,0.055,0.0,,,,
pure_equal_alpha1,byzantine,algorithm1,9,159,400,0.3587808543479122,2.8300548087614206,7.887976112619147,2.6839297678694165,0.4435819248023254,1.0,0.0,0.0,1.0,0.0,0.005340909090909091,0.0,0.06,0.0,,,,
pure_equal_alpha1,byzantine,algorithm1,10,172,400,0.3643518987381885,2.8377070459079388,7.7883690348133,2.682954892113249,0.36179578653542555,1.0,0.0,0.0,1.0,0.0,0.0049038461538461545,0.0,0.0575,0.0,,,,
pure_equal_alpha1,byzantine,algorithm1,11,185,400,0.36164064427487647,2.8512231711350986,7.8841336455753455,2.625582822407254,0.37398078300013093,1.0,0.0,0.0,1.0,0.0,0.003645833333333334,0.0,0.04,0.0,,,,
pure_equal_alpha1,byzantine,algorithm1,12,198,400,0.35710111460891614,2.845951924543997,7.969596867992914,2.7121172607172483,0.41151492140549273,1.0,0.0,0.0,1.0,0.0,0.006446053946053947,0.0,0.08,0.0,,,,
pure_equal_alpha1,byzantine,algorithm1,13,211,400,0.3731941687909922,2.8416839265688543,7.614491769190376,2.6539218421113033,0.4442655888123448,1.0,0.0,0.0,1.0,0.0,0.0026893939393939394,0.0,0.03,0.0,,,,
pure_equal_alpha1,byzantine,algorithm1,14,224,400,0.367520345780327,2.8104578324543605,7.647080943198224,2.6501708176203382,0.29069582004041994,1.0,0.0,0.0,1.0,0.0,0.003812937062937063,0.0,0.045,0.0,,,,
pure_equal_alpha1,byzantine,algorithm1,15,237,400,0.37207843099644167,2.817031274965309,7.571068463767654,2.6327663855150676,0.41144165519222264,1.0,0.0,0.0,1.0,0.0,0.0037485431235431245,0.0,0.045,0.0,,,,
pure_equal_alpha1,byzantine,algorithm1,16,250,400,0.3638465859596898,2.853360354393158,7.842207305221983,2.748457032562352,0.24042057033551822,1.0,0.0,0.0,1.0,0.0,0.0048085248085248085,0.0,0.06,0.0,,,,
pure_equal_alpha1,byzantine,algorithm1,17,263,400,0.3553798684554132,2.8580143342450937,8.042139096586634,2.682917905887664,0.3804066097311516,1.0,0.0,0.0,1.0,0.0,0.00890909090909091,0.0,0.1,0.0,,,,
pure_equal_alpha1,byzantine,algorithm1,18,276,400,0.3576159115993785,2.8345063184903876,7.92611913103509,2.615413483416304,0.3559746818849008,1.0,0.0,0.0,1.0,0.0,0.005494560994560995,0.0,0.0625,0.0,,,,
pure_equal_alpha1,byzantine,algorithm1,19,289,400,0.36438044462028635,2.8943411316507315,7.943184587380553,2.700812640296191,0.3784959207223917,1.0,0.0,0.0,1.0,0.0,0.002234848484848485,0.0,0.025,0.0,,,,
pure_equal_alpha1,byzantine,algorithm1,20,302,400,0.36869778903386846,2.8321451060080793,7.681481121515268,2.660376444315422,0.32494548978878335,1.0,0.0,0.0,1.0,0.0,0.0015151515151515152,0.0,0.0175,0.0,,,,
pure_equal_alpha1,byzantine,algorithm1,21,315,400,0.37387714672167055,2.87264068535714,7.6833813206979755,2.620798782347916,0.41243281888044114,1.0,0.0,0.0,1.0,0.0,0.0006818181818181818,0.0,0.0075,0.0,,,,
pure_equal_alpha1,byzantine,algorithm1,22,328,400,0.35959139739441465,2.88516255327678,8.02344709629473,2.740267795668575,0.4569365930627307,1.0,0.0,0.0,1.0,0.0,0.0029015151515151515,0.0,0.0325,0.0,,,,
pure_equal_alpha1,byzantine,algorithm1,23,341,400,0.36527935314304727,2.851997674885959,7.807716615642074,2.7424381286487276,0.26766710123679394,1.0,0.0,0.0,1.0,0.0,0.007202797202797204,0.0,0.0875,0.0,,,,
pure_equal_alpha1,byzantine,algorithm1,24,354,400,0.3632204444565192,2.8371270456746394,7.811033461841021,2.650914843127459,0.4047455551097685,1.0,0.0,0.0,1.0,0.0,0.005638777888777889,0.0,0.0725,0.0,,,,
pure_equal_alpha1,byzantine,no_trust,0,42,400,0.2595158775842853,2.0731325613053384,7.988461363532675,1.9429982686842442,0.30901916114904737,0.0,0.0,1.0,1.0,0.0,0.2857142857142857,0.28571428571428575,4.0,4.0,,,,
pure_equal_alpha1,byzantine,no_trust,1,55,400,0.2566720658438138,2.056331712063974,8.011513466819027,1.94302860692178,0.21913750177698832,0.0,0.0,1.0,1.0,0.0,0.2857142857142857,0.28571428571428575,4.0,4.0,,,,
pure_equal_alpha1,byzantine,no_trust,2,68,400,0.26331758812265704,2.044789338781096,7.76548711903211,1.8971686896332054,0.36602600673762575,0.0,0.0,1.0,1.0,0.0,0.2857142857142857,0.28571428571428575,4.0,4.0,,,,
pure_equal_alpha1,byzantine,no_trust,3,81,400,0.2638284515584495,2.0413758420201393,7.737512121841362,1.9371450288531142,0.2113055769017329,0.0,0.0,1.0,1.0,0.0,0.2857142857142857,0.28571428571428575,4.0,4.0,,,,
pure_equal_alpha1,byzantine,no_trust,4,94,400,0.25784323860240355,2.026973153180387,7.8612616106098345,1.93264219617883,0.2815015829906282,0.0,0.0,1.0,1.0,0.0,0.2857142857142857,0.28571428571428575,4.0,4.0,,,,
pure_equal_alpha1,byzantine,no_trust,5,107,400,0.26053256123900387,2.029120379306066,7.788356164220942,1.817731510544021,0.3230600528251073,0.0,0.0,1.0,1.0,0.0,0.2857142857142857,0.28571428571428575,4.0,4.0,,,,
pure_equal_alpha1,byzantine,no_trust,6,120,400,0.26288411256076827,2.0407321530824447,7.762858444367607,1.8832454659661473,0.35946027165159067,0.0,0.0,1.0,1.0,0.0,0.2857142857142857,0.28571428571428575,4.0,4.0,,,,
pure_equal_alpha1,byzantine,no_trust,7,133,400,0.2598473556098642,2.047789975941016,7.880742026928976,1.9063585567058687,0.25319215212913293,0.0,0.0,1.0,1.0,0.0,0.2857142857142857,0.28571428571428575,4.0,4.0,,,,
pure_equal_alpha1,byzantine,no_trust,8,146,400,0.2590002218028473,2.0331403126716663,7.849955874629737,1.9568473165129399,0.19038709403956466,0.0,0.0,1.0,1.0,0.0,0.2857142857142857,0.28571428571428575,4.0,4.0,,,,
pure_equal_alpha1,byzantine,no_trust,9,159,400,0.25779167443667,2.033454569988545,7.887976112619147,1.9245892973176715,0.32719429988399007,0.0,0.0,1.0,1.0,0.0,0.2857142857142857,0.28571428571428575,4.0,4.0,,,,
pure_equal_alpha1,byzantine,no_trust,10,172,400,0.2616757067208358,2.038026971387444,7.7883690348133,1.9265725918354875,0.2560393211804044,0.0,0.0,1.0,1.0,0.0,0.2857142857142857,0.28571428571428575,4.0,4.0,,,,
pure_equal_alpha1,byzantine,no_trust,11,185,400,0.25945204608192074,2.0455546059278364,7.8841336455753455,1.8802468939372106,0.2686737470628704,0.0,0.0,1.0,1.0,0.0,0.2857142857142857,0.28571428571428575,4.0,4.0,,,,
pure_equal_alpha1,byzantine,no_trust,12,198,400,0.2567841062313141,2.0464658087714405,7.969596867992914,1.9477147101627739,0.3008071269918413,0.0,0.0,1.0,1.0,0.0,0.2857142857142857,0.28571428571428575,4.0,4.0,,,,
pure_equal_alpha1,byzantine,no_trust,13,211,400,0.2673747927618712,2.035923158774251,7.614491769190376,1.8975849449535418,0.31647506787608526,0.0,0.0,1.0,1.0,0.0,0.2857142857142857,0.28571428571428575,4.0,4.0,,,,
pure_equal_alpha1,byzantine,no_trust,14,224,400,0.26345511733496924,2.0146626071602953,7.647080943198224,1.8991595548356826,0.20719556706385212,0.0,0.0,1.0,1.0,0.0,0.2857142857142857,0.28571428571428575,4.0,4.0,,,,
pure_equal_alpha1,byzantine,no_trust,15,237,400,0.2668916869530314,2.020655234331845,7.571068463767654,1.8891546098209628,0.31399871461664186,0.0,0.0,1.0,1.0,0.0,0.2857142857142857,0.28571428571428575,4.0,4.0,,,,
pure_equal_alpha1,byzantine,no_trust,16,250,400,0.26115441004308326,2.0480270222308046,7.842207305221983,1.9748339455973614,0.17019786231170486,0.0,0.0,1.0,1.0,0.0,0.2857142857142857,0.28571428571428575,4.0,4.0,,,,
pure_equal_alpha1,byzantine,no_trust,17,263,400,0.25608306525900715,2.0594556310932077,8.042139096586634,1.9382205160544517,0.26986754570197324,0.0,0.0,1.0,1.0,0.0,0.2857142857142857,0.28571428571428575,4.0,4.0,,,,
pure_equal_alpha1,byzantine,no_trust,18,276,400,0.2567896575792397,2.035345417590762,7.92611913103509,1.8887868403072279,0.23948227089573626,0.0,0.0,1.0,1.0,0.0,0.2857142857142857,0.28571428571428575,4.0,4.0,,,,
pure_equal_alpha1,byzantine,no_trust,19,289,400,0.26084945878135,2.0719754006185784,7.943184587380553,1.9336379742311138,0.2687037246027384,0.0,0.0,1.0,1.0,0.0,0.2857142857142857,0.28571428571428575,4.0,4.0,,,,
pure_equal_alpha1,byzantine,no_trust,20,302,400,0.2636988758682565,2.0255979367468107,7.681481121515268,1.9020428399560652,0.2302186949187448,0.0,0.0,1.0,1.0,0.0,0.2857142857142857,0.28571428571428575,4.0,4.0,,,,
pure_equal_alpha1,byzantine,no_trust,21,315,400,0.26724961773955314,2.053380720903757,7.6833813206979755,1.8733155803282069,0.2943895833983714,0.0,0.0,1.0,1.0,0.0,0.2857142857142857,0.28571428571428575,4.0,4.0,,,,
pure_equal_alpha1,byzantine,no_trust,22,328,400,0.2574603123384375,2.065719195442971,8.02344709629473,1.9634985136777783,0.3246690565217307,0.0,0.0,1.0,1.0,0.0,0.2857142857142857,0.28571428571428575,4.0,4.0,,,,
pure_equal_alpha1,byzantine,no_trust,23,341,400,0.26275125547109823,2.0514873431225094,7.807716615642074,1.9712313522282516,0.19233301894262778,0.0,0.0,1.0,1.0,0.0,0.2857142857142857,0.28571428571428575,4.0,4.0,,,,
pure_equal_alpha1,byzantine,no_trust,24,354,400,0.2608597905686232,2.0375845529803565,7.811033461841021,1.9036179590468583,0.2910427036212424,0.0,0.0,1.0,1.0,0.0,0.2857142857142857,0.28571428571428575,4.0,4.0,,,,
pure_equal_alpha1,byzantine,oracle,0,42,400,0.36332222861799945,2.9023855858274743,7.988461363532675,2.720197576157941,0.43262682560866805,1.0,0.0,0.0,1.0,0.0,0.0,0.0,0.0,0.0,,,,
pure_equal_alpha1,byzantine,oracle,1,55,400,0.35934089218133947,2.8788643968895653,8.011513466819027,2.7202400496904913,0.3067925024877858,1.0,0.0,0.0,1.0,0.0,0.0,0.0,0.0,0.0,,,,
pure_equal_alpha1,byzantine,oracle,2,68,400,0.3686446233717201,2.862705074293536,7.76548711903211,2.656036165486488,0.5124364094326745,1.0,0.0,0.0,1.0,0.0,0.0,0.0,0.0,0.0,,,,
pure_equal_alpha1,byzantine,oracle,3,81,400,0.36935983218182933,2.8579261788281953,7.737512121841362,2.7120030403943587,0.2958278076624299,1.0,0.0,0.0,1.0,0.0,0.0,0.0,0.0,0.0,,,,
pure_equal_alpha1,byzantine,oracle,4,94,400,0.36098053404336505,2.837762414452542,7.8612616106098345,2.7056990746503637,0.39410221618688146,1.0,0.0,0.0,1.0,0.0,0.0,0.0,0.0,0.0,,,,
pure_equal_alpha1,byzantine,oracle,5,107,400,0.3647455857346055,2.840768531028493,7.788356164220942,2.544824114761629,0.4522840739551479,1.0,0.0,0.0,1.0,0.0,0.0,0.0,0.0,0.0,,,,
pure_equal_alpha1,byzantine,oracle,6,120,400,0.3680377575850758,2.857025014315424,7.762858444367607,2.6365436523526076,0.5032443803122213,1.0,0.0,0.0,1.0,0.0,0.0,0.0,0.0,0.0,,,,
pure_equal_alpha1,byzantine,oracle,7,133,400,0.36378629785380995,2.8669059663174226,7.880742026928976,2.668901979388215,0.3544690129807857,1.0,0.0,0.0,1.0,0.0,0.0,0.0,0.0,0.0,,,,
pure_equal_alpha1,byzantine,oracle,8,146,400,0.3626003105239863,2.846396437740333,7.849955874629737,2.7395862431181173,0.2665419316553881,1.0,0.0,0.0,1.0,0.0,0.0,0.0,0.0,0.0,,,,
pure_equal_alpha1,byzantine,oracle,9,159,400,0.360908344211338,2.846836397983963,7.887976112619147,2.6944250162447405,0.45807201983758583,1.0,0.0,0.0,1.0,0.0,0.0,0.0,0.0,0.0,,,,
pure_equal_alpha1,byzantine,oracle,10,172,400,0.3663459894091702,2.8532377599424223,7.7883690348133,2.697201628569683,0.3584550496525676,1.0,0.0,0.0,1.0,0.0,0.0,0.0,0.0,0.0,,,,
pure_equal_alpha1,byzantine,oracle,11,185,400,0.36323286451468906,2.863776448298971,7.8841336455753455,2.632345651512095,0.37614324588801695,1.0,0.0,0.0,1.0,0.0,0.0,0.0,0.0,0.0,,,,
pure_equal_alpha1,byzantine,oracle,12,198,400,0.35949774872383966,2.865052132280016,7.969596867992914,2.7268005942278823,0.42112997778857864,1.0,0.0,0.0,1.0,0.0,0.0,0.0,0.0,0.0,,,,
pure_equal_alpha1,byzantine,oracle,13,211,400,0.3743247098666198,2.8502924222839523,7.614491769190376,2.656618922934963,0.4430650950265118,1.0,0.0,0.0,1.0,0.0,0.0,0.0,0.0,0.0,,,,
pure_equal_alpha1,byzantine,oracle,14,224,400,0.36883716426895685,2.8205276500244127,7.647080943198224,2.6588233767699547,0.2900737938893925,1.0,0.0,0.0,1.0,0.0,0.0,0.0,0.0,0.0,,,,
pure_equal_alpha1,byzantine,oracle,15,237,400,0.373648361734244,2.828917328064583,7.571068463767654,2.6448164537493475,0.43959820046329945,1.0,0.0,0.0,1.0,0.0,0.0,0.0,0.0,0.0,,,,
pure_equal_alpha1,byzantine,oracle,16,250,400,0.3656161740603165,2.867237831123126,7.842207305221983,2.7647675238363054,0.23827700723638667,1.0,0.0,0.0,1.0,0.0,0.0,0.0,0.0,0.0,,,,
pure_equal_alpha1,byzantine,oracle,17,263,400,0.35851629136261004,2.8832378835304913,8.042139096586634,2.7135087224762335,0.37781456398276614,1.0,0.0,0.0,1.0,0.0,0.0,0.0,0.0,0.0,,,,
pure_equal_alpha1,byzantine,oracle,18,276,400,0.3595055206109355,2.8494835846270656,7.92611913103509,2.6443015764301183,0.3352751792540296,1.0,0.0,0.0,1.0,0.0,0.0,0.0,0.0,0.0,,,,
pure_equal_alpha1,byzantine,oracle,19,289,400,0.36518924229388994,2.900765560866009,7.943184587380553,2.7070931639235623,0.3761852144438316,1.0,0.0,0.0,1.0,0.0,0.0,0.0,0.0,0.0,,,,
pure_equal_alpha1,byzantine,oracle,20,302,400,0.3691784262155591,2.8358371114455343,7.681481121515268,2.6628599759384914,0.3223061728862402,1.0,0.0,0.0,1.0,0.0,0.0,0.0,0.0,0.0,,,,
pure_equal_alpha1,byzantine,oracle,21,315,400,0.3741494648353744,2.87473300926526,7.6833813206979755,2.6226418124594892,0.41214541675772143,1.0,0.0,0.0,1.0,0.0,0.0,0.0,0.0,0.0,,,,
pure_equal_alpha1,byzantine,oracle,22,328,400,0.36044443727381253,2.8920068736201587,8.02344709629473,2.7488979191488863,0.4545366791304244,1.0,0.0,0.0,1.0,0.0,0.0,0.0,0.0,0.0,,,,
pure_equal_alpha1,byzantine,oracle,23,341,400,0.3678517576595376,2.8720822803715134,7.807716615642074,2.7597238931195545,0.26926622651967635,1.0,0.0,0.0,1.0,0.0,0.0,0.0,0.0,0.0,,,,
pure_equal_alpha1,byzantine,oracle,24,354,400,0.3652037067960725,2.8526183741724993,7.811033461841021,2.665065142665603,0.4074597850697357,1.0,0.0,0.0,1.0,0.0,0.0,0.0,0.0,0.0,,,,
pure_equal_alpha1,byzantine,sparse_online,0,42,400,0.3630971620131074,2.9005876499500722,7.988461363532675,2.720720311439724,0.43301059631331285,1.0,0.0,0.0,1.0,0.0,0.0006666666666666666,0.0,0.0075,0.0,,,,
pure_equal_alpha1,byzantine,sparse_online,1,55,400,0.3587934403063133,2.874478478820358,8.011513466819027,2.71669740546536,0.31289871823243276,1.0,0.0,0.0,1.0,0.0,0.0006818181818181818,0.0,0.0075,0.0,,,,
pure_equal_alpha1,byzantine,sparse_online,2,68,400,0.3677252618138349,2.855565783958045,7.76548711903211,2.6398135298621543,0.5315989681560316,1.0,0.0,0.0,1.0,0.0,0.0007045454545454547,0.0,0.0075,0.0,,,,
pure_equal_alpha1,byzantine,sparse_online,3,81,400,0.36936053741923647,2.857931635611182,7.737512121841362,2.713011049315712,0.29442398627600186,1.0,0.0,0.0,1.0,0.0,0.00022727272727272727,0.0,0.0025,0.0,,,,
pure_equal_alpha1,byzantine,sparse_online,4,94,400,0.36095271563846576,2.837543726694039,7.8612616106098345,2.7023208596601482,0.39023304923742375,1.0,0.0,0.0,1.0,0.0,0.0004772727272727273,0.0,0.005,0.0,,,,
pure_equal_alpha1,byzantine,sparse_online,5,107,400,0.36479287778896624,2.841136858391592,7.788356164220942,2.5436661769966156,0.45649734179253,1.0,0.0,0.0,1.0,0.0,0.0003125,0.0,0.0025,0.0,,,,
pure_equal_alpha1,byzantine,sparse_online,6,120,400,0.36819852028018224,2.8582729923606705,7.762858444367607,2.6376802114162095,0.4990574786749904,1.0,0.0,0.0,1.0,0.0,0.0,0.0,0.0,0.0,,,,
pure_equal_alpha1,byzantine,sparse_online,7,133,400,0.3633024861728135,2.863093171269875,7.880742026928976,2.6689750738149742,0.3549476759041226,1.0,0.0,0.0,1.0,0.0,0.0010328282828282829,0.0,0.01,0.0,,,,
pure_equal_alpha1,byzantine,sparse_online,8,146,400,0.3623829994093894,2.844690555079681,7.849955874629737,2.7386395237787653,0.264310937129169,1.0,0.0,0.0,1.0,0.0,0.0008939393939393939,0.0,0.01,0.0,,,,
pure_equal_alpha1,byzantine,sparse_online,9,159,400,0.36058890739015287,2.8443166879689636,7.887976112619147,2.694953104610756,0.44785715300060946,1.0,0.0,0.0,1.0,0.0,0.00022727272727272727,0.0,0.0025,0.0,,,,
pure_equal_alpha1,byzantine,sparse_online,10,172,400,0.36597684954567333,2.850362762460048,7.7883690348133,2.696294740550685,0.3602190387760089,1.0,0.0,0.0,1.0,0.0,0.00045454545454545455,0.0,0.005,0.0,,,,
pure_equal_alpha1,byzantine,sparse_online,11,185,400,0.3626781207866628,2.859402774608167,7.8841336455753455,2.6318453959031665,0.37365764264207124,1.0,0.0,0.0,1.0,0.0,0.0007670454545454546,0.0,0.0075,0.0,,,,
pure_equal_alpha1,byzantine,sparse_online,12,198,400,0.35840094779017073,2.8563110709942365,7.969596867992914,2.7222774687246267,0.3855168568551459,1.0,0.0,0.0,1.0,0.0,0.0020952380952380958,0.0,0.0275,0.0,,,,
pure_equal_alpha1,byzantine,sparse_online,13,211,400,0.3739687667963641,2.8475820967051897,7.614491769190376,2.656924850442242,0.4501559425846082,1.0,0.0,0.0,1.0,0.0,0.0007045454545454547,0.0,0.0075,0.0,,,,
pure_equal_alpha1,byzantine,sparse_online,14,224,400,0.3686307069830908,2.8189488544480823,7.647080943198224,2.6586794001598926,0.2891132830594092,1.0,0.0,0.0,1.0,0.0,0.0007272727272727272,0.0,0.0075,0.0,,,,
pure_equal_alpha1,byzantine,sparse_online,15,237,400,0.37302858765380986,2.824224976069548,7.571068463767654,2.6389388756063576,0.4212934541992732,1.0,0.0,0.0,1.0,0.0,0.0016022727272727271,0.0,0.0175,0.0,,,,
pure_equal_alpha1,byzantine,sparse_online,16,250,400,0.36510913971125986,2.8632615626469557,7.842207305221983,2.7575420555972348,0.24148653481784965,1.0,0.0,0.0,1.0,0.0,0.0014481351981351983,0.0,0.0175,0.0,,,,
pure_equal_alpha1,byzantine,sparse_online,17,263,400,0.3581203976442882,2.880054051180282,8.042139096586634,2.7112494665902123,0.37485426718478276,1.0,0.0,0.0,1.0,0.0,0.0011439393939393938,0.0,0.0125,0.0,,,,
pure_equal_alpha1,byzantine,sparse_online,18,276,400,0.35909912109436015,2.8462624136438945,7.92611913103509,2.6315038387987997,0.35015330297727676,1.0,0.0,0.0,1.0,0.0,0.001005050505050505,0.0,0.0075,0.0,,,,
pure_equal_alpha1,byzantine,sparse_online,19,289,400,0.36499229474604356,2.899201170139433,7.943184587380553,2.7034131854918177,0.38011307090060775,1.0,0.0,0.0,1.0,0.0,0.00041666666666666664,0.0,0.005,0.0,,,,
pure_equal_alpha1,byzantine,sparse_online,20,302,400,0.369232928077482,2.8362557664689825,7.681481121515268,2.6639768323465303,0.3246012658582993,1.0,0.0,0.0,1.0,0.0,0.0,0.0,0.0,0.0,,,,
pure_equal_alpha1,byzantine,sparse_online,21,315,400,0.3740319211511635,2.873829876317628,7.6833813206979755,2.621698160333352,0.41321162177827286,1.0,0.0,0.0,1.0,0.0,0.00022727272727272727,0.0,0.0025,0.0,,,,
pure_equal_alpha1,byzantine,sparse_online,22,328,400,0.3603453261018368,2.8912116603751596,8.02344709629473,2.747263310349454,0.45585654405467446,1.0,0.0,0.0,1.0,0.0,0.0004772727272727273,0.0,0.005,0.0,,,,
pure_equal_alpha1,byzantine,sparse_online,23,341,400,0.36734692709233874,2.868140706363911,7.807716615642074,2.757026124870587,0.26940798003830624,1.0,0.0,0.0,1.0,0.0,0.0016083916083916088,0.0,0.02,0.0,,,,
pure_equal_alpha1,byzantine,sparse_online,24,354,400,0.3646243866012165,2.848093284745359,7.811033461841021,2.660767441119435,0.40992281698183675,1.0,0.0,0.0,1.0,0.0,0.0015705128205128207,0.0,0.02,0.0,,,,
pure_equal_alpha1,compound,algorithm1,0,42,400,0.30189896775532543,2.411708239603814,7.988461363532675,2.2633877403192613,0.3604730141181185,0.5,0.0,0.5,0.5,0.0,0.16899100899100897,0.16666666666666666,2.04,2.0,,,,
pure_equal_alpha1,compound,algorithm1,1,55,400,0.2614690632781697,2.094762921609613,8.011513466819027,1.9795400380621424,0.23447025724660087,0.25,0.0,0.75,0.25,0.0,0.2718154761904762,0.23076923076923084,3.75,3.0,,,,
pure_equal_alpha1,compound,algorithm1,2,68,400,0.3305698700331302,2.567036067682391,7.76548711903211,2.3728205152785815,0.47476160552703073,0.75,0.0,0.25,0.75,0.0,0.10125874125874126,0.09090909090909091,1.1375,1.0,,,,
pure_equal_alpha1,compound,algorithm1,3,81,400,0.3324093590802712,2.5720214452971164,7.737512121841362,2.4399107721476123,0.26522553784326286,0.75,0.0,0.25,0.75,0.0,0.10015151515151516,0.09090909090909091,1.1225,1.0,,,,
pure_equal_alpha1,compound,algorithm1,4,94,400,0.2999715733590412,2.358155013921662,7.8612616106098345,2.2442416012167894,0.3260527231243828,0.5,0.0,0.5,0.5,0.0,0.16944430569430569,0.16666666666666666,2.0475,2.0,,,,
pure_equal_alpha1,compound,algorithm1,5,107,400,0.3300595970690781,2.5706216973932348,7.788356164220942,2.3024668659161054,0.40839159302740446,0.75,0.0,0.25,0.75,0.0,0.09594696969696971,0.09090909090909091,1.0725,1.0,,,,
pure_equal_alpha1,compound,algorithm1,6,120,400,0.3555553290500888,2.760125688556385,7.762858444367607,2.546099669467837,0.4892975409517488,1.0,0.0,0.0,1.0,0.0,0.03382575757575758,0.0,0.3775,0.0,,,,
pure_equal_alpha1,compound,algorithm1,7,133,400,0.32413099728751227,2.5543927725541,7.880742026928976,2.3794501064424023,0.28075970221737645,1.0,0.0,0.0,1.0,0.0,0.10773310023310026,0.0,1.3525,0.0,,,,
pure_equal_alpha1,compound,algorithm1,8,146,400,0.3209636708988877,2.519550653915449,7.849955874629737,2.4159768252095906,0.24652537439763655,0.75,0.0,0.25,0.75,0.0,0.11409199134199134,0.09090909090909091,1.3375,1.0,,,,
pure_equal_alpha1,compound,algorithm1,9,159,400,0.3176123194387758,2.5053183888066255,7.887976112619147,2.3663857859550874,0.40907991443459935,0.75,0.0,0.25,0.75,0.0,0.11896936396936399,0.09090909090909091,1.42,1.0,,,,
pure_equal_alpha1,compound,algorithm1,10,172,400,0.3156605312386874,2.4584807070121095,7.7883690348133,2.3314368761644673,0.3072428516998187,0.75,0.0,0.25,0.75,0.0,0.13805735930735932,0.09090909090909091,1.6975,1.0,,,,
pure_equal_alpha1,compound,algorithm1,11,185,400,0.298890867293296,2.3564955431822705,7.8841336455753455,2.1704729196338284,0.31093903484438457,0.5,0.0,0.5,0.5,0.0,0.1759965034965035,0.16666666666666666,2.1475,2.0,,,,
pure_equal_alpha1,compound,algorithm1,12,198,400,0.3135629986415993,2.498970691892556,7.969596867992914,2.382233939459943,0.34131362623798545,0.75,0.0,0.25,0.75,0.0,0.12802197802197804,0.09090909090909091,1.5275,1.0,,,,
pure_equal_alpha1,compound,algorithm1,13,211,400,0.36929554219331306,2.81199786642968,7.614491769190376,2.6237076612223564,0.44044576194568474,1.0,0.0,0.0,1.0,0.0,0.012803030303030306,0.0,0.1425,0.0,,,,
pure_equal_alpha1,compound,algorithm1,14,224,400,0.33212744392378146,2.5398054471426863,7.647080943198224,2.3933046539698752,0.26567036590762605,0.75,0.0,0.25,0.75,0.0,0.10005633255633256,0.09090909090909091,1.1225,1.0,,,,
pure_equal_alpha1,compound,algorithm1,15,237,400,0.33454102738279984,2.532833022254347,7.571068463767654,2.368570174122119,0.37594806249932633,0.75,0.0,0.25,0.75,0.0,0.10431177156177157,0.09090909090909091,1.1775,1.0,,,,
pure_equal_alpha1,compound,algorithm1,16,250,400,0.3169876398004524,2.4858827845081826,7.842207305221983,2.3931679892778726,0.21185236974542487,0.75,0.0,0.25,0.75,0.0,0.1330834165834166,0.09090909090909091,1.58,1.0,,,,
pure_equal_alpha1,compound,algorithm1,17,263,400,0.29498875782266626,2.3723406223391907,8.042139096586634,2.230543421522391,0.31409278471952273,0.5,0.0,0.5,0.5,0.0,0.17739607614607614,0.16666666666666666,2.1675,2.0,,,,
pure_equal_alpha1,compound,algorithm1,18,276,400,0.3235577507404142,2.56455727813828,7.92611913103509,2.366708754052259,0.31825610305156316,0.75,0.0,0.25,0.75,0.0,0.10029759129759128,0.09090909090909091,1.125,1.0,,,,
pure_equal_alpha1,compound,algorithm1,19,289,400,0.3179277764449014,2.5253590137573108,7.943184587380553,2.3671101561326298,0.32966728255861266,0.75,0.0,0.25,0.75,0.0,0.12946095571095573,0.09090909090909091,1.5525,1.0,,,,
pure_equal_alpha1,compound,algorithm1,20,302,400,0.3307067030034016,2.540317295879186,7.681481121515268,2.3882842441446157,0.2904628436494461,0.75,0.0,0.25,0.75,0.0,0.10453846153846154,0.09090909090909091,1.1875,1.0,,,,
pure_equal_alpha1,compound,algorithm1,21,315,400,0.30845968036023236,2.3700133462682773,7.6833813206979755,2.1612093435198396,0.34025715689687797,0.5,0.0,0.5,0.5,0.0,0.17551573426573427,0.16666666666666666,2.14,2.0,,,,
pure_equal_alpha1,compound,algorithm1,22,328,400,0.31603897920988516,2.5357220300575034,8.02344709629473,2.410735458821555,0.39318303644857266,0.75,0.0,0.25,0.75,0.0,0.12301390276390275,0.09090909090909091,1.4525,1.0,,,,
pure_equal_alpha1,compound,algorithm1,23,341,400,0.344237649597975,2.6877100164956835,7.807716615642074,2.5794275414235384,0.25063004440012504,1.0,0.0,0.0,1.0,0.0,0.06409423909423911,0.0,0.7725,0.0,,,,
pure_equal_alpha1,compound,algorithm1,24,354,400,0.32254120329545727,2.519380131763284,7.811033461841021,2.3530147743182566,0.3663518759265254,0.75,0.0,0.25,0.75,0.0,0.11777951215451217,0.09090909090909091,1.385,1.0,,,,
pure_equal_alpha1,compound,no_trust,0,42,400,0.2595158775842853,2.0731325613053384,7.988461363532675,1.9429982686842442,0.30901916114904737,0.0,0.0,1.0,0.5,0.0,0.2857142857142857,0.28571428571428575,4.0,4.0,,,,
pure_equal_alpha1,compound,no_trust,1,55,400,0.2566720658438138,2.056331712063974,8.011513466819027,1.94302860692178,0.21913750177698832,0.0,0.0,1.0,0.25,0.0,0.2857142857142857,0.28571428571428575,4.0,4.0,,,,
pure_equal_alpha1,compound,no_trust,2,68,400,0.26331758812265704,2.044789338781096,7.76548711903211,1.8971686896332054,0.36602600673762575,0.0,0.0,1.0,0.75,0.0,0.2857142857142857,0.28571428571428575,4.0,4.0,,,,
pure_equal_alpha1,compound,no_trust,3,81,400,0.2638284515584495,2.0413758420201393,7.737512121841362,1.9371450288531142,0.2113055769017329,0.0,0.0,1.0,0.75,0.0,0.2857142857142857,0.28571428571428575,4.0,4.0,,,,
pure_equal_alpha1,compound,no_trust,4,94,400,0.25784323860240355,2.026973153180387,7.8612616106098345,1.93264219617883,0.2815015829906282,0.0,0.0,1.0,0.5,0.0,0.2857142857142857,0.28571428571428575,4.0,4.0,,,,
pure_equal_alpha1,compound,no_trust,5,107,400,0.26053256123900387,2.029120379306066,7.788356164220942,1.817731510544021,0.3230600528251073,0.0,0.0,1.0,0.75,0.0,0.2857142857142857,0.28571428571428575,4.0,4.0,,,,
pure_equal_alpha1,compound,no_trust,6,120,400,0.26288411256076827,2.0407321530824447,7.762858444367607,1.8832454659661473,0.35946027165159067,0.0,0.0,1.0,1.0,0.0,0.2857142857142857,0.28571428571428575,4.0,4.0,,,,
pure_equal_alpha1,compound,no_trust,7,133,400,0.2598473556098642,2.047789975941016,7.880742026928976,1.9063585567058687,0.25319215212913293,0.0,0.0,1.0,1.0,0.0,0.2857142857142857,0.28571428571428575,4.0,4.0,,,,
pure_equal_alpha1,compound,no_trust,8,146,400,0.2590002218028473,2.0331403126716663,7.849955874629737,1.9568473165129399,0.19038709403956466,0.0,0.0,1.0,0.75,0.0,0.2857142857142857,0.28571428571428575,4.0,4.0,,,,
pure_equal_alpha1,compound,no_trust,9,159,400,0.25779167443667,2.033454569988545,7.887976112619147,1.9245892973176715,0.32719429988399007,0.0,0.0,1.0,0.75,0.0,0.2857142857142857,0.28571428571428575,4.0,4.0,,,,
pure_equal_alpha1,compound,no_trust,10,172,400,0.2616757067208358,2.038026971387444,7.7883690348133,1.9265725918354875,0.2560393211804044,0.0,0.0,1.0,0.75,0.0,0.2857142857142857,0.28571428571428575,4.0,4.0,,,,
pure_equal_alpha1,compound,no_trust,11,185,400,0.25945204608192074,2.0455546059278364,7.8841336455753455,1.8802468939372106,0.2686737470628704,0.0,0.0,1.0,0.5,0.0,0.2857142857142857,0.28571428571428575,4.0,4.0,,,,
pure_equal_alpha1,compound,no_trust,12,198,400,0.2567841062313141,2.0464658087714405,7.969596867992914,1.9477147101627739,0.3008071269918413,0.0,0.0,1.0,0.75,0.0,0.2857142857142857,0.28571428571428575,4.0,4.0,,,,
pure_equal_alpha1,compound,no_trust,13,211,400,0.2673747927618712,2.035923158774251,7.614491769190376,1.8975849449535418,0.31647506787608526,0.0,0.0,1.0,1.0,0.0,0.2857142857142857,0.28571428571428575,4.0,4.0,,,,
pure_equal_alpha1,compound,no_trust,14,224,400,0.26345511733496924,2.0146626071602953,7.647080943198224,1.8991595548356826,0.20719556706385212,0.0,0.0,1.0,0.75,0.0,0.2857142857142857,0.28571428571428575,4.0,4.0,,,,
pure_equal_alpha1,compound,no_trust,15,237,400,0.2668916869530314,2.020655234331845,7.571068463767654,1.8891546098209628,0.31399871461664186,0.0,0.0,1.0,0.75,0.0,0.2857142857142857,0.28571428571428575,4.0,4.0,,,,
pure_equal_alpha1,compound,no_trust,16,250,400,0.26115441004308326,2.0480270222308046,7.842207305221983,1.9748339455973614,0.17019786231170486,0.0,0.0,1.0,0.75,0.0,0.2857142857142857,0.28571428571428575,4.0,4.0,,,,
pure_equal_alpha1,compound,no_trust,17,263,400,0.25608306525900715,2.0594556310932077,8.042139096586634,1.9382205160544517,0.26986754570197324,0.0,0.0,1.0,0.5,0.0,0.2857142857142857,0.28571428571428575,4.0,4.0,,,,
pure_equal_alpha1,compound,no_trust,18,276,400,0.2567896575792397,2.035345417590762,7.92611913103509,1.8887868403072279,0.23948227089573626,0.0,0.0,1.0,0.75,0.0,0.2857142857142857,0.28571428571428575,4.0,4.0,,,,
pure_equal_alpha1,compound,no_trust,19,289,400,0.26084945878135,2.0719754006185784,7.943184587380553,1.9336379742311138,0.2687037246027384,0.0,0.0,1.0,0.75,0.0,0.2857142857142857,0.28571428571428575,4.0,4.0,,,,
pure_equal_alpha1,compound,no_trust,20,302,400,0.2636988758682565,2.0255979367468107,7.681481121515268,1.9020428399560652,0.2302186949187448,0.0,0.0,1.0,0.75,0.0,0.2857142857142857,0.28571428571428575,4.0,4.0,,,,
pure_equal_alpha1,compound,no_trust,21,315,400,0.26724961773955314,2.053380720903757,7.6833813206979755,1.8733155803282069,0.2943895833983714,0.0,0.0,1.0,0.5,0.0,0.2857142857142857,0.28571428571428575,4.0,4.0,,,,
pure_equal_alpha1,compound,no_trust,22,328,400,0.2574603123384375,2.065719195442971,8.02344709629473,1.9634985136777783,0.3246690565217307,0.0,0.0,1.0,0.75,0.0,0.2857142857142857,0.28571428571428575,4.0,4.0,,,,
pure_equal_alpha1,compound,no_trust,23,341,400,0.26275125547109823,2.0514873431225094,7.807716615642074,1.9712313522282516,0.19233301894262778,0.0,0.0,1.0,1.0,0.0,0.2857142857142857,0.28571428571428575,4.0,4.0,,,,
pure_equal_alpha1,compound,no_trust,24,354,400,0.2608597905686232,2.0375845529803565,7.811033461841021,1.9036179590468583,0.2910427036212424,0.0,0.0,1.0,0.75,0.0,0.2857142857142857,0.28571428571428575,4.0,4.0,,,,
pure_equal_alpha1,compound,oracle,0,42,400,0.36332222861799945,2.9023855858274743,7.988461363532675,2.720197576157941,0.43262682560866805,1.0,0.0,0.0,0.5,0.0,0.0,0.0,0.0,0.0,,,,
pure_equal_alpha1,compound,oracle,1,55,400,0.35934089218133947,2.8788643968895653,8.011513466819027,2.7202400496904913,0.3067925024877858,1.0,0.0,0.0,0.25,0.0,0.0,0.0,0.0,0.0,,,,
pure_equal_alpha1,compound,oracle,2,68,400,0.3686446233717201,2.862705074293536,7.76548711903211,2.656036165486488,0.5124364094326745,1.0,0.0,0.0,0.75,0.0,0.0,0.0,0.0,0.0,,,,
pure_equal_alpha1,compound,oracle,3,81,400,0.36935983218182933,2.8579261788281953,7.737512121841362,2.7120030403943587,0.2958278076624299,1.0,0.0,0.0,0.75,0.0,0.0,0.0,0.0,0.0,,,,
pure_equal_alpha1,compound,oracle,4,94,400,0.36098053404336505,2.837762414452542,7.8612616106098345,2.7056990746503637,0.39410221618688146,1.0,0.0,0.0,0.5,0.0,0.0,0.0,0.0,0.0,,,,
pure_equal_alpha1,compound,oracle,5,107,400,0.3647455857346055,2.840768531028493,7.788356164220942,2.544824114761629,0.4522840739551479,1.0,0.0,0.0,0.75,0.0,0.0,0.0,0.0,0.0,,,,
pure_equal_alpha1,compound,oracle,6,120,400,0.3680377575850758,2.857025014315424,7.762858444367607,2.6365436523526076,0.5032443803122213,1.0,0.0,0.0,1.0,0.0,0.0,0.0,0.0,0.0,,,,
pure_equal_alpha1,compound,oracle,7,133,400,0.36378629785380995,2.8669059663174226,7.880742026928976,2.668901979388215,0.3544690129807857,1.0,0.0,0.0,1.0,0.0,0.0,0.0,0.0,0.0,,,,
pure_equal_alpha1,compound,oracle,8,146,400,0.3626003105239863,2.846396437740333,7.849955874629737,2.7395862431181173,0.2665419316553881,1.0,0.0,0.0,0.75,0.0,0.0,0.0,0.0,0.0,,,,
pure_equal_alpha1,compound,oracle,9,159,400,0.360908344211338,2.846836397983963,7.887976112619147,2.6944250162447405,0.45807201983758583,1.0,0.0,0.0,0.75,0.0,0.0,0.0,0.0,0.0,,,,
pure_equal_alpha1,compound,oracle,10,172,400,0.3663459894091702,2.8532377599424223,7.7883690348133,2.697201628569683,0.3584550496525676,1.0,0.0,0.0,0.75,0.0,0.0,0.0,0.0,0.0,,,,
pure_equal_alpha1,compound,oracle,11,185,400,0.36323286451468906,2.863776448298971,7.8841336455753455,2.632345651512095,0.37614324588801695,1.0,0.0,0.0,0.5,0.0,0.0,0.0,0.0,0.0,,,,
pure_equal_alpha1,compound,oracle,12,198,400,0.35949774872383966,2.865052132280016,7.969596867992914,2.7268005942278823,0.42112997778857864,1.0,0.0,0.0,0.75,0.0,0.0,0.0,0.0,0.0,,,,
pure_equal_alpha1,compound,oracle,13,211,400,0.3743247098666198,2.8502924222839523,7.614491769190376,2.656618922934963,0.4430650950265118,1.0,0.0,0.0,1.0,0.0,0.0,0.0,0.0,0.0,,,,
pure_equal_alpha1,compound,oracle,14,224,400,0.36883716426895685,2.8205276500244127,7.647080943198224,2.6588233767699547,0.2900737938893925,1.0,0.0,0.0,0.75,0.0,0.0,0.0,0.0,0.0,,,,
pure_equal_alpha1,compound,oracle,15,237,400,0.373648361734244,2.828917328064583,7.571068463767654,2.6448164537493475,0.43959820046329945,1.0,0.0,0.0,0.75,0.0,0.0,0.0,0.0,0.0,,,,
pure_equal_alpha1,compound,oracle,16,250,400,0.3656161740603165,2.867237831123126,7.842207305221983,2.7647675238363054,0.23827700723638667,1.0,0.0,0.0,0.75,0.0,0.0,0.0,0.0,0.0,,,,
pure_equal_alpha1,compound,oracle,17,263,400,0.35851629136261004,2.8832378835304913,8.042139096586634,2.7135087224762335,0.37781456398276614,1.0,0.0,0.0,0.5,0.0,0.0,0.0,0.0,0.0,,,,
pure_equal_alpha1,compound,oracle,18,276,400,0.3595055206109355,2.8494835846270656,7.92611913103509,2.6443015764301183,0.3352751792540296,1.0,0.0,0.0,0.75,0.0,0.0,0.0,0.0,0.0,,,,
pure_equal_alpha1,compound,oracle,19,289,400,0.36518924229388994,2.900765560866009,7.943184587380553,2.7070931639235623,0.3761852144438316,1.0,0.0,0.0,0.75,0.0,0.0,0.0,0.0,0.0,,,,
pure_equal_alpha1,compound,oracle,20,302,400,0.3691784262155591,2.8358371114455343,7.681481121515268,2.6628599759384914,0.3223061728862402,1.0,0.0,0.0,0.75,0.0,0.0,0.0,0.0,0.0,,,,
pure_equal_alpha1,compound,oracle,21,315,400,0.3741494648353744,2.87473300926526,7.6833813206979755,2.6226418124594892,0.41214541675772143,1.0,0.0,0.0,0.5,0.0,0.0,0.0,0.0,0.0,,,,
pure_equal_alpha1,compound,oracle,22,328,400,0.36044443727381253,2.8920068736201587,8.02344709629473,2.7488979191488863,0.4545366791304244,1.0,0.0,0.0,0.75,0.0,0.0,0.0,0.0,0.0,,,,
pure_equal_alpha1,compound,oracle,23,341,400,0.3678517576595376,2.8720822803715134,7.807716615642074,2.7597238931195545,0.26926622651967635,1.0,0.0,0.0,1.0,0.0,0.0,0.0,0.0,0.0,,,,
pure_equal_alpha1,compound,oracle,24,354,400,0.3652037067960725,2.8526183741724993,7.811033461841021,2.665065142665603,0.4074597850697357,1.0,0.0,0.0,0.75,0.0,0.0,0.0,0.0,0.0,,,,
pure_equal_alpha1,compound,sparse_online,0,42,400,0.36263862958791115,2.8969246813874654,7.988461363532675,2.7200097461858053,0.4323536202497329,1.0,0.0,0.0,0.5,0.0,0.0014415584415584418,0.0,0.0175,0.0,,,,
pure_equal_alpha1,compound,sparse_online,1,55,400,0.35782261564586865,2.8667007039792853,8.011513466819027,2.7157995487743856,0.31143412801502857,1.0,0.0,0.0,0.25,0.0,0.0033392857142857148,0.0,0.0375,0.0,,,,
pure_equal_alpha1,compound,sparse_online,2,68,400,0.36774609548032655,2.855727567526828,7.76548711903211,2.6398135298621543,0.5315989681560316,1.0,0.0,0.0,0.75,0.0,0.00045454545454545455,0.0,0.005,0.0,,,,
pure_equal_alpha1,compound,sparse_online,3,81,400,0.3692498416268513,2.857075125575765,7.737512121841362,2.7122611371875283,0.29470792960598713,1.0,0.0,0.0,0.75,0.0,0.0007045454545454547,0.0,0.0075,0.0,,,,
pure_equal_alpha1,compound,sparse_online,4,94,400,0.36093274391493835,2.837386723750575,7.8612616106098345,2.7021007776810753,0.38794408510014966,1.0,0.0,0.0,0.5,0.0,0.00041666666666666664,0.0,0.005,0.0,,,,
pure_equal_alpha1,compound,sparse_online,5,107,400,0.36475426152378265,2.8408361011646104,7.788356164220942,2.5465996475535566,0.45206952283607427,1.0,0.0,0.0,0.75,0.0,0.0,0.0,0.0,0.0,,,,
pure_equal_alpha1,compound,sparse_online,6,120,400,0.36796720335945177,2.8564773118492526,7.762858444367607,2.6238566759518234,0.5128810141393765,1.0,0.0,0.0,1.0,0.0,0.0005,0.0,0.005,0.0,,,,
pure_equal_alpha1,compound,sparse_online,7,133,400,0.3635016661788156,2.864662857514099,7.880742026928976,2.67082256445576,0.35254422339528624,1.0,0.0,0.0,1.0,0.0,0.00045454545454545455,0.0,0.005,0.0,,,,
pure_equal_alpha1,compound,sparse_online,8,146,400,0.3623829994093894,2.844690555079681,7.849955874629737,2.7386395237787653,0.264310937129169,1.0,0.0,0.0,0.75,0.0,0.0008939393939393939,0.0,0.01,0.0,,,,
pure_equal_alpha1,compound,sparse_online,9,159,400,0.36041409413895326,2.842937765219332,7.887976112619147,2.6959360243788635,0.44742368179383796,1.0,0.0,0.0,0.75,0.0,0.0005,0.0,0.005,0.0,,,,
pure_equal_alpha1,compound,sparse_online,10,172,400,0.36580550164299835,2.8490282417606743,7.7883690348133,2.6950931277945513,0.36095620580650056,1.0,0.0,0.0,0.75,0.0,0.0011439393939393938,0.0,0.0125,0.0,,,,
pure_equal_alpha1,compound,sparse_online,11,185,400,0.36268332834672024,2.8594438317076274,7.8841336455753455,2.6321902801963217,0.3717739135878353,1.0,0.0,0.0,0.5,0.0,0.000643939393939394,0.0,0.0075,0.0,,,,
pure_equal_alpha1,compound,sparse_online,12,198,400,0.3588957017258329,2.860254060410317,7.969596867992914,2.723502050396434,0.4194647419678317,1.0,0.0,0.0,0.75,0.0,0.0016602564102564104,0.0,0.02,0.0,,,,
pure_equal_alpha1,compound,sparse_online,13,211,400,0.37382764906780525,2.8465075569225915,7.614491769190376,2.65709059670516,0.45023209784602125,1.0,0.0,0.0,1.0,0.0,0.0009772727272727275,0.0,0.01,0.0,,,,
pure_equal_alpha1,compound,sparse_online,14,224,400,0.3683561942210259,2.816849633136631,7.647080943198224,2.6588256616591677,0.29073745673309714,1.0,0.0,0.0,0.75,0.0,0.0014444444444444444,0.0,0.015,0.0,,,,
pure_equal_alpha1,compound,sparse_online,15,237,400,0.37336430850089747,2.826766741587562,7.571068463767654,2.6434937785174553,0.4175104649708712,1.0,0.0,0.0,0.75,0.0,0.0004772727272727273,0.0,0.005,0.0,,,,
pure_equal_alpha1,compound,sparse_online,16,250,400,0.3653437408861276,2.865101353694317,7.842207305221983,2.7594210950551634,0.24184410274283907,1.0,0.0,0.0,0.75,0.0,0.0009545454545454546,0.0,0.01,0.0,,,,
pure_equal_alpha1,compound,sparse_online,17,263,400,0.35787226096495206,2.878058501490096,8.042139096586634,2.7113275134533197,0.37402047128305593,1.0,0.0,0.0,0.5,0.0,0.001331973581973582,0.0,0.015,0.0,,,,
pure_equal_alpha1,compound,sparse_online,18,276,400,0.3589352385697935,2.844963461230684,7.92611913103509,2.6315038387987997,0.35015330297727676,1.0,0.0,0.0,0.75,0.0,0.001005050505050505,0.0,0.01,0.0,,,,
pure_equal_alpha1,compound,sparse_online,19,289,400,0.3646969220507541,2.896854970298677,7.943184587380553,2.6911679345314123,0.39235832186101316,1.0,0.0,0.0,0.75,0.0,0.0011666666666666668,0.0,0.0125,0.0,,,,
pure_equal_alpha1,compound,sparse_online,20,302,400,0.36902673171897427,2.83467187303378,7.681481121515268,2.663178436833714,0.3247769764495261,1.0,0.0,0.0,0.75,0.0,0.0005,0.0,0.005,0.0,,,,
pure_equal_alpha1,compound,sparse_online,21,315,400,0.3737155302087027,2.871398924060286,7.6833813206979755,2.6195849261192565,0.4142110632210989,1.0,0.0,0.0,0.5,0.0,0.0010541958041958043,0.0,0.0125,0.0,,,,
pure_equal_alpha1,compound,sparse_online,22,328,400,0.3602105403265046,2.890130213837449,8.02344709629473,2.7457565924638274,0.4568730289240306,1.0,0.0,0.0,0.75,0.0,0.0008939393939393939,0.0,0.01,0.0,,,,
pure_equal_alpha1,compound,sparse_online,23,341,400,0.3675297735323046,2.8695683195513433,7.807716615642074,2.7571296140330257,0.27008068474268887,1.0,0.0,0.0,1.0,0.0,0.0010606060606060605,0.0,0.0125,0.0,,,,
pure_equal_alpha1,compound,sparse_online,24,354,400,0.3646971261219825,2.8486614555760603,7.811033461841021,2.6640853671142124,0.4073920833171205,1.0,0.0,0.0,0.75,0.0,0.0011439393939393938,0.0,0.0125,0.0,,,,
pure_equal_alpha1,reputation_poison,algorithm1,0,42,400,0.2595785819116735,2.0736334724020056,7.988461363532675,1.944180637690726,0.31019005568905667,0.0,0.0,1.0,0.0,0.0,0.2855,0.28571428571428575,3.995,4.0,,,,
pure_equal_alpha1,reputation_poison,algorithm1,1,55,400,0.25655330161559625,2.055380230850233,8.011513466819027,1.9401513525810428,0.23147432360140163,0.0,0.0,1.0,0.0,0.0,0.2853228021978022,0.28571428571428575,3.99,4.0,,,,
pure_equal_alpha1,reputation_poison,algorithm1,2,68,400,0.2628592573705594,2.041230177229425,7.76548711903211,1.8882331781268218,0.3789654716095159,0.0,0.0,1.0,0.0,0.0,0.28557005494505494,0.28571428571428575,3.9875,4.0,,,,
pure_equal_alpha1,reputation_poison,algorithm1,3,81,400,0.2640176174224534,2.042839515185908,7.737512121841362,1.9401222250087384,0.20292238028620924,0.0,0.0,1.0,0.0,0.0,0.28566544566544566,0.28571428571428575,3.995,4.0,,,,
pure_equal_alpha1,reputation_poison,algorithm1,4,94,400,0.25803564475838375,2.0284857083080388,7.8612616106098345,1.9306226708280447,0.2807622826694889,0.0,0.0,1.0,0.0,0.0,0.2854181929181929,0.28571428571428575,3.9925,4.0,,,,
pure_equal_alpha1,reputation_poison,algorithm1,5,107,400,0.26116740474875494,2.034064766668551,7.788356164220942,1.8199894727038273,0.3267320029506604,0.0,0.0,1.0,0.0,0.0,0.28548786630036627,0.28571428571428575,3.9875,4.0,,,,
pure_equal_alpha1,reputation_poison,algorithm1,6,120,400,0.26285951824586645,2.0405412308973254,7.762858444367607,1.88446108963796,0.36399489615277325,0.0,0.0,1.0,0.0,0.0,0.28550792957042953,0.28571428571428575,3.9875,4.0,,,,
pure_equal_alpha1,reputation_poison,algorithm1,7,133,400,0.2597988375624345,2.047407617725572,7.880742026928976,1.910951442726789,0.25891968757422945,0.0,0.0,1.0,0.0,0.0,0.28539621489621486,0.28571428571428575,3.99,4.0,,,,
pure_equal_alpha1,reputation_poison,algorithm1,8,146,400,0.2590850519146609,2.0338062253062428,7.849955874629737,1.958167210122238,0.19041217536270083,0.0,0.0,1.0,0.0,0.0,0.2856318681318681,0.28571428571428575,3.9975,4.0,,,,
pure_equal_alpha1,reputation_poison,algorithm1,9,159,400,0.25802350802930313,2.0352832678293376,7.887976112619147,1.9278544923145353,0.317659587671983,0.0,0.0,1.0,0.0,0.0,0.284512987012987,0.28571428571428575,3.9825,4.0,,,,
pure_equal_alpha1,reputation_poison,algorithm1,10,172,400,0.2615832757900869,2.0373070851885404,7.7883690348133,1.927615558066476,0.25703411952663524,0.0,0.0,1.0,0.0,0.0,0.2855,0.28571428571428575,3.995,4.0,,,,
pure_equal_alpha1,reputation_poison,algorithm1,11,185,400,0.25912098409297313,2.0429444689620033,7.8841336455753455,1.8824908970355345,0.2493943357099604,0.0,0.0,1.0,0.0,0.0,0.28536744505494505,0.28571428571428575,3.9925,4.0,,,,
pure_equal_alpha1,reputation_poison,algorithm1,12,198,400,0.25689636286615336,2.047360448896867,7.969596867992914,1.948455626095853,0.30174541331602267,0.0,0.0,1.0,0.0,0.0,0.28541666666666665,0.28571428571428575,3.995,4.0,,,,
pure_equal_alpha1,reputation_poison,algorithm1,13,211,400,0.2674353742715394,2.0363844561809845,7.614491769190376,1.8983950108662124,0.3255102530155669,0.0,0.0,1.0,0.0,0.0,0.28531249999999997,0.28571428571428575,3.9925,4.0,,,,
pure_equal_alpha1,reputation_poison,algorithm1,14,224,400,0.2636751620181646,2.0163453066638106,7.647080943198224,1.8973720987555758,0.21683359870893626,0.0,0.0,1.0,0.0,0.0,0.2854107142857143,0.28571428571428575,3.9925,4.0,,,,
pure_equal_alpha1,reputation_poison,algorithm1,15,237,400,0.26711806272165756,2.022369140774652,7.571068463767654,1.8944964355550835,0.2933445823230383,0.0,0.0,1.0,0.0,0.0,0.2852232142857143,0.28571428571428575,3.99,4.0,,,,
pure_equal_alpha1,reputation_poison,algorithm1,16,250,400,0.26129454351576237,2.049125977973955,7.842207305221983,1.9742183952624694,0.175413569788478,0.0,0.0,1.0,0.0,0.0,0.2854220779220779,0.28571428571428575,3.9925,4.0,,,,
pure_equal_alpha1,reputation_poison,algorithm1,17,263,400,0.2560849791454958,2.0594710228345643,8.042139096586634,1.9387072656895181,0.26983863092507865,0.0,0.0,1.0,0.0,0.0,0.28583333333333333,0.28571428571428575,4.0,4.0,,,,
pure_equal_alpha1,reputation_poison,algorithm1,18,276,400,0.25705317625707036,2.0374340980245003,7.92611913103509,1.8779965529332934,0.2597266727481391,0.0,0.0,1.0,0.0,0.0,0.2859031593406593,0.28571428571428575,3.99,4.0,,,,
pure_equal_alpha1,reputation_poison,algorithm1,19,289,400,0.26105941734601823,2.073643140253439,7.943184587380553,1.941927988054955,0.26206681968265944,0.0,0.0,1.0,0.0,0.0,0.2852252747252747,0.28571428571428575,3.99,4.0,,,,
pure_equal_alpha1,reputation_poison,algorithm1,20,302,400,0.26384559346464875,2.0267249451936915,7.681481121515268,1.9032511642403203,0.2343569210992198,0.0,0.0,1.0,0.0,0.0,0.2856474775224775,0.28571428571428575,3.995,4.0,,,,
pure_equal_alpha1,reputation_poison,algorithm1,21,315,400,0.26720696986634407,2.053053041031375,7.6833813206979755,1.8649317265820158,0.30353418635508866,0.0,0.0,1.0,0.0,0.0,0.28555494505494505,0.28571428571428575,3.995,4.0,,,,
pure_equal_alpha1,reputation_poison,algorithm1,22,328,400,0.257539030757525,2.066350788514023,8.02344709629473,1.9651776826243694,0.3246386255020537,0.0,0.0,1.0,0.0,0.0,0.28583333333333333,0.28571428571428575,4.0,4.0,,,,
pure_equal_alpha1,reputation_poison,algorithm1,23,341,400,0.26276600082037943,2.0516024706310954,7.807716615642074,1.9723654138494184,0.19157792583253097,0.0,0.0,1.0,0.0,0.0,0.28562499999999996,0.28571428571428575,3.9975,4.0,,,,
pure_equal_alpha1,reputation_poison,algorithm1,24,354,400,0.2609028135257676,2.037920606738239,7.811033461841021,1.9036434560190794,0.29147572768162067,0.0,0.0,1.0,0.0,0.0,0.2857692307692307,0.28571428571428575,4.0,4.0,,,,
pure_equal_alpha1,reputation_poison,no_trust,0,42,400,0.2595158775842853,2.0731325613053384,7.988461363532675,1.9429982686842442,0.30901916114904737,0.0,0.0,1.0,0.0,0.0,0.2857142857142857,0.28571428571428575,4.0,4.0,,,,
pure_equal_alpha1,reputation_poison,no_trust,1,55,400,0.2566720658438138,2.056331712063974,8.011513466819027,1.94302860692178,0.21913750177698832,0.0,0.0,1.0,0.0,0.0,0.2857142857142857,0.28571428571428575,4.0,4.0,,,,
pure_equal_alpha1,reputation_poison,no_trust,2,68,400,0.26331758812265704,2.044789338781096,7.76548711903211,1.8971686896332054,0.36602600673762575,0.0,0.0,1.0,0.0,0.0,0.2857142857142857,0.28571428571428575,4.0,4.0,,,,
pure_equal_alpha1,reputation_poison,no_trust,3,81,400,0.2638284515584495,2.0413758420201393,7.737512121841362,1.9371450288531142,0.2113055769017329,0.0,0.0,1.0,0.0,0.0,0.2857142857142857,0.28571428571428575,4.0,4.0,,,,
pure_equal_alpha1,reputation_poison,no_trust,4,94,400,0.25784323860240355,2.026973153180387,7.8612616106098345,1.93264219617883,0.2815015829906282,0.0,0.0,1.0,0.0,0.0,0.2857142857142857,0.28571428571428575,4.0,4.0,,,,
pure_equal_alpha1,reputation_poison,no_trust,5,107,400,0.26053256123900387,2.029120379306066,7.788356164220942,1.817731510544021,0.3230600528251073,0.0,0.0,1.0,0.0,0.0,0.2857142857142857,0.28571428571428575,4.0,4.0,,,,
pure_equal_alpha1,reputation_poison,no_trust,6,120,400,0.26288411256076827,2.0407321530824447,7.762858444367607,1.8832454659661473,0.35946027165159067,0.0,0.0,1.0,0.0,0.0,0.2857142857142857,0.28571428571428575,4.0,4.0,,,,
pure_equal_alpha1,reputation_poison,no_trust,7,133,400,0.2598473556098642,2.047789975941016,7.880742026928976,1.9063585567058687,0.25319215212913293,0.0,0.0,1.0,0.0,0.0,0.2857142857142857,0.28571428571428575,4.0,4.0,,,,
pure_equal_alpha1,reputation_poison,no_trust,8,146,400,0.2590002218028473,2.0331403126716663,7.849955874629737,1.9568473165129399,0.19038709403956466,0.0,0.0,1.0,0.0,0.0,0.2857142857142857,0.28571428571428575,4.0,4.0,,,,
pure_equal_alpha1,reputation_poison,no_trust,9,159,400,0.25779167443667,2.033454569988545,7.887976112619147,1.9245892973176715,0.32719429988399007,0.0,0.0,1.0,0.0,0.0,0.2857142857142857,0.28571428571428575,4.0,4.0,,,,
pure_equal_alpha1,reputation_poison,no_trust,10,172,400,0.2616757067208358,2.038026971387444,7.7883690348133,1.9265725918354875,0.2560393211804044,0.0,0.0,1.0,0.0,0.0,0.2857142857142857,0.28571428571428575,4.0,4.0,,,,
pure_equal_alpha1,reputation_poison,no_trust,11,185,400,0.25945204608192074,2.0455546059278364,7.8841336455753455,1.8802468939372106,0.2686737470628704,0.0,0.0,1.0,0.0,0.0,0.2857142857142857,0.28571428571428575,4.0,4.0,,,,
pure_equal_alpha1,reputation_poison,no_trust,12,198,400,0.2567841062313141,2.0464658087714405,7.969596867992914,1.9477147101627739,0.3008071269918413,0.0,0.0,1.0,0.0,0.0,0.2857142857142857,0.28571428571428575,4.0,4.0,,,,
pure_equal_alpha1,reputation_poison,no_trust,13,211,400,0.2673747927618712,2.035923158774251,7.614491769190376,1.8975849449535418,0.31647506787608526,0.0,0.0,1.0,0.0,0.0,0.2857142857142857,0.28571428571428575,4.0,4.0,,,,
pure_equal_alpha1,reputation_poison,no_trust,14,224,400,0.26345511733496924,2.0146626071602953,7.647080943198224,1.8991595548356826,0.20719556706385212,0.0,0.0,1.0,0.0,0.0,0.2857142857142857,0.28571428571428575,4.0,4.0,,,,
pure_equal_alpha1,reputation_poison,no_trust,15,237,400,0.2668916869530314,2.020655234331845,7.571068463767654,1.8891546098209628,0.31399871461664186,0.0,0.0,1.0,0.0,0.0,0.2857142857142857,0.28571428571428575,4.0,4.0,,,,
pure_equal_alpha1,reputation_poison,no_trust,16,250,400,0.26115441004308326,2.0480270222308046,7.842207305221983,1.9748339455973614,0.17019786231170486,0.0,0.0,1.0,0.0,0.0,0.2857142857142857,0.28571428571428575,4.0,4.0,,,,
pure_equal_alpha1,reputation_poison,no_trust,17,263,400,0.25608306525900715,2.0594556310932077,8.042139096586634,1.9382205160544517,0.26986754570197324,0.0,0.0,1.0,0.0,0.0,0.2857142857142857,0.28571428571428575,4.0,4.0,,,,
pure_equal_alpha1,reputation_poison,no_trust,18,276,400,0.2567896575792397,2.035345417590762,7.92611913103509,1.8887868403072279,0.23948227089573626,0.0,0.0,1.0,0.0,0.0,0.2857142857142857,0.28571428571428575,4.0,4.0,,,,
pure_equal_alpha1,reputation_poison,no_trust,19,289,400,0.26084945878135,2.0719754006185784,7.943184587380553,1.9336379742311138,0.2687037246027384,0.0,0.0,1.0,0.0,0.0,0.2857142857142857,0.28571428571428575,4.0,4.0,,,,
pure_equal_alpha1,reputation_poison,no_trust,20,302,400,0.2636988758682565,2.0255979367468107,7.681481121515268,1.9020428399560652,0.2302186949187448,0.0,0.0,1.0,0.0,0.0,0.2857142857142857,0.28571428571428575,4.0,4.0,,,,
pure_equal_alpha1,reputation_poison,no_trust,21,315,400,0.26724961773955314,2.053380720903757,7.6833813206979755,1.8733155803282069,0.2943895833983714,0.0,0.0,1.0,0.0,0.0,0.2857142857142857,0.28571428571428575,4.0,4.0,,,,
pure_equal_alpha1,reputation_poison,no_trust,22,328,400,0.2574603123384375,2.065719195442971,8.02344709629473,1.9634985136777783,0.3246690565217307,0.0,0.0,1.0,0.0,0.0,0.2857142857142857,0.28571428571428575,4.0,4.0,,,,
pure_equal_alpha1,reputation_poison,no_trust,23,341,400,0.26275125547109823,2.0514873431225094,7.807716615642074,1.9712313522282516,0.19233301894262778,0.0,0.0,1.0,0.0,0.0,0.2857142857142857,0.28571428571428575,4.0,4.0,,,,
pure_equal_alpha1,reputation_poison,no_trust,24,354,400,0.2608597905686232,2.0375845529803565,7.811033461841021,1.9036179590468583,0.2910427036212424,0.0,0.0,1.0,0.0,0.0,0.2857142857142857,0.28571428571428575,4.0,4.0,,,,
pure_equal_alpha1,reputation_poison,oracle,0,42,400,0.36332222861799945,2.9023855858274743,7.988461363532675,2.720197576157941,0.43262682560866805,1.0,0.0,0.0,0.0,0.0,0.0,0.0,0.0,0.0,,,,
pure_equal_alpha1,reputation_poison,oracle,1,55,400,0.35934089218133947,2.8788643968895653,8.011513466819027,2.7202400496904913,0.3067925024877858,1.0,0.0,0.0,0.0,0.0,0.0,0.0,0.0,0.0,,,,
pure_equal_alpha1,reputation_poison,oracle,2,68,400,0.3686446233717201,2.862705074293536,7.76548711903211,2.656036165486488,0.5124364094326745,1.0,0.0,0.0,0.0,0.0,0.0,0.0,0.0,0.0,,,,
pure_equal_alpha1,reputation_poison,oracle,3,81,400,0.36935983218182933,2.8579261788281953,7.737512121841362,2.7120030403943587,0.2958278076624299,1.0,0.0,0.0,0.0,0.0,0.0,0.0,0.0,0.0,,,,
pure_equal_alpha1,reputation_poison,oracle,4,94,400,0.36098053404336505,2.837762414452542,7.8612616106098345,2.7056990746503637,0.39410221618688146,1.0,0.0,0.0,0.0,0.0,0.0,0.0,0.0,0.0,,,,
pure_equal_alpha1,reputation_poison,oracle,5,107,400,0.3647455857346055,2.840768531028493,7.788356164220942,2.544824114761629,0.4522840739551479,1.0,0.0,0.0,0.0,0.0,0.0,0.0,0.0,0.0,,,,
pure_equal_alpha1,reputation_poison,oracle,6,120,400,0.3680377575850758,2.857025014315424,7.762858444367607,2.6365436523526076,0.5032443803122213,1.0,0.0,0.0,0.0,0.0,0.0,0.0,0.0,0.0,,,,
pure_equal_alpha1,reputation_poison,oracle,7,133,400,0.36378629785380995,2.8669059663174226,7.880742026928976,2.668901979388215,0.3544690129807857,1.0,0.0,0.0,0.0,0.0,0.0,0.0,0.0,0.0,,,,
pure_equal_alpha1,reputation_poison,oracle,8,146,400,0.3626003105239863,2.846396437740333,7.849955874629737,2.7395862431181173,0.2665419316553881,1.0,0.0,0.0,0.0,0.0,0.0,0.0,0.0,0.0,,,,
pure_equal_alpha1,reputation_poison,oracle,9,159,400,0.360908344211338,2.846836397983963,7.887976112619147,2.6944250162447405,0.45807201983758583,1.0,0.0,0.0,0.0,0.0,0.0,0.0,0.0,0.0,,,,
pure_equal_alpha1,reputation_poison,oracle,10,172,400,0.3663459894091702,2.8532377599424223,7.7883690348133,2.697201628569683,0.3584550496525676,1.0,0.0,0.0,0.0,0.0,0.0,0.0,0.0,0.0,,,,
pure_equal_alpha1,reputation_poison,oracle,11,185,400,0.36323286451468906,2.863776448298971,7.8841336455753455,2.632345651512095,0.37614324588801695,1.0,0.0,0.0,0.0,0.0,0.0,0.0,0.0,0.0,,,,
pure_equal_alpha1,reputation_poison,oracle,12,198,400,0.35949774872383966,2.865052132280016,7.969596867992914,2.7268005942278823,0.42112997778857864,1.0,0.0,0.0,0.0,0.0,0.0,0.0,0.0,0.0,,,,
pure_equal_alpha1,reputation_poison,oracle,13,211,400,0.3743247098666198,2.8502924222839523,7.614491769190376,2.656618922934963,0.4430650950265118,1.0,0.0,0.0,0.0,0.0,0.0,0.0,0.0,0.0,,,,
pure_equal_alpha1,reputation_poison,oracle,14,224,400,0.36883716426895685,2.8205276500244127,7.647080943198224,2.6588233767699547,0.2900737938893925,1.0,0.0,0.0,0.0,0.0,0.0,0.0,0.0,0.0,,,,
pure_equal_alpha1,reputation_poison,oracle,15,237,400,0.373648361734244,2.828917328064583,7.571068463767654,2.6448164537493475,0.43959820046329945,1.0,0.0,0.0,0.0,0.0,0.0,0.0,0.0,0.0,,,,
pure_equal_alpha1,reputation_poison,oracle,16,250,400,0.3656161740603165,2.867237831123126,7.842207305221983,2.7647675238363054,0.23827700723638667,1.0,0.0,0.0,0.0,0.0,0.0,0.0,0.0,0.0,,,,
pure_equal_alpha1,reputation_poison,oracle,17,263,400,0.35851629136261004,2.8832378835304913,8.042139096586634,2.7135087224762335,0.37781456398276614,1.0,0.0,0.0,0.0,0.0,0.0,0.0,0.0,0.0,,,,
pure_equal_alpha1,reputation_poison,oracle,18,276,400,0.3595055206109355,2.8494835846270656,7.92611913103509,2.6443015764301183,0.3352751792540296,1.0,0.0,0.0,0.0,0.0,0.0,0.0,0.0,0.0,,,,
pure_equal_alpha1,reputation_poison,oracle,19,289,400,0.36518924229388994,2.900765560866009,7.943184587380553,2.7070931639235623,0.3761852144438316,1.0,0.0,0.0,0.0,0.0,0.0,0.0,0.0,0.0,,,,
pure_equal_alpha1,reputation_poison,oracle,20,302,400,0.3691784262155591,2.8358371114455343,7.681481121515268,2.6628599759384914,0.3223061728862402,1.0,0.0,0.0,0.0,0.0,0.0,0.0,0.0,0.0,,,,
pure_equal_alpha1,reputation_poison,oracle,21,315,400,0.3741494648353744,2.87473300926526,7.6833813206979755,2.6226418124594892,0.41214541675772143,1.0,0.0,0.0,0.0,0.0,0.0,0.0,0.0,0.0,,,,
pure_equal_alpha1,reputation_poison,oracle,22,328,400,0.36044443727381253,2.8920068736201587,8.02344709629473,2.7488979191488863,0.4545366791304244,1.0,0.0,0.0,0.0,0.0,0.0,0.0,0.0,0.0,,,,
pure_equal_alpha1,reputation_poison,oracle,23,341,400,0.3678517576595376,2.8720822803715134,7.807716615642074,2.7597238931195545,0.26926622651967635,1.0,0.0,0.0,0.0,0.0,0.0,0.0,0.0,0.0,,,,
pure_equal_alpha1,reputation_poison,oracle,24,354,400,0.3652037067960725,2.8526183741724993,7.811033461841021,2.665065142665603,0.4074597850697357,1.0,0.0,0.0,0.0,0.0,0.0,0.0,0.0,0.0,,,,
pure_equal_alpha1,reputation_poison,sparse_online,0,42,400,0.36255118852180485,2.896226161809289,7.988461363532675,2.718235958371566,0.430902039867302,1.0,0.0,0.0,0.0,0.0,0.001928571428571429,0.0,0.025,0.0,,,,
pure_equal_alpha1,reputation_poison,sparse_online,1,55,400,0.3584028224819484,2.8713490388600786,8.011513466819027,2.7157995487743856,0.31143412801502857,1.0,0.0,0.0,0.0,0.0,0.0016964285714285716,0.0,0.02,0.0,,,,
pure_equal_alpha1,reputation_poison,sparse_online,2,68,400,0.36737287702138555,2.8528293443913366,7.76548711903211,2.638357162692192,0.5294906471036827,1.0,0.0,0.0,0.0,0.0,0.0022733516483516487,0.0,0.0225,0.0,,,,
pure_equal_alpha1,reputation_poison,sparse_online,3,81,400,0.36874810644490236,2.8531929435234806,7.737512121841362,2.71092415271713,0.2859903410058342,1.0,0.0,0.0,0.0,0.0,0.0022890720390720395,0.0,0.0275,0.0,,,,
pure_equal_alpha1,reputation_poison,sparse_online,4,94,400,0.36038995284175324,2.8331197011243634,7.8612616106098345,2.7008945911984177,0.38408497285045806,1.0,0.0,0.0,0.0,0.0,0.001846764346764347,0.0,0.0225,0.0,,,,
pure_equal_alpha1,reputation_poison,sparse_online,5,107,400,0.3644194625905507,2.8382285678291983,7.788356164220942,2.540666887206109,0.45633827187126075,1.0,0.0,0.0,0.0,0.0,0.0016875000000000002,0.0,0.0175,0.0,,,,
pure_equal_alpha1,reputation_poison,sparse_online,6,120,400,0.36703785265823435,2.8492628939105282,7.762858444367607,2.6340402596093844,0.49895746387775786,1.0,0.0,0.0,0.0,0.0,0.0020738636363636363,0.0,0.02,0.0,,,,
pure_equal_alpha1,reputation_poison,sparse_online,7,133,400,0.3629185579268252,2.8600675318063895,7.880742026928976,2.6674152526636177,0.35625277828064483,1.0,0.0,0.0,0.0,0.0,0.0017698412698412696,0.0,0.02,0.0,,,,
pure_equal_alpha1,reputation_poison,sparse_online,8,146,400,0.36198629135414556,2.8415764143509064,7.849955874629737,2.7333742655602533,0.26337574305282896,1.0,0.0,0.0,0.0,0.0,0.002060439560439561,0.0,0.0275,0.0,,,,
pure_equal_alpha1,reputation_poison,sparse_online,9,159,400,0.36032720123144013,2.8422523560405124,7.887976112619147,2.692498318848371,0.4490145470525615,1.0,0.0,0.0,0.0,0.0,0.0009415584415584416,0.0,0.0125,0.0,,,,
pure_equal_alpha1,reputation_poison,sparse_online,10,172,400,0.36550220476216344,2.846666053725624,7.7883690348133,2.6914832519461847,0.3612633200169637,1.0,0.0,0.0,0.0,0.0,0.001928571428571429,0.0,0.025,0.0,,,,
pure_equal_alpha1,reputation_poison,sparse_online,11,185,400,0.3621325821399049,2.8551016750083016,7.8841336455753455,2.629000313930346,0.35071116691214277,1.0,0.0,0.0,0.0,0.0,0.001796016483516484,0.0,0.0225,0.0,,,,
pure_equal_alpha1,reputation_poison,sparse_online,12,198,400,0.3587926928522391,2.8594331212139483,7.969596867992914,2.7222774687246267,0.41965373245791504,1.0,0.0,0.0,0.0,0.0,0.0018452380952380953,0.0,0.025,0.0,,,,
pure_equal_alpha1,reputation_poison,sparse_online,13,211,400,0.3734706632195082,2.8437892911190166,7.614491769190376,2.6559217029938003,0.44684999873301967,1.0,0.0,0.0,0.0,0.0,0.001991071428571429,0.0,0.025,0.0,,,,
pure_equal_alpha1,reputation_poison,sparse_online,14,224,400,0.36825457340684975,2.8160725305451124,7.647080943198224,2.6549099691128872,0.28921217845815317,1.0,0.0,0.0,0.0,0.0,0.0018392857142857143,0.0,0.0225,0.0,,,,
pure_equal_alpha1,reputation_poison,sparse_online,15,237,400,0.37286793009312563,2.823008626678386,7.571068463767654,2.635469766193192,0.4221884182016895,1.0,0.0,0.0,0.0,0.0,0.0019017857142857144,0.0,0.0225,0.0,,,,
pure_equal_alpha1,reputation_poison,sparse_online,16,250,400,0.3649322601634967,2.8618744365653432,7.842207305221983,2.757899111300044,0.24228643299927954,1.0,0.0,0.0,0.0,0.0,0.0018506493506493507,0.0,0.0225,0.0,,,,
pure_equal_alpha1,reputation_poison,sparse_online,17,263,400,0.3576571805686211,2.8763287950258536,8.042139096586634,2.707124264874425,0.3715479730470852,1.0,0.0,0.0,0.0,0.0,0.0022619047619047623,0.0,0.03,0.0,,,,
pure_equal_alpha1,reputation_poison,sparse_online,18,276,400,0.3589921687603942,2.8454146967035383,7.92611913103509,2.627580106188722,0.3518813512041734,1.0,0.0,0.0,0.0,0.0,0.0022767857142857147,0.0,0.02,0.0,,,,
pure_equal_alpha1,reputation_poison,sparse_online,19,289,400,0.3642868244325217,2.8935974892182115,7.943184587380553,2.6778430921499616,0.40340977238828657,1.0,0.0,0.0,0.0,0.0,0.002153846153846154,0.0,0.025,0.0,,,,
pure_equal_alpha1,reputation_poison,sparse_online,20,302,400,0.36845327992632265,2.8302669139144276,7.681481121515268,2.661196383744932,0.320542731424279,1.0,0.0,0.0,0.0,0.0,0.002076048951048951,0.0,0.025,0.0,,,,
pure_equal_alpha1,reputation_poison,sparse_online,21,315,400,0.37334345560082255,2.868540132968194,7.6833813206979755,2.609052077103055,0.4225569206096971,1.0,0.0,0.0,0.0,0.0,0.0019835164835164836,0.0,0.025,0.0,,,,
pure_equal_alpha1,reputation_poison,sparse_online,22,328,400,0.3597870111888185,2.886732050207485,8.02344709629473,2.7409554598977017,0.4584653071076974,1.0,0.0,0.0,0.0,0.0,0.0022619047619047623,0.0,0.03,0.0,,,,
pure_equal_alpha1,reputation_poison,sparse_online,23,341,400,0.36721230028947904,2.8670895784383124,7.807716615642074,2.7558683165419477,0.26978495501702815,1.0,0.0,0.0,0.0,0.0,0.002053571428571429,0.0,0.0275,0.0,,,,
pure_equal_alpha1,reputation_poison,sparse_online,24,354,400,0.36441809624534965,2.8464819438728277,7.811033461841021,2.65869552021063,0.41148208259726005,1.0,0.0,0.0,0.0,0.0,0.002142857142857143,0.0,0.03,0.0,,,,
pure_equal_alpha1,trust_mimicry,algorithm1,0,42,400,0.259943451689822,2.076548220527466,7.988461363532675,1.9459544255049652,0.3116416360714871,0.0,0.0,1.0,0.0,0.0,0.284512987012987,0.28571428571428575,3.9825,4.0,,,,
pure_equal_alpha1,trust_mimicry,algorithm1,1,55,400,0.256731143866733,2.0568050164401845,8.011513466819027,1.941780742548524,0.23084593951751353,0.0,0.0,1.0,0.0,0.0,0.2847402597402597,0.28571428571428575,3.985,4.0,,,,
pure_equal_alpha1,trust_mimicry,algorithm1,2,68,400,0.26313735677132044,2.0433897545438455,7.76548711903211,1.889492822206889,0.3820272333278192,0.0,0.0,1.0,0.0,0.0,0.28400765900765895,0.28571428571428575,3.9725,4.0,,,,
pure_equal_alpha1,trust_mimicry,algorithm1,3,81,400,0.2644099072946772,2.0458748628275156,7.737512121841362,1.942545345966776,0.20963472794074844,0.0,0.0,1.0,0.0,0.0,0.2843131868131868,0.28571428571428575,3.9775,4.0,,,,
pure_equal_alpha1,trust_mimicry,algorithm1,4,94,400,0.25850775508876156,2.0321970911242104,7.8612616106098345,1.9314899341638867,0.284518116377658,0.0,0.0,1.0,0.0,0.0,0.28421536796536795,0.28571428571428575,3.9775,4.0,,,,
pure_equal_alpha1,trust_mimicry,algorithm1,5,107,400,0.2614178152453051,2.0360150528029433,7.788356164220942,1.822318982649311,0.32720614077220356,0.0,0.0,1.0,0.0,0.0,0.28427603646353644,0.28571428571428575,3.975,4.0,,,,
pure_equal_alpha1,trust_mimicry,algorithm1,6,120,400,0.2639951161484825,2.0493567166650544,7.762858444367607,1.8878318797812634,0.3657418425648722,0.0,0.0,1.0,0.0,0.0,0.2834243256743257,0.28571428571428575,3.965,4.0,,,,
pure_equal_alpha1,trust_mimicry,algorithm1,7,133,400,0.2599999303247539,2.0489923779088937,7.880742026928976,1.910951442726789,0.25891968757422945,0.0,0.0,1.0,0.0,0.0,0.2851462148962149,0.28571428571428575,3.9875,4.0,,,,
pure_equal_alpha1,trust_mimicry,algorithm1,8,146,400,0.2594145387005793,2.0363926820369755,7.849955874629737,1.9629684640851568,0.19097611909203294,0.0,0.0,1.0,0.0,0.0,0.2846547619047619,0.28571428571428575,3.9825,4.0,,,,
pure_equal_alpha1,trust_mimicry,algorithm1,9,159,400,0.258279307786535,2.0373010102039966,7.887976112619147,1.9297501563276738,0.3176668148154387,0.0,0.0,1.0,0.0,0.0,0.28380328005328004,0.28571428571428575,3.97,4.0,,,,
pure_equal_alpha1,trust_mimicry,algorithm1,10,172,400,0.261926522787888,2.0399804194775073,7.7883690348133,1.9309108104450488,0.2567344554277553,0.0,0.0,1.0,0.0,0.0,0.2844047619047619,0.28571428571428575,3.98,4.0,,,,
pure_equal_alpha1,trust_mimicry,algorithm1,11,185,400,0.2593656151583491,2.044873172975287,7.8841336455753455,1.8828888672351303,0.26794677184402627,0.0,0.0,1.0,0.0,0.0,0.28517513736263733,0.28571428571428575,3.99,4.0,,,,
pure_equal_alpha1,trust_mimicry,algorithm1,12,198,400,0.25689636286615336,2.047360448896867,7.969596867992914,1.948455626095853,0.30174541331602267,0.0,0.0,1.0,0.0,0.0,0.28541666666666665,0.28571428571428575,3.995,4.0,,,,
pure_equal_alpha1,trust_mimicry,algorithm1,13,211,400,0.2676586579792953,2.038084648135886,7.614491769190376,1.8988960052846426,0.328602052611207,0.0,0.0,1.0,0.0,0.0,0.28470238095238093,0.28571428571428575,3.985,4.0,,,,
pure_equal_alpha1,trust_mimicry,algorithm1,14,224,400,0.26376431300744146,2.0170270514949773,7.647080943198224,1.900343209035607,0.21453003578277885,0.0,0.0,1.0,0.0,0.0,0.2850650183150183,0.28571428571428575,3.9875,4.0,,,,
pure_equal_alpha1,trust_mimicry,algorithm1,15,237,400,0.2670909453889433,2.022163833592117,7.571068463767654,1.8931954475445798,0.29434868045558216,0.0,0.0,1.0,0.0,0.0,0.28505494505494505,0.28571428571428575,3.99,4.0,,,,
pure_equal_alpha1,trust_mimicry,algorithm1,16,250,400,0.26135365039137437,2.049589506345668,7.842207305221983,1.9734320620902672,0.17441095296106002,0.0,0.0,1.0,0.0,0.0,0.28532738095238097,0.28571428571428575,3.9925,4.0,,,,
pure_equal_alpha1,trust_mimicry,algorithm1,17,263,400,0.25653952898567955,2.063126575875654,8.042139096586634,1.9427327164072155,0.27119283844805264,0.0,0.0,1.0,0.0,0.0,0.2846529304029304,0.28571428571428575,3.98,4.0,,,,
pure_equal_alpha1,trust_mimicry,algorithm1,18,276,400,0.25718891671774496,2.0385099930867088,7.92611913103509,1.8790073272782277,0.2565036878850191,0.0,0.0,1.0,0.0,0.0,0.28491620879120877,0.28571428571428575,3.9775,4.0,,,,
pure_equal_alpha1,trust_mimicry,algorithm1,19,289,400,0.2615025393179119,2.077162939870915,7.943184587380553,1.9509979240785011,0.25610246520350555,0.0,0.0,1.0,0.0,0.0,0.2841300366300366,0.28571428571428575,3.975,4.0,,,,
pure_equal_alpha1,trust_mimicry,algorithm1,20,302,400,0.2641769875316391,2.02927054246306,7.681481121515268,1.904337191897634,0.23872849930262618,0.0,0.0,1.0,0.0,0.0,0.284650974025974,0.28571428571428575,3.9825,4.0,,,,
pure_equal_alpha1,trust_mimicry,algorithm1,21,315,400,0.2676125956933857,2.0561696189340593,7.6833813206979755,1.875148496426487,0.294756137482475,0.0,0.0,1.0,0.0,0.0,0.2845650183150183,0.28571428571428575,3.9825,4.0,,,,
pure_equal_alpha1,trust_mimicry,algorithm1,22,328,400,0.25788635310852187,2.069137511022607,8.02344709629473,1.9697413803820372,0.32349730754200956,0.0,0.0,1.0,0.0,0.0,0.28470054945054946,0.28571428571428575,3.9825,4.0,,,,
pure_equal_alpha1,trust_mimicry,algorithm1,23,341,400,0.26285734991423887,2.0523156984690454,7.807716615642074,1.9732937864534217,0.19114916941609406,0.0,0.0,1.0,0.0,0.0,0.2853171828171828,0.28571428571428575,3.9925,4.0,,,,
pure_equal_alpha1,trust_mimicry,algorithm1,24,354,400,0.2610052746060545,2.038720933664896,7.811033461841021,1.9052164439729415,0.29001648351280607,0.0,0.0,1.0,0.0,0.0,0.28547161172161173,0.28571428571428575,3.995,4.0,,,,
pure_equal_alpha1,trust_mimicry,no_trust,0,42,400,0.2595158775842853,2.0731325613053384,7.988461363532675,1.9429982686842442,0.30901916114904737,0.0,0.0,1.0,0.0,0.0,0.2857142857142857,0.28571428571428575,4.0,4.0,,,,
pure_equal_alpha1,trust_mimicry,no_trust,1,55,400,0.2566720658438138,2.056331712063974,8.011513466819027,1.94302860692178,0.21913750177698832,0.0,0.0,1.0,0.0,0.0,0.2857142857142857,0.28571428571428575,4.0,4.0,,,,
pure_equal_alpha1,trust_mimicry,no_trust,2,68,400,0.26331758812265704,2.044789338781096,7.76548711903211,1.8971686896332054,0.36602600673762575,0.0,0.0,1.0,0.0,0.0,0.2857142857142857,0.28571428571428575,4.0,4.0,,,,
pure_equal_alpha1,trust_mimicry,no_trust,3,81,400,0.2638284515584495,2.0413758420201393,7.737512121841362,1.9371450288531142,0.2113055769017329,0.0,0.0,1.0,0.0,0.0,0.2857142857142857,0.28571428571428575,4.0,4.0,,,,
pure_equal_alpha1,trust_mimicry,no_trust,4,94,400,0.25784323860240355,2.026973153180387,7.8612616106098345,1.93264219617883,0.2815015829906282,0.0,0.0,1.0,0.0,0.0,0.2857142857142857,0.28571428571428575,4.0,4.0,,,,
pure_equal_alpha1,trust_mimicry,no_trust,5,107,400,0.26053256123900387,2.029120379306066,7.788356164220942,1.817731510544021,0.3230600528251073,0.0,0.0,1.0,0.0,0.0,0.2857142857142857,0.28571428571428575,4.0,4.0,,,,
pure_equal_alpha1,trust_mimicry,no_trust,6,120,400,0.26288411256076827,2.0407321530824447,7.762858444367607,1.8832454659661473,0.35946027165159067,0.0,0.0,1.0,0.0,0.0,0.2857142857142857,0.28571428571428575,4.0,4.0,,,,
pure_equal_alpha1,trust_mimicry,no_trust,7,133,400,0.2598473556098642,2.047789975941016,7.880742026928976,1.9063585567058687,0.25319215212913293,0.0,0.0,1.0,0.0,0.0,0.2857142857142857,0.28571428571428575,4.0,4.0,,,,
pure_equal_alpha1,trust_mimicry,no_trust,8,146,400,0.2590002218028473,2.0331403126716663,7.849955874629737,1.9568473165129399,0.19038709403956466,0.0,0.0,1.0,0.0,0.0,0.2857142857142857,0.28571428571428575,4.0,4.0,,,,
pure_equal_alpha1,trust_mimicry,no_trust,9,159,400,0.25779167443667,2.033454569988545,7.887976112619147,1.9245892973176715,0.32719429988399007,0.0,0.0,1.0,0.0,0.0,0.2857142857142857,0.28571428571428575,4.0,4.0,,,,
pure_equal_alpha1,trust_mimicry,no_trust,10,172,400,0.2616757067208358,2.038026971387444,7.7883690348133,1.9265725918354875,0.2560393211804044,0.0,0.0,1.0,0.0,0.0,0.2857142857142857,0.28571428571428575,4.0,4.0,,,,
pure_equal_alpha1,trust_mimicry,no_trust,11,185,400,0.25945204608192074,2.0455546059278364,7.8841336455753455,1.8802468939372106,0.2686737470628704,0.0,0.0,1.0,0.0,0.0,0.2857142857142857,0.28571428571428575,4.0,4.0,,,,
pure_equal_alpha1,trust_mimicry,no_trust,12,198,400,0.2567841062313141,2.0464658087714405,7.969596867992914,1.9477147101627739,0.3008071269918413,0.0,0.0,1.0,0.0,0.0,0.2857142857142857,0.28571428571428575,4.0,4.0,,,,
pure_equal_alpha1,trust_mimicry,no_trust,13,211,400,0.2673747927618712,2.035923158774251,7.614491769190376,1.8975849449535418,0.31647506787608526,0.0,0.0,1.0,0.0,0.0,0.2857142857142857,0.28571428571428575,4.0,4.0,,,,
pure_equal_alpha1,trust_mimicry,no_trust,14,224,400,0.26345511733496924,2.0146626071602953,7.647080943198224,1.8991595548356826,0.20719556706385212,0.0,0.0,1.0,0.0,0.0,0.2857142857142857,0.28571428571428575,4.0,4.0,,,,
pure_equal_alpha1,trust_mimicry,no_trust,15,237,400,0.2668916869530314,2.020655234331845,7.571068463767654,1.8891546098209628,0.31399871461664186,0.0,0.0,1.0,0.0,0.0,0.2857142857142857,0.28571428571428575,4.0,4.0,,,,
pure_equal_alpha1,trust_mimicry,no_trust,16,250,400,0.26115441004308326,2.0480270222308046,7.842207305221983,1.9748339455973614,0.17019786231170486,0.0,0.0,1.0,0.0,0.0,0.2857142857142857,0.28571428571428575,4.0,4.0,,,,
pure_equal_alpha1,trust_mimicry,no_trust,17,263,400,0.25608306525900715,2.0594556310932077,8.042139096586634,1.9382205160544517,0.26986754570197324,0.0,0.0,1.0,0.0,0.0,0.2857142857142857,0.28571428571428575,4.0,4.0,,,,
pure_equal_alpha1,trust_mimicry,no_trust,18,276,400,0.2567896575792397,2.035345417590762,7.92611913103509,1.8887868403072279,0.23948227089573626,0.0,0.0,1.0,0.0,0.0,0.2857142857142857,0.28571428571428575,4.0,4.0,,,,
pure_equal_alpha1,trust_mimicry,no_trust,19,289,400,0.26084945878135,2.0719754006185784,7.943184587380553,1.9336379742311138,0.2687037246027384,0.0,0.0,1.0,0.0,0.0,0.2857142857142857,0.28571428571428575,4.0,4.0,,,,
pure_equal_alpha1,trust_mimicry,no_trust,20,302,400,0.2636988758682565,2.0255979367468107,7.681481121515268,1.9020428399560652,0.2302186949187448,0.0,0.0,1.0,0.0,0.0,0.2857142857142857,0.28571428571428575,4.0,4.0,,,,
pure_equal_alpha1,trust_mimicry,no_trust,21,315,400,0.26724961773955314,2.053380720903757,7.6833813206979755,1.8733155803282069,0.2943895833983714,0.0,0.0,1.0,0.0,0.0,0.2857142857142857,0.28571428571428575,4.0,4.0,,,,
pure_equal_alpha1,trust_mimicry,no_trust,22,328,400,0.2574603123384375,2.065719195442971,8.02344709629473,1.9634985136777783,0.3246690565217307,0.0,0.0,1.0,0.0,0.0,0.2857142857142857,0.28571428571428575,4.0,4.0,,,,
pure_equal_alpha1,trust_mimicry,no_trust,23,341,400,0.26275125547109823,2.0514873431225094,7.807716615642074,1.9712313522282516,0.19233301894262778,0.0,0.0,1.0,0.0,0.0,0.2857142857142857,0.28571428571428575,4.0,4.0,,,,
pure_equal_alpha1,trust_mimicry,no_trust,24,354,400,0.2608597905686232,2.0375845529803565,7.811033461841021,1.9036179590468583,0.2910427036212424,0.0,0.0,1.0,0.0,0.0,0.2857142857142857,0.28571428571428575,4.0,4.0,,,,
pure_equal_alpha1,trust_mimicry,oracle,0,42,400,0.36332222861799945,2.9023855858274743,7.988461363532675,2.720197576157941,0.43262682560866805,1.0,0.0,0.0,0.0,0.0,0.0,0.0,0.0,0.0,,,,
pure_equal_alpha1,trust_mimicry,oracle,1,55,400,0.35934089218133947,2.8788643968895653,8.011513466819027,2.7202400496904913,0.3067925024877858,1.0,0.0,0.0,0.0,0.0,0.0,0.0,0.0,0.0,,,,
pure_equal_alpha1,trust_mimicry,oracle,2,68,400,0.3686446233717201,2.862705074293536,7.76548711903211,2.656036165486488,0.5124364094326745,1.0,0.0,0.0,0.0,0.0,0.0,0.0,0.0,0.0,,,,
pure_equal_alpha1,trust_mimicry,oracle,3,81,400,0.36935983218182933,2.8579261788281953,7.737512121841362,2.7120030403943587,0.2958278076624299,1.0,0.0,0.0,0.0,0.0,0.0,0.0,0.0,0.0,,,,
pure_equal_alpha1,trust_mimicry,oracle,4,94,400,0.36098053404336505,2.837762414452542,7.8612616106098345,2.7056990746503637,0.39410221618688146,1.0,0.0,0.0,0.0,0.0,0.0,0.0,0.0,0.0,,,,
pure_equal_alpha1,trust_mimicry,oracle,5,107,400,0.3647455857346055,2.840768531028493,7.788356164220942,2.544824114761629,0.4522840739551479,1.0,0.0,0.0,0.0,0.0,0.0,0.0,0.0,0.0,,,,
pure_equal_alpha1,trust_mimicry,oracle,6,120,400,0.3680377575850758,2.857025014315424,7.762858444367607,2.6365436523526076,0.5032443803122213,1.0,0.0,0.0,0.0,0.0,0.0,0.0,0.0,0.0,,,,
pure_equal_alpha1,trust_mimicry,oracle,7,133,400,0.36378629785380995,2.8669059663174226,7.880742026928976,2.668901979388215,0.3544690129807857,1.0,0.0,0.0,0.0,0.0,0.0,0.0,0.0,0.0,,,,
pure_equal_alpha1,trust_mimicry,oracle,8,146,400,0.3626003105239863,2.846396437740333,7.849955874629737,2.7395862431181173,0.2665419316553881,1.0,0.0,0.0,0.0,0.0,0.0,0.0,0.0,0.0,,,,
pure_equal_alpha1,trust_mimicry,oracle,9,159,400,0.360908344211338,2.846836397983963,7.887976112619147,2.6944250162447405,0.45807201983758583,1.0,0.0,0.0,0.0,0.0,0.0,0.0,0.0,0.0,,,,
pure_equal_alpha1,trust_mimicry,oracle,10,172,400,0.3663459894091702,2.8532377599424223,7.7883690348133,2.697201628569683,0.3584550496525676,1.0,0.0,0.0,0.0,0.0,0.0,0.0,0.0,0.0,,,,
pure_equal_alpha1,trust_mimicry,oracle,11,185,400,0.36323286451468906,2.863776448298971,7.8841336455753455,2.632345651512095,0.37614324588801695,1.0,0.0,0.0,0.0,0.0,0.0,0.0,0.0,0.0,,,,
pure_equal_alpha1,trust_mimicry,oracle,12,198,400,0.35949774872383966,2.865052132280016,7.969596867992914,2.7268005942278823,0.42112997778857864,1.0,0.0,0.0,0.0,0.0,0.0,0.0,0.0,0.0,,,,
pure_equal_alpha1,trust_mimicry,oracle,13,211,400,0.3743247098666198,2.8502924222839523,7.614491769190376,2.656618922934963,0.4430650950265118,1.0,0.0,0.0,0.0,0.0,0.0,0.0,0.0,0.0,,,,
pure_equal_alpha1,trust_mimicry,oracle,14,224,400,0.36883716426895685,2.8205276500244127,7.647080943198224,2.6588233767699547,0.2900737938893925,1.0,0.0,0.0,0.0,0.0,0.0,0.0,0.0,0.0,,,,
pure_equal_alpha1,trust_mimicry,oracle,15,237,400,0.373648361734244,2.828917328064583,7.571068463767654,2.6448164537493475,0.43959820046329945,1.0,0.0,0.0,0.0,0.0,0.0,0.0,0.0,0.0,,,,
pure_equal_alpha1,trust_mimicry,oracle,16,250,400,0.3656161740603165,2.867237831123126,7.842207305221983,2.7647675238363054,0.23827700723638667,1.0,0.0,0.0,0.0,0.0,0.0,0.0,0.0,0.0,,,,
pure_equal_alpha1,trust_mimicry,oracle,17,263,400,0.35851629136261004,2.8832378835304913,8.042139096586634,2.7135087224762335,0.37781456398276614,1.0,0.0,0.0,0.0,0.0,0.0,0.0,0.0,0.0,,,,
pure_equal_alpha1,trust_mimicry,oracle,18,276,400,0.3595055206109355,2.8494835846270656,7.92611913103509,2.6443015764301183,0.3352751792540296,1.0,0.0,0.0,0.0,0.0,0.0,0.0,0.0,0.0,,,,
pure_equal_alpha1,trust_mimicry,oracle,19,289,400,0.36518924229388994,2.900765560866009,7.943184587380553,2.7070931639235623,0.3761852144438316,1.0,0.0,0.0,0.0,0.0,0.0,0.0,0.0,0.0,,,,
pure_equal_alpha1,trust_mimicry,oracle,20,302,400,0.3691784262155591,2.8358371114455343,7.681481121515268,2.6628599759384914,0.3223061728862402,1.0,0.0,0.0,0.0,0.0,0.0,0.0,0.0,0.0,,,,
pure_equal_alpha1,trust_mimicry,oracle,21,315,400,0.3741494648353744,2.87473300926526,7.6833813206979755,2.6226418124594892,0.41214541675772143,1.0,0.0,0.0,0.0,0.0,0.0,0.0,0.0,0.0,,,,
pure_equal_alpha1,trust_mimicry,oracle,22,328,400,0.36044443727381253,2.8920068736201587,8.02344709629473,2.7488979191488863,0.4545366791304244,1.0,0.0,0.0,0.0,0.0,0.0,0.0,0.0,0.0,,,,
pure_equal_alpha1,trust_mimicry,oracle,23,341,400,0.3678517576595376,2.8720822803715134,7.807716615642074,2.7597238931195545,0.26926622651967635,1.0,0.0,0.0,0.0,0.0,0.0,0.0,0.0,0.0,,,,
pure_equal_alpha1,trust_mimicry,oracle,24,354,400,0.3652037067960725,2.8526183741724993,7.811033461841021,2.665065142665603,0.4074597850697357,1.0,0.0,0.0,0.0,0.0,0.0,0.0,0.0,0.0,,,,
pure_equal_alpha1,trust_mimicry,sparse_online,0,42,400,0.3629162522884481,2.8991424596043442,7.988461363532675,2.7200097461858053,0.4323536202497329,1.0,0.0,0.0,0.0,0.0,0.0009415584415584416,0.0,0.0125,0.0,,,,
pure_equal_alpha1,trust_mimicry,sparse_online,1,55,400,0.35846769643755894,2.8718687774290985,8.011513466819027,2.716117233615951,0.31226322649596705,1.0,0.0,0.0,0.0,0.0,0.0014188311688311688,0.0,0.0175,0.0,,,,
pure_equal_alpha1,trust_mimicry,sparse_online,2,68,400,0.36760117497588823,2.8546021892163287,7.76548711903211,2.6393855661775234,0.5319087632149517,1.0,0.0,0.0,0.0,0.0,0.0008712121212121213,0.0,0.01,0.0,,,,
pure_equal_alpha1,trust_mimicry,sparse_online,3,81,400,0.36906099335127496,2.8556139097543043,7.737512121841362,2.7109758452438886,0.29409134976642193,1.0,0.0,0.0,0.0,0.0,0.0011538461538461542,0.0,0.015,0.0,,,,
pure_equal_alpha1,trust_mimicry,sparse_online,4,94,400,0.36086235326074173,2.8368333644029935,7.8612616106098345,2.7017618545342597,0.38784080655862674,1.0,0.0,0.0,0.0,0.0,0.000643939393939394,0.0,0.0075,0.0,,,,
pure_equal_alpha1,trust_mimicry,sparse_online,5,107,400,0.3646898216726154,2.84033422065255,7.788356164220942,2.5434093862511324,0.45659223261421067,1.0,0.0,0.0,0.0,0.0,0.0005397727272727273,0.0,0.005,0.0,,,,
pure_equal_alpha1,trust_mimicry,sparse_online,6,120,400,0.36798883334912835,2.8566452223972654,7.762858444367607,2.6365849161485477,0.4969203058253906,1.0,0.0,0.0,0.0,0.0,0.0004772727272727273,0.0,0.005,0.0,,,,
pure_equal_alpha1,trust_mimicry,sparse_online,7,133,400,0.36312022653383647,2.8616568300731755,7.880742026928976,2.6674152526636177,0.35625277828064483,1.0,0.0,0.0,0.0,0.0,0.00151984126984127,0.0,0.0175,0.0,,,,
pure_equal_alpha1,trust_mimicry,sparse_online,8,146,400,0.36231606607405903,2.844165131350796,7.849955874629737,2.7381755195231725,0.26393968678216106,1.0,0.0,0.0,0.0,0.0,0.0010833333333333333,0.0,0.0125,0.0,,,,
pure_equal_alpha1,trust_mimicry,sparse_online,9,159,400,0.36042792830416337,2.843046888784047,7.887976112619147,2.693785475687559,0.44844690618655125,1.0,0.0,0.0,0.0,0.0,0.000643939393939394,0.0,0.0075,0.0,,,,
pure_equal_alpha1,trust_mimicry,sparse_online,10,172,400,0.36584550324387277,2.8493397889902674,7.7883690348133,2.6947785043247574,0.36096365591808377,1.0,0.0,0.0,0.0,0.0,0.0008333333333333333,0.0,0.01,0.0,,,,
pure_equal_alpha1,trust_mimicry,sparse_online,11,185,400,0.36237744621092777,2.8570322160692454,7.8841336455753455,2.629398284129942,0.36926360304620864,1.0,0.0,0.0,0.0,0.0,0.0016037087912087915,0.0,0.02,0.0,,,,
pure_equal_alpha1,trust_mimicry,sparse_online,12,198,400,0.3587926928522391,2.8594331212139483,7.969596867992914,2.7222774687246267,0.41965373245791504,1.0,0.0,0.0,0.0,0.0,0.0018452380952380953,0.0,0.025,0.0,,,,
pure_equal_alpha1,trust_mimicry,sparse_online,13,211,400,0.37381713596145394,2.8464275049608108,7.614491769190376,2.6564226974122302,0.44994179832866,1.0,0.0,0.0,0.0,0.0,0.0011309523809523811,0.0,0.015,0.0,,,,
pure_equal_alpha1,trust_mimicry,sparse_online,14,224,400,0.3683436771015759,2.8167539137110214,7.647080943198224,2.6578810793929186,0.2869086155319951,1.0,0.0,0.0,0.0,0.0,0.0014935897435897438,0.0,0.0175,0.0,,,,
pure_equal_alpha1,trust_mimicry,sparse_online,15,237,400,0.3729222460825713,2.823419856753156,7.571068463767654,2.6328291529754,0.42453214154152175,1.0,0.0,0.0,0.0,0.0,0.0014835164835164838,0.0,0.02,0.0,,,,
pure_equal_alpha1,trust_mimicry,sparse_online,16,250,400,0.36499121396526163,2.8623367645002147,7.842207305221983,2.757112778127842,0.2412838161718618,1.0,0.0,0.0,0.0,0.0,0.0017559523809523808,0.0,0.0225,0.0,,,,
pure_equal_alpha1,trust_mimicry,sparse_online,17,263,400,0.3579802081335054,2.8789266276346845,8.042139096586634,2.709805714947529,0.37332863009252826,1.0,0.0,0.0,0.0,0.0,0.0014935897435897438,0.0,0.0175,0.0,,,,
pure_equal_alpha1,trust_mimicry,sparse_online,18,276,400,0.35898565873880794,2.8453630974968998,7.92611913103509,2.6278593681818863,0.3535337738624498,1.0,0.0,0.0,0.0,0.0,0.001701923076923077,0.0,0.015,0.0,,,,
pure_equal_alpha1,trust_mimicry,sparse_online,19,289,400,0.3646359372519815,2.8963705567850018,7.943184587380553,2.6860979841695802,0.39674201134203946,1.0,0.0,0.0,0.0,0.0,0.0013333333333333333,0.0,0.015,0.0,,,,
pure_equal_alpha1,trust_mimicry,sparse_online,20,302,400,0.36878479984794427,2.8328134779337706,7.681481121515268,2.6622824114022463,0.3249143096276845,1.0,0.0,0.0,0.0,0.0,0.0010795454545454546,0.0,0.0125,0.0,,,,
pure_equal_alpha1,trust_mimicry,sparse_online,21,315,400,0.37374902391246656,2.8716562689581466,7.6833813206979755,2.6192688469475267,0.41377887173708405,1.0,0.0,0.0,0.0,0.0,0.0009935897435897436,0.0,0.0125,0.0,,,,
pure_equal_alpha1,trust_mimicry,sparse_online,22,328,400,0.36004198765934137,2.8887778404295252,8.02344709629473,2.7443816084856136,0.4576753912667404,1.0,0.0,0.0,0.0,0.0,0.0014038461538461542,0.0,0.0175,0.0,,,,
pure_equal_alpha1,trust_mimicry,sparse_online,23,341,400,0.36730368032135724,2.8678030478315457,7.807716615642074,2.756796689145951,0.2693561986005908,1.0,0.0,0.0,0.0,0.0,0.0017457542457542461,0.0,0.0225,0.0,,,,
pure_equal_alpha1,trust_mimicry,sparse_online,24,354,400,0.3645205783790563,2.8472824352484514,7.811033461841021,2.660268508164492,0.41002283842844545,1.0,0.0,0.0,0.0,0.0,0.0018452380952380953,0.0,0.025,0.0,,,,
pure_greedy_alpha0,burst,algorithm1,0,42,400,0.8400862068519295,6.710996205473357,7.988461363532675,5.770866167506744,1.7358026554751822,1.0,0.0,0.0,1.0,0.0,0.14923049199260296,0.0,1.285,0.0,,,,
pure_greedy_alpha0,burst,algorithm1,1,55,400,0.8743178638128558,7.004609340217138,8.011513466819027,6.430257631573148,1.2712395122578988,1.0,0.0,0.0,1.0,0.0,0.11129707910035944,0.0,0.935,0.0,,,,
pure_greedy_alpha0,burst,algorithm1,2,68,400,0.8921956878573424,6.928334121712185,7.76548711903211,5.987249261277974,2.1316584366021676,1.0,0.0,0.0,1.0,0.0,0.09307635139627848,0.0,0.7325,0.0,,,,
pure_greedy_alpha0,burst,algorithm1,3,81,400,0.9046907439408168,7.00005559775975,7.737512121841362,6.313397502925967,1.310056477974122,1.0,0.0,0.0,1.0,0.0,0.08426791660786453,0.0,0.635,0.0,,,,
pure_greedy_alpha0,burst,algorithm1,4,94,400,0.9178475906398371,7.215440028687682,7.8612616106098345,6.208515621299175,1.926103894168505,1.0,0.0,0.0,1.0,0.0,0.06829189742530929,0.0,0.33,0.0,,,,
pure_greedy_alpha0,burst,algorithm1,5,107,400,0.8532263811352925,6.645230944990982,7.788356164220942,6.105939722160776,1.3569619059478297,1.0,0.0,0.0,1.0,0.0,0.1377151038982899,0.0,1.12,0.0,,,,
pure_greedy_alpha0,burst,algorithm1,6,120,400,0.8504876164419838,6.602214975126732,7.762858444367607,6.086071897225794,1.3590254797611818,1.0,0.0,0.0,1.0,0.0,0.1413514941975787,0.0,1.1875,0.0,,,,
pure_greedy_alpha0,burst,algorithm1,7,133,400,0.8585315307277783,6.765865515650068,7.880742026928976,5.864815479752194,1.901352503684568,1.0,0.0,0.0,1.0,0.0,0.1423666316592288,0.0,1.125,0.0,,,,
pure_greedy_alpha0,burst,algorithm1,8,146,400,0.8560740877088509,6.720143813928386,7.849955874629737,5.833488106972648,1.3643519884332411,1.0,0.0,0.0,1.0,0.0,0.14352396641730486,0.0,0.8975,0.0,,,,
pure_greedy_alpha0,burst,algorithm1,9,159,400,0.9111942109799448,7.1874781701666555,7.887976112619147,6.241040236978468,2.6272171956597914,1.0,0.0,0.0,1.0,0.0,0.06432339410336409,0.0,0.58,0.0,,,,
pure_greedy_alpha0,burst,algorithm1,10,172,400,0.8856536120691838,6.897797167810182,7.7883690348133,5.8181317290595285,2.11057236230359,1.0,0.0,0.0,1.0,0.0,0.11398999435720693,0.0,1.0475,0.0,,,,
pure_greedy_alpha0,burst,algorithm1,11,185,400,0.926588469172257,7.305347325403146,7.8841336455753455,6.466527772596454,1.8293522390582897,1.0,0.0,0.0,1.0,0.0,0.06527914900518213,0.0,0.5125,0.0,,,,
pure_greedy_alpha0,burst,algorithm1,12,198,400,0.8776545486407651,6.994552942027176,7.969596867992914,6.085761149104567,1.8741208729050438,1.0,0.0,0.0,1.0,0.0,0.11107348939149088,0.0,1.085,0.0,,,,
pure_greedy_alpha0,burst,algorithm1,13,211,400,0.9129230431723557,6.951444998140134,7.614491769190376,5.604923324969228,2.7202523546445043,1.0,0.0,0.0,1.0,0.0,0.07299922536661835,0.0,0.45,0.0,,,,
pure_greedy_alpha0,burst,algorithm1,14,224,400,0.9146619441847251,6.99449392284365,7.647080943198224,6.383622528509525,1.2324097436664143,1.0,0.0,0.0,1.0,0.0,0.06836085144303268,0.0,0.5075,0.0,,,,
pure_greedy_alpha0,burst,algorithm1,15,237,400,0.861807184944887,6.524801199784612,7.571068463767654,5.694007201794826,1.6984205592402333,1.0,0.0,0.0,1.0,0.0,0.12669341933488784,0.0,0.8525,0.0,,,,
pure_greedy_alpha0,burst,algorithm1,16,250,400,0.8346580827506949,6.5455617139100735,7.842207305221983,6.030767728968199,1.021689964071835,1.0,0.0,0.0,1.0,0.0,0.16487924487879296,0.0,1.08,0.0,,,,
pure_greedy_alpha0,burst,algorithm1,17,263,400,0.8872911326845621,7.135718708217156,8.042139096586634,6.40867959197185,1.9074639046820767,1.0,0.0,0.0,1.0,0.0,0.09477195403192112,0.0,0.7175,0.0,,,,
pure_greedy_alpha0,burst,algorithm1,18,276,400,0.902091156001682,7.150081969522492,7.92611913103509,6.279896847718751,2.022454626332573,1.0,0.0,0.0,1.0,0.0,0.09354931316322242,0.0,0.535,0.0,,,,
pure_greedy_alpha0,burst,algorithm1,19,289,400,0.8896484494009339,7.066641851468506,7.943184587380553,6.166329767843465,1.8148733203949003,1.0,0.0,0.0,1.0,0.0,0.09882070904493638,0.0,0.62,0.0,,,,
pure_greedy_alpha0,burst,algorithm1,20,302,400,0.9111597242597363,6.999056220586222,7.681481121515268,5.874489078296077,1.7443748781116755,1.0,0.0,0.0,1.0,0.0,0.07017250290568101,0.0,0.52,0.0,,,,
pure_greedy_alpha0,burst,algorithm1,21,315,400,0.8705028330049513,6.688405206724912,7.6833813206979755,5.906847322522795,1.6436129547708545,1.0,0.0,0.0,1.0,0.0,0.13069494975139131,0.0,0.9475,0.0,,,,
pure_greedy_alpha0,burst,algorithm1,22,328,400,0.9128562581423852,7.3242538937269925,8.02344709629473,6.627545250039245,1.6597517348624118,1.0,0.0,0.0,1.0,0.0,0.08576816198235047,0.0,0.7825,0.0,,,,
pure_greedy_alpha0,burst,algorithm1,23,341,400,0.8570011986403966,6.6912224982497985,7.807716615642074,5.945946260285553,1.4214252675601449,1.0,0.0,0.0,1.0,0.0,0.14260833734022355,0.0,1.32,0.0,,,,
pure_greedy_alpha0,burst,algorithm1,24,354,400,0.8417228360541905,6.574725238015006,7.811033461841021,5.773245113132288,1.69767844019281,1.0,0.0,0.0,1.0,0.0,0.15017972093819612,0.0,1.2625,0.0,,,,
pure_greedy_alpha0,burst,no_trust,0,42,400,0.6390537983484404,5.105056577325318,7.988461363532675,4.165147626803905,1.4187294443491059,0.0,0.0,1.0,1.0,0.0,0.3890073136829477,0.0,4.0,4.0,,,,
pure_greedy_alpha0,burst,no_trust,1,55,400,0.6262120662295765,5.01690640168282,8.011513466819027,4.4422082076109595,1.393606842127455,0.0,0.0,1.0,1.0,0.0,0.4026470986310069,0.0,4.0,4.0,,,,
pure_greedy_alpha0,burst,no_trust,2,68,400,0.6463581972693625,5.01928625517605,7.76548711903211,4.024761857889031,1.79914085896998,0.0,0.0,1.0,1.0,0.0,0.395641158307304,0.0,4.0,4.0,,,,
pure_greedy_alpha0,burst,no_trust,3,81,400,0.6539100684090452,5.059637080909101,7.737512121841362,4.385048689837039,1.1339629684858794,0.0,0.0,1.0,1.0,0.0,0.3822499313271917,0.0,4.0,4.0,,,,
pure_greedy_alpha0,burst,no_trust,4,94,400,0.6547481304923677,5.147146342858209,7.8612616106098345,4.491761001405391,1.5344313063563115,0.0,0.0,1.0,1.0,0.0,0.39208225223723225,0.0,4.0,4.0,,,,
pure_greedy_alpha0,burst,no_trust,5,107,400,0.6585494068591383,5.129017332355415,7.788356164220942,4.726452569958271,0.9598753861257432,0.0,0.0,1.0,1.0,0.0,0.38192725274606104,1.0,4.0,4.0,,,,
pure_greedy_alpha0,burst,no_trust,6,120,400,0.6294573198324922,4.886388070630664,7.762858444367607,3.717116886418157,2.006863338219096,0.0,0.0,1.0,1.0,0.0,0.39672481299955625,0.0,4.0,4.0,,,,
pure_greedy_alpha0,burst,no_trust,7,133,400,0.6468537351826105,5.097687416129585,7.880742026928976,4.061911116365116,1.8822662036742637,0.0,0.0,1.0,1.0,0.0,0.397319552214784,0.0,4.0,4.0,,,,
pure_greedy_alpha0,burst,no_trust,8,146,400,0.6583369119581701,5.167915709511638,7.849955874629737,4.423661864593198,1.5262844816724792,0.0,0.0,1.0,1.0,0.0,0.3890062388097562,0.0,4.0,4.0,,,,
pure_greedy_alpha0,burst,no_trust,9,159,400,0.6268980962464376,4.944957208238319,7.887976112619147,4.301755711222117,1.9507671803894038,0.0,0.0,1.0,1.0,0.0,0.3914818615405478,0.0,4.0,4.0,,,,
pure_greedy_alpha0,burst,no_trust,10,172,400,0.6464775940529411,5.03500607522253,7.7883690348133,3.984577673422015,2.2340019372024926,0.0,0.0,1.0,1.0,0.0,0.3995327778067025,1.0,4.0,4.0,,,,
pure_greedy_alpha0,burst,no_trust,11,185,400,0.6571418370416215,5.180994067335039,7.8841336455753455,4.563112444673734,1.2061135844664141,0.0,0.0,1.0,1.0,0.0,0.3773115435557996,1.0,4.0,4.0,,,,
pure_greedy_alpha0,burst,no_trust,12,198,400,0.6435726564526592,5.129014627190992,7.969596867992914,4.20444213342895,1.7150275314018861,0.0,0.0,1.0,1.0,0.0,0.38914409930551486,0.0,4.0,4.0,,,,
pure_greedy_alpha0,burst,no_trust,13,211,400,0.6493282938660091,4.944304949145156,7.614491769190376,4.076341543784175,1.5578883446404275,0.0,0.0,1.0,1.0,0.0,0.3866710558719218,0.0,4.0,4.0,,,,
pure_greedy_alpha0,burst,no_trust,14,224,400,0.6455241319482764,4.93637528779624,7.647080943198224,4.562345950938601,1.0168921801658017,0.0,0.0,1.0,1.0,0.0,0.3913504245337511,1.0,4.0,4.0,,,,
pure_greedy_alpha0,burst,no_trust,15,237,400,0.6480609182946243,4.906513581100737,7.571068463767654,4.3664835383229565,1.326978695826993,0.0,0.0,1.0,1.0,0.0,0.3911433368213949,0.0,4.0,4.0,,,,
pure_greedy_alpha0,burst,no_trust,16,250,400,0.6431077999439561,5.04338468676573,7.842207305221983,4.358254885095315,1.6800116265947782,0.0,0.0,1.0,1.0,0.0,0.39361557619386867,0.0,4.0,4.0,,,,
pure_greedy_alpha0,burst,no_trust,17,263,400,0.6430379695063441,5.171400795156654,8.042139096586634,4.399658062241016,2.0641812443367575,0.0,0.0,1.0,1.0,0.0,0.39162064653010986,1.0,4.0,4.0,,,,
pure_greedy_alpha0,burst,no_trust,18,276,400,0.6522960076147726,5.17017586505326,7.92611913103509,4.539331211558021,1.2914470898497568,0.0,0.0,1.0,1.0,0.0,0.3909528410976513,0.0,4.0,4.0,,,,
pure_greedy_alpha0,burst,no_trust,19,289,400,0.6410384304803003,5.091886580909741,7.943184587380553,3.9911007289460008,1.6330831068750449,0.0,0.0,1.0,1.0,0.0,0.398022945179328,0.0,4.0,4.0,,,,
pure_greedy_alpha0,burst,no_trust,20,302,400,0.6540951215348191,5.024419327744948,7.681481121515268,4.415300627409771,0.8775958534204564,0.0,0.0,1.0,1.0,0.0,0.3884313826640686,0.0,4.0,4.0,,,,
pure_greedy_alpha0,burst,no_trust,21,315,400,0.6555701152464385,5.0369951778923046,7.6833813206979755,4.300358062703639,1.8418696539493702,0.0,0.0,1.0,1.0,0.0,0.3786011050041724,1.0,4.0,4.0,,,,
pure_greedy_alpha0,burst,no_trust,22,328,400,0.6474509637322975,5.194788554951127,8.02344709629473,4.64468497909858,1.6911912512325067,0.0,0.0,1.0,1.0,0.0,0.4048659218286903,1.0,4.0,4.0,,,,
pure_greedy_alpha0,burst,no_trust,23,341,400,0.6480036936255358,5.059429205717532,7.807716615642074,4.504117059956471,1.3460775996818013,0.0,0.0,1.0,1.0,0.0,0.38912514051996455,0.0,4.0,4.0,,,,
pure_greedy_alpha0,burst,no_trust,24,354,400,0.6414608232337621,5.010471954739003,7.811033461841021,4.4522749495990235,1.304731118403235,0.0,0.0,1.0,1.0,0.0,0.38499196093276855,0.0,4.0,4.0,,,,
pure_greedy_alpha0,burst,oracle,0,42,400,0.973281135532159,7.775018747053862,7.988461363532675,6.743147339500586,2.086999234197229,1.0,0.0,0.0,1.0,0.0,0.0,0.0,0.0,0.0,,,,
pure_greedy_alpha0,burst,oracle,1,55,400,0.9727337725127813,7.793069718115823,8.011513466819027,7.124207734696947,1.396022040147825,1.0,0.0,0.0,1.0,0.0,0.0,0.0,0.0,0.0,,,,
pure_greedy_alpha0,burst,oracle,2,68,400,0.9742063704474025,7.565187020988328,7.76548711903211,6.5685290582970515,2.0170317536529767,1.0,0.0,0.0,1.0,0.0,0.0,0.0,0.0,0.0,,,,
pure_greedy_alpha0,burst,oracle,3,81,400,0.9736255875277376,7.5334397856307875,7.737512121841362,6.765549935586314,1.4837496418823672,1.0,0.0,0.0,1.0,0.0,0.0,0.0,0.0,0.0,,,,
pure_greedy_alpha0,burst,oracle,4,94,400,0.9742350780499988,7.658716818783931,7.8612616106098345,6.668971674385218,2.0012177168237075,1.0,0.0,0.0,1.0,0.0,0.0,0.0,0.0,0.0,,,,
pure_greedy_alpha0,burst,oracle,5,107,400,0.9724832365528409,7.574045810007851,7.788356164220942,6.800287871594368,1.6972941742860383,1.0,0.0,0.0,1.0,0.0,0.0,0.0,0.0,0.0,,,,
pure_greedy_alpha0,burst,oracle,6,120,400,0.9738329464346228,7.5597273116334,7.762858444367607,7.086349203301673,1.3726671022679735,1.0,0.0,0.0,1.0,0.0,0.0,0.0,0.0,0.0,,,,
pure_greedy_alpha0,burst,oracle,7,133,400,0.9744159290109241,7.679120563465431,7.880742026928976,6.701801224569707,2.138092427328888,1.0,0.0,0.0,1.0,0.0,0.0,0.0,0.0,0.0,,,,
pure_greedy_alpha0,burst,oracle,8,146,400,0.973050487416337,7.638403390005204,7.849955874629737,6.65548074619686,1.617949561890116,1.0,0.0,0.0,1.0,0.0,0.0,0.0,0.0,0.0,,,,
pure_greedy_alpha0,burst,oracle,9,159,400,0.9673687087630283,7.6305812668179955,7.887976112619147,6.632561267552108,2.7916398017188504,1.0,0.0,0.0,1.0,0.0,0.0,0.0,0.0,0.0,,,,
pure_greedy_alpha0,burst,oracle,10,172,400,0.981714280617773,7.645953104197478,7.7883690348133,6.550786132974766,2.0681246329633147,1.0,0.0,0.0,1.0,0.0,0.0,0.0,0.0,0.0,,,,
pure_greedy_alpha0,burst,oracle,11,185,400,0.9784398256796101,7.71415034981149,7.8841336455753455,6.886216950442411,1.7891510201516807,1.0,0.0,0.0,1.0,0.0,0.0,0.0,0.0,0.0,,,,
pure_greedy_alpha0,burst,oracle,12,198,400,0.9649263398155,7.690073935637475,7.969596867992914,6.762736478897599,1.9923543705136773,1.0,0.0,0.0,1.0,0.0,0.0,0.0,0.0,0.0,,,,
pure_greedy_alpha0,burst,oracle,13,211,400,0.9752499616610806,7.426032805971528,7.614491769190376,6.032940489481654,2.859658515354929,1.0,0.0,0.0,1.0,0.0,0.0,0.0,0.0,0.0,,,,
pure_greedy_alpha0,burst,oracle,14,224,400,0.9692328418613737,7.411801994519969,7.647080943198224,6.805027078909461,1.158701286350146,1.0,0.0,0.0,1.0,0.0,0.0,0.0,0.0,0.0,,,,
pure_greedy_alpha0,burst,oracle,15,237,400,0.9683342386420408,7.331324816569217,7.571068463767654,6.37645936133461,1.9291062655955846,1.0,0.0,0.0,1.0,0.0,0.0,0.0,0.0,0.0,,,,
pure_greedy_alpha0,burst,oracle,16,250,400,0.9780595241338791,7.670145545104643,7.842207305221983,6.998340927357468,1.193146936892493,1.0,0.0,0.0,1.0,0.0,0.0,0.0,0.0,0.0,,,,
pure_greedy_alpha0,burst,oracle,17,263,400,0.9759670618383492,7.8488628649909735,8.042139096586634,7.058652738938767,1.986811913252306,1.0,0.0,0.0,1.0,0.0,0.0,0.0,0.0,0.0,,,,
pure_greedy_alpha0,burst,oracle,18,276,400,0.9759824411767265,7.735753098565182,7.92611913103509,6.78488113786116,2.1356236369524835,1.0,0.0,0.0,1.0,0.0,0.0,0.0,0.0,0.0,,,,
pure_greedy_alpha0,burst,oracle,19,289,400,0.9753230572688625,7.747171076214909,7.943184587380553,6.735744968191447,1.9852054510167925,1.0,0.0,0.0,1.0,0.0,0.0,0.0,0.0,0.0,,,,
pure_greedy_alpha0,burst,oracle,20,302,400,0.9687009003580224,7.441057678494992,7.681481121515268,6.318297228749521,1.7231622009524825,1.0,0.0,0.0,1.0,0.0,0.0,0.0,0.0,0.0,,,,
pure_greedy_alpha0,burst,oracle,21,315,400,0.9756952289778746,7.496638497022736,7.6833813206979755,6.626063335329238,1.702496073876647,1.0,0.0,0.0,1.0,0.0,0.0,0.0,0.0,0.0,,,,
pure_greedy_alpha0,burst,oracle,22,328,400,0.9756534448608798,7.828103799158976,8.02344709629473,7.072415471404213,1.8112166727503105,1.0,0.0,0.0,1.0,0.0,0.0,0.0,0.0,0.0,,,,
pure_greedy_alpha0,burst,oracle,23,341,400,0.976369440375695,7.623215902626467,7.807716615642074,6.941782450518276,1.302186496879819,1.0,0.0,0.0,1.0,0.0,0.0,0.0,0.0,0.0,,,,
pure_greedy_alpha0,burst,oracle,24,354,400,0.9676727132836795,7.558523943569313,7.811033461841021,6.566371937171227,2.023179727080536,1.0,0.0,0.0,1.0,0.0,0.0,0.0,0.0,0.0,,,,
pure_greedy_alpha0,burst,sparse_online,0,42,400,0.9730842663563801,7.773446065249481,7.988461363532675,6.740900047760354,2.088088504506148,1.0,0.0,0.0,1.0,0.0,0.0006786054611935563,0.0,0.0025,0.0,,,,
pure_greedy_alpha0,burst,sparse_online,1,55,400,0.9712933969764255,7.781530130109032,8.011513466819027,7.113860589492146,1.3944469597548368,1.0,0.0,0.0,1.0,0.0,0.0014084953774093356,0.0,0.01,0.0,,,,
pure_greedy_alpha0,burst,sparse_online,2,68,400,0.97118247029644,7.541704963316789,7.76548711903211,6.542999959057866,2.0139882575899275,1.0,0.0,0.0,1.0,0.0,0.0014004830576823933,0.0,0.0125,0.0,,,,
pure_greedy_alpha0,burst,sparse_online,3,81,400,0.9736341796373224,7.533506267182852,7.737512121841362,6.765612143367161,1.4837724518747386,1.0,0.0,0.0,1.0,0.0,0.0,0.0,0.0,0.0,,,,
pure_greedy_alpha0,burst,sparse_online,4,94,400,0.9743540551724414,7.659652129069131,7.8612616106098345,6.669883582526685,2.0012724336521472,1.0,0.0,0.0,1.0,0.0,0.0,0.0,0.0,0.0,,,,
pure_greedy_alpha0,burst,sparse_online,5,107,400,0.9725442925706094,7.574521336020201,7.788356164220942,6.800569894880691,1.6974810847624893,1.0,0.0,0.0,1.0,0.0,0.0,0.0,0.0,0.0,,,,
pure_greedy_alpha0,burst,sparse_online,6,120,400,0.9737124263540439,7.558791731308161,7.762858444367607,7.08557959188796,1.3724368287487962,1.0,0.0,0.0,1.0,0.0,0.0,0.0,0.0,0.0,,,,
pure_greedy_alpha0,burst,sparse_online,7,133,400,0.9733785798201875,7.670945482101392,7.880742026928976,6.694631363162178,2.1357898806199964,1.0,0.0,0.0,1.0,0.0,0.0,0.0,0.0,0.0,,,,
pure_greedy_alpha0,burst,sparse_online,8,146,400,0.9717315236953602,7.628049582995298,7.849955874629737,6.647056987833083,1.6140277836697985,1.0,0.0,0.0,1.0,0.0,0.0017806639119900642,0.0,0.01,0.0,,,,
pure_greedy_alpha0,burst,sparse_online,9,159,400,0.9669595195045575,7.627353591721637,7.887976112619147,6.629745009456925,2.7906278473130692,1.0,0.0,0.0,1.0,0.0,0.0,0.0,0.0,0.0,,,,
pure_greedy_alpha0,burst,sparse_online,10,172,400,0.9789746213180957,7.6246156265419325,7.7883690348133,6.5287846062384,2.0670708798817614,1.0,0.0,0.0,1.0,0.0,0.0021577767688782863,0.0,0.01,0.0,,,,
pure_greedy_alpha0,burst,sparse_online,11,185,400,0.9773259412998692,7.705368336495893,7.8841336455753455,6.879079759740448,1.7879051013353768,1.0,0.0,0.0,1.0,0.0,0.0,0.0,0.0,0.0,,,,
pure_greedy_alpha0,burst,sparse_online,12,198,400,0.9629395084854928,7.67423969089262,7.969596867992914,6.7484217584349375,1.986509302023589,1.0,0.0,0.0,1.0,0.0,0.0022179306963883523,0.0,0.0175,0.0,,,,
pure_greedy_alpha0,burst,sparse_online,13,211,400,0.9726809120699108,7.406470799004924,7.614491769190376,6.014169568147282,2.8578923731690002,1.0,0.0,0.0,1.0,0.0,0.001854340013056654,0.0,0.01,0.0,,,,
pure_greedy_alpha0,burst,sparse_online,14,224,400,0.968951395092006,7.409649748293413,7.647080943198224,6.802929217161797,1.158919595011569,1.0,0.0,0.0,1.0,0.0,0.00027777778521372075,0.0,0.0025,0.0,,,,
pure_greedy_alpha0,burst,sparse_online,15,237,400,0.9679400792261385,7.328340608645782,7.571068463767654,6.373786041866092,1.9283691449828524,1.0,0.0,0.0,1.0,0.0,0.0,0.0,0.0,0.0,,,,
pure_greedy_alpha0,burst,sparse_online,16,250,400,0.975997063572232,7.653971301821362,7.842207305221983,6.98393612531203,1.1891165796085472,1.0,0.0,0.0,1.0,0.0,0.0029126599090134554,0.0,0.0175,0.0,,,,
pure_greedy_alpha0,burst,sparse_online,17,263,400,0.9743311232502005,7.835706419311609,8.042139096586634,7.047212913002366,1.9842158563804242,1.0,0.0,0.0,1.0,0.0,0.0014654581366467417,0.0,0.0125,0.0,,,,
pure_greedy_alpha0,burst,sparse_online,18,276,400,0.9729141776350742,7.7114336762086335,7.92611913103509,6.76245312302345,2.1346032530268175,1.0,0.0,0.0,1.0,0.0,0.0008289341599196527,0.0,0.0025,0.0,,,,
pure_greedy_alpha0,burst,sparse_online,19,289,400,0.9724841944591104,7.724621464898798,7.943184587380553,6.713238868360705,1.982198288185213,1.0,0.0,0.0,1.0,0.0,0.002499605188139067,0.0,0.01,0.0,,,,
pure_greedy_alpha0,burst,sparse_online,20,302,400,0.9683360080990421,7.438254765496247,7.681481121515268,6.3163784263287726,1.7222553443423179,1.0,0.0,0.0,1.0,0.0,0.0,0.0,0.0,0.0,,,,
pure_greedy_alpha0,burst,sparse_online,21,315,400,0.9744179501209046,7.48682467651177,7.6833813206979755,6.618160898553225,1.7003140396034242,1.0,0.0,0.0,1.0,0.0,0.0015467190636346284,0.0,0.0075,0.0,,,,
pure_greedy_alpha0,burst,sparse_online,22,328,400,0.9754194115434196,7.826226045217564,8.02344709629473,7.070616365844475,1.810643785844042,1.0,0.0,0.0,1.0,0.0,0.0006276404305180619,0.0,0.005,0.0,,,,
pure_greedy_alpha0,burst,sparse_online,23,341,400,0.9756226517889633,7.617385188969471,7.807716615642074,6.936388685807209,1.301739872497281,1.0,0.0,0.0,1.0,0.0,0.0009910172941534523,0.0,0.01,0.0,,,,
pure_greedy_alpha0,burst,sparse_online,24,354,400,0.9658667746503191,7.544417696474103,7.811033461841021,6.555595602056701,2.0163537977509742,1.0,0.0,0.0,1.0,0.0,0.0018607336494486939,0.0,0.01,0.0,,,,
pure_greedy_alpha0,byzantine,algorithm1,0,42,400,0.9567697393720401,7.6431180967707695,7.988461363532675,6.623039734664985,2.083084265154259,1.0,0.0,0.0,1.0,0.0,0.019210817340567666,0.0,0.0925,0.0,,,,
pure_greedy_alpha0,byzantine,algorithm1,1,55,400,0.9604685444753864,7.694806678520628,8.011513466819027,7.031048297562897,1.39044743835216,1.0,0.0,0.0,1.0,0.0,0.01663759345460969,0.0,0.0825,0.0,,,,
pure_greedy_alpha0,byzantine,algorithm1,2,68,400,0.9690910770539973,7.52546427603177,7.76548711903211,6.528051891259463,2.0127444956288896,1.0,0.0,0.0,1.0,0.0,0.002720650404774736,0.0,0.01,0.0,,,,
pure_greedy_alpha0,byzantine,algorithm1,3,81,400,0.9664880485369415,7.478212991169387,7.737512121841362,6.7149799020184275,1.4658243764950676,1.0,0.0,0.0,1.0,0.0,0.008281042056730192,0.0,0.0175,0.0,,,,
pure_greedy_alpha0,byzantine,algorithm1,4,94,400,0.9720164931762504,7.641275942686053,7.8612616106098345,6.651867330264292,1.999533293141921,1.0,0.0,0.0,1.0,0.0,0.003939495002950224,0.0,0.0075,0.0,,,,
pure_greedy_alpha0,byzantine,algorithm1,5,107,400,0.9638502827967695,7.506809291406318,7.788356164220942,6.753425785023277,1.6803032412153271,1.0,0.0,0.0,1.0,0.0,0.00995173914930033,0.0,0.04,0.0,,,,
pure_greedy_alpha0,byzantine,algorithm1,6,120,400,0.9665007589778095,7.50280857831859,7.762858444367607,7.019916278761806,1.3812417781940267,1.0,0.0,0.0,1.0,0.0,0.008919505572502371,0.0,0.035,0.0,,,,
pure_greedy_alpha0,byzantine,algorithm1,7,133,400,0.9622349256541559,7.583125218381586,7.880742026928976,6.615245314927426,2.1103226784616265,1.0,0.0,0.0,1.0,0.0,0.011849988537112164,0.0,0.065,0.0,,,,
pure_greedy_alpha0,byzantine,algorithm1,8,146,400,0.9629109453635113,7.55880843230157,7.849955874629737,6.591380696232361,1.5846386888865949,1.0,0.0,0.0,1.0,0.0,0.011447403907415303,0.0,0.055,0.0,,,,
pure_greedy_alpha0,byzantine,algorithm1,9,159,400,0.9567186845764407,7.546574130435377,7.887976112619147,6.55557979520476,2.7643182454935404,1.0,0.0,0.0,1.0,0.0,0.013222917945273981,0.0,0.06,0.0,,,,
pure_greedy_alpha0,byzantine,algorithm1,10,172,400,0.9689968996029767,7.546905447697917,7.7883690348133,6.452322682926508,2.063344536480961,1.0,0.0,0.0,1.0,0.0,0.014510510647738527,0.0,0.0575,0.0,,,,
pure_greedy_alpha0,byzantine,algorithm1,11,185,400,0.9711969405139473,7.657046475185849,7.8841336455753455,6.8381689829828005,1.7803785002846535,1.0,0.0,0.0,1.0,0.0,0.009531603968010364,0.0,0.04,0.0,,,,
pure_greedy_alpha0,byzantine,algorithm1,12,198,400,0.9553345994187669,7.613631631413069,7.969596867992914,6.690120804319819,1.9698821405824,1.0,0.0,0.0,1.0,0.0,0.010365995786218489,0.0,0.08,0.0,,,,
pure_greedy_alpha0,byzantine,algorithm1,13,211,400,0.9660908579085431,7.356290885834671,7.614491769190376,5.969373487936653,2.8526378014877105,1.0,0.0,0.0,1.0,0.0,0.012496503883528071,0.0,0.03,0.0,,,,
pure_greedy_alpha0,byzantine,algorithm1,14,224,400,0.9637578998185211,7.3699346695589565,7.647080943198224,6.763998086666312,1.1637824496313938,1.0,0.0,0.0,1.0,0.0,0.00782085644973524,0.0,0.045,0.0,,,,
pure_greedy_alpha0,byzantine,algorithm1,15,237,400,0.9600149557589202,7.26833895629166,7.571068463767654,6.319258962611376,1.9140941354339764,1.0,0.0,0.0,1.0,0.0,0.008344387635049532,0.0,0.045,0.0,,,,
pure_greedy_alpha0,byzantine,algorithm1,16,250,400,0.9701191066883977,7.607875145407177,7.842207305221983,6.943165701702758,1.1788502376811207,1.0,0.0,0.0,1.0,0.0,0.009614962698315369,0.0,0.06,0.0,,,,
pure_greedy_alpha0,byzantine,algorithm1,17,263,400,0.9587000263967748,7.709998964184141,8.042139096586634,6.93907678470723,1.9835024131640688,1.0,0.0,0.0,1.0,0.0,0.023864730997369302,0.0,0.1,0.0,,,,
pure_greedy_alpha0,byzantine,algorithm1,18,276,400,0.96631026237462,7.6590902571230135,7.92611913103509,6.7152662458879515,2.125354017493393,1.0,0.0,0.0,1.0,0.0,0.010761659723311875,0.0,0.0625,0.0,,,,
pure_greedy_alpha0,byzantine,algorithm1,19,289,400,0.9676583617883722,7.686288985207312,7.943184587380553,6.679498575709554,1.9777507821139766,1.0,0.0,0.0,1.0,0.0,0.007553291498206113,0.0,0.025,0.0,,,,
pure_greedy_alpha0,byzantine,algorithm1,20,302,400,0.9635986950870767,7.401865185028127,7.681481121515268,6.279558087825365,1.7210877269137876,1.0,0.0,0.0,1.0,0.0,0.0054481353525074,0.0,0.0175,0.0,,,,
pure_greedy_alpha0,byzantine,algorithm1,21,315,400,0.9738198608478631,7.482229328563173,7.6833813206979755,6.614499782124621,1.6994361681260273,1.0,0.0,0.0,1.0,0.0,0.0025570084109995312,0.0,0.0075,0.0,,,,
pure_greedy_alpha0,byzantine,algorithm1,22,328,400,0.9703298975672725,7.785390599084095,8.02344709629473,7.032582578713419,1.798501473305083,1.0,0.0,0.0,1.0,0.0,0.008998673234754279,0.0,0.0325,0.0,,,,
pure_greedy_alpha0,byzantine,algorithm1,23,341,400,0.9681991548667465,7.55942462870371,7.807716615642074,6.880857946017637,1.2994529293204264,1.0,0.0,0.0,1.0,0.0,0.009965210979386819,0.0,0.0875,0.0,,,,
pure_greedy_alpha0,byzantine,algorithm1,24,354,400,0.9593032683629694,7.493149929236611,7.811033461841021,6.515627122464165,1.993365116849617,1.0,0.0,0.0,1.0,0.0,0.009740765276914415,0.0,0.0725,0.0,,,,
pure_greedy_alpha0,byzantine,no_trust,0,42,400,0.4611753946598992,3.684081822052538,7.988461363532675,2.902934105056945,1.3548495958779374,0.0,0.0,1.0,1.0,0.0,0.600171298013509,1.0,4.0,4.0,,,,
pure_greedy_alpha0,byzantine,no_trust,1,55,400,0.4672039849316004,3.7430110170310305,8.011513466819027,3.1174702046511893,1.5168484419593353,0.0,0.0,1.0,1.0,0.0,0.5946783486141104,0.0,4.0,4.0,,,,
pure_greedy_alpha0,byzantine,no_trust,2,68,400,0.4747563774547927,3.686714533803539,7.76548711903211,2.682917438640766,2.3474124389608093,0.0,0.0,1.0,1.0,0.0,0.5798969426947846,1.0,4.0,4.0,,,,
pure_greedy_alpha0,byzantine,no_trust,3,81,400,0.5085150145585519,3.934641089285132,7.737512121841362,3.2735065466379845,1.227974686373218,0.0,0.0,1.0,1.0,0.0,0.5604354795573303,1.0,4.0,4.0,,,,
pure_greedy_alpha0,byzantine,no_trust,4,94,400,0.4755984668029293,3.7388039691427637,7.8612616106098345,3.2012152721760967,1.545475216598962,0.0,0.0,1.0,1.0,0.0,0.5928371675919344,1.0,4.0,4.0,,,,
pure_greedy_alpha0,byzantine,no_trust,5,107,400,0.49704824876113946,3.8711887921540447,7.788356164220942,3.228576067929546,1.297326529453505,0.0,0.0,1.0,1.0,0.0,0.5677989625532759,1.0,4.0,4.0,,,,
pure_greedy_alpha0,byzantine,no_trust,6,120,400,0.4673016724717918,3.6275967342147544,7.762858444367607,2.989257894639127,1.1217001111928373,0.0,0.0,1.0,1.0,0.0,0.5801461536112013,0.0,4.0,4.0,,,,
pure_greedy_alpha0,byzantine,no_trust,7,133,400,0.45595873526217917,3.5932931675260384,7.880742026928976,2.9779784620217438,1.5821702793611427,0.0,0.0,1.0,1.0,0.0,0.6010853974515381,0.0,4.0,4.0,,,,
pure_greedy_alpha0,byzantine,no_trust,8,146,400,0.4889332054683869,3.8381040885681124,7.849955874629737,3.2808902933987785,1.3148258575756513,0.0,0.0,1.0,1.0,0.0,0.5868723638246126,0.0,4.0,4.0,,,,
pure_greedy_alpha0,byzantine,no_trust,9,159,400,0.4612070094225325,3.6379898732974505,7.887976112619147,2.9325926818265975,2.2369288076687406,0.0,0.0,1.0,1.0,0.0,0.6034934075241795,1.0,4.0,4.0,,,,
pure_greedy_alpha0,byzantine,no_trust,10,172,400,0.48971544376737436,3.8140845981076725,7.7883690348133,3.089288777612883,1.4595572818130047,0.0,0.0,1.0,1.0,0.0,0.57320501120901,1.0,4.0,4.0,,,,
pure_greedy_alpha0,byzantine,no_trust,11,185,400,0.4796997303414668,3.7820167837585785,7.8841336455753455,3.080680257961521,1.7908811451623659,0.0,0.0,1.0,1.0,0.0,0.5771615198158843,1.0,4.0,4.0,,,,
pure_greedy_alpha0,byzantine,no_trust,12,198,400,0.47180100105598205,3.7600637803316763,7.969596867992914,3.4174384045679513,1.3304177516327265,0.0,0.0,1.0,1.0,0.0,0.5942101917275826,1.0,4.0,4.0,,,,
pure_greedy_alpha0,byzantine,no_trust,13,211,400,0.4449462868898461,3.388039839254553,7.614491769190376,2.5387780618332236,1.70880927363336,0.0,0.0,1.0,1.0,0.0,0.6090826303277551,1.0,4.0,4.0,,,,
pure_greedy_alpha0,byzantine,no_trust,14,224,400,0.4995319693121081,3.819961403044902,7.647080943198224,3.1452153696417144,1.2511437691191527,0.0,0.0,1.0,1.0,0.0,0.5715534399552489,1.0,4.0,4.0,,,,
pure_greedy_alpha0,byzantine,no_trust,15,237,400,0.462832052936296,3.5041331600068317,7.571068463767654,3.1475808698680017,1.177397321509686,0.0,0.0,1.0,1.0,0.0,0.6005811996915731,1.0,4.0,4.0,,,,
pure_greedy_alpha0,byzantine,no_trust,16,250,400,0.48523637169041717,3.8053242188299987,7.842207305221983,3.2793833319694863,1.049676450967055,0.0,0.0,1.0,1.0,0.0,0.572438041803028,0.0,4.0,4.0,,,,
pure_greedy_alpha0,byzantine,no_trust,17,263,400,0.489656422183202,3.9378850567342596,8.042139096586634,3.407948157864408,1.4344989903514387,0.0,0.0,1.0,1.0,0.0,0.5848666288349791,1.0,4.0,4.0,,,,
pure_greedy_alpha0,byzantine,no_trust,18,276,400,0.49747186885906164,3.943021296915588,7.92611913103509,3.2026154992252858,1.371118209012101,0.0,0.0,1.0,1.0,0.0,0.5744177842626567,1.0,4.0,4.0,,,,
pure_greedy_alpha0,byzantine,no_trust,19,289,400,0.46331733996875935,3.680215153906005,7.943184587380553,3.3203752624002263,0.9211707915991871,0.0,0.0,1.0,1.0,0.0,0.6024902803927441,0.0,4.0,4.0,,,,
pure_greedy_alpha0,byzantine,no_trust,20,302,400,0.47883790575573987,3.678184333328623,7.681481121515268,3.3660597660660483,0.8091210167325644,0.0,0.0,1.0,1.0,0.0,0.579077379734867,1.0,4.0,4.0,,,,
pure_greedy_alpha0,byzantine,no_trust,21,315,400,0.49613090260841686,3.8119629097225367,7.6833813206979755,3.272652124433992,1.555542533177893,0.0,0.0,1.0,1.0,0.0,0.574779526611617,1.0,4.0,4.0,,,,
pure_greedy_alpha0,byzantine,no_trust,22,328,400,0.49370876195530344,3.9612461325255452,8.02344709629473,3.1731243700316925,1.6214370436147951,0.0,0.0,1.0,1.0,0.0,0.5779567681040417,1.0,4.0,4.0,,,,
pure_greedy_alpha0,byzantine,no_trust,23,341,400,0.4996897293136824,3.9014358022281286,7.807716615642074,3.110533961511157,1.4930112660228172,0.0,0.0,1.0,1.0,0.0,0.5576741285682489,1.0,4.0,4.0,,,,
pure_greedy_alpha0,byzantine,no_trust,24,354,400,0.49030236681221906,3.8297681935900934,7.811033461841021,3.3415761380316833,1.1772349509780242,0.0,0.0,1.0,1.0,0.0,0.5744123344050684,0.0,4.0,4.0,,,,
pure_greedy_alpha0,byzantine,oracle,0,42,400,0.973281135532159,7.775018747053862,7.988461363532675,6.743147339500586,2.086999234197229,1.0,0.0,0.0,1.0,0.0,0.0,0.0,0.0,0.0,,,,
pure_greedy_alpha0,byzantine,oracle,1,55,400,0.9727337725127813,7.793069718115823,8.011513466819027,7.124207734696947,1.396022040147825,1.0,0.0,0.0,1.0,0.0,0.0,0.0,0.0,0.0,,,,
pure_greedy_alpha0,byzantine,oracle,2,68,400,0.9742063704474025,7.565187020988328,7.76548711903211,6.5685290582970515,2.0170317536529767,1.0,0.0,0.0,1.0,0.0,0.0,0.0,0.0,0.0,,,,
pure_greedy_alpha0,byzantine,oracle,3,81,400,0.9736255875277376,7.5334397856307875,7.737512121841362,6.765549935586314,1.4837496418823672,1.0,0.0,0.0,1.0,0.0,0.0,0.0,0.0,0.0,,,,
pure_greedy_alpha0,byzantine,oracle,4,94,400,0.9742350780499988,7.658716818783931,7.8612616106098345,6.668971674385218,2.0012177168237075,1.0,0.0,0.0,1.0,0.0,0.0,0.0,0.0,0.0,,,,
pure_greedy_alpha0,byzantine,oracle,5,107,400,0.9724832365528409,7.574045810007851,7.788356164220942,6.800287871594368,1.6972941742860383,1.0,0.0,0.0,1.0,0.0,0.0,0.0,0.0,0.0,,,,
pure_greedy_alpha0,byzantine,oracle,6,120,400,0.9738329464346228,7.5597273116334,7.762858444367607,7.086349203301673,1.3726671022679735,1.0,0.0,0.0,1.0,0.0,0.0,0.0,0.0,0.0,,,,
pure_greedy_alpha0,byzantine,oracle,7,133,400,0.9744159290109241,7.679120563465431,7.880742026928976,6.701801224569707,2.138092427328888,1.0,0.0,0.0,1.0,0.0,0.0,0.0,0.0,0.0,,,,
pure_greedy_alpha0,byzantine,oracle,8,146,400,0.973050487416337,7.638403390005204,7.849955874629737,6.65548074619686,1.617949561890116,1.0,0.0,0.0,1.0,0.0,0.0,0.0,0.0,0.0,,,,
pure_greedy_alpha0,byzantine,oracle,9,159,400,0.9673687087630283,7.6305812668179955,7.887976112619147,6.632561267552108,2.7916398017188504,1.0,0.0,0.0,1.0,0.0,0.0,0.0,0.0,0.0,,,,
pure_greedy_alpha0,byzantine,oracle,10,172,400,0.981714280617773,7.645953104197478,7.7883690348133,6.550786132974766,2.0681246329633147,1.0,0.0,0.0,1.0,0.0,0.0,0.0,0.0,0.0,,,,
pure_greedy_alpha0,byzantine,oracle,11,185,400,0.9784398256796101,7.71415034981149,7.8841336455753455,6.886216950442411,1.7891510201516807,1.0,0.0,0.0,1.0,0.0,0.0,0.0,0.0,0.0,,,,
pure_greedy_alpha0,byzantine,oracle,12,198,400,0.9649263398155,7.690073935637475,7.969596867992914,6.762736478897599,1.9923543705136773,1.0,0.0,0.0,1.0,0.0,0.0,0.0,0.0,0.0,,,,
pure_greedy_alpha0,byzantine,oracle,13,211,400,0.9752499616610806,7.426032805971528,7.614491769190376,6.032940489481654,2.859658515354929,1.0,0.0,0.0,1.0,0.0,0.0,0.0,0.0,0.0,,,,
pure_greedy_alpha0,byzantine,oracle,14,224,400,0.9692328418613737,7.411801994519969,7.647080943198224,6.805027078909461,1.158701286350146,1.0,0.0,0.0,1.0,0.0,0.0,0.0,0.0,0.0,,,,
pure_greedy_alpha0,byzantine,oracle,15,237,400,0.9683342386420408,7.331324816569217,7.571068463767654,6.37645936133461,1.9291062655955846,1.0,0.0,0.0,1.0,0.0,0.0,0.0,0.0,0.0,,,,
pure_greedy_alpha0,byzantine,oracle,16,250,400,0.9780595241338791,7.670145545104643,7.842207305221983,6.998340927357468,1.193146936892493,1.0,0.0,0.0,1.0,0.0,0.0,0.0,0.0,0.0,,,,
pure_greedy_alpha0,byzantine,oracle,17,263,400,0.9759670618383492,7.8488628649909735,8.042139096586634,7.058652738938767,1.986811913252306,1.0,0.0,0.0,1.0,0.0,0.0,0.0,0.0,0.0,,,,
pure_greedy_alpha0,byzantine,oracle,18,276,400,0.9759824411767265,7.735753098565182,7.92611913103509,6.78488113786116,2.1356236369524835,1.0,0.0,0.0,1.0,0.0,0.0,0.0,0.0,0.0,,,,
pure_greedy_alpha0,byzantine,oracle,19,289,400,0.9753230572688625,7.747171076214909,7.943184587380553,6.735744968191447,1.9852054510167925,1.0,0.0,0.0,1.0,0.0,0.0,0.0,0.0,0.0,,,,
pure_greedy_alpha0,byzantine,oracle,20,302,400,0.9687009003580224,7.441057678494992,7.681481121515268,6.318297228749521,1.7231622009524825,1.0,0.0,0.0,1.0,0.0,0.0,0.0,0.0,0.0,,,,
pure_greedy_alpha0,byzantine,oracle,21,315,400,0.9756952289778746,7.496638497022736,7.6833813206979755,6.626063335329238,1.702496073876647,1.0,0.0,0.0,1.0,0.0,0.0,0.0,0.0,0.0,,,,
pure_greedy_alpha0,byzantine,oracle,22,328,400,0.9756534448608798,7.828103799158976,8.02344709629473,7.072415471404213,1.8112166727503105,1.0,0.0,0.0,1.0,0.0,0.0,0.0,0.0,0.0,,,,
pure_greedy_alpha0,byzantine,oracle,23,341,400,0.976369440375695,7.623215902626467,7.807716615642074,6.941782450518276,1.302186496879819,1.0,0.0,0.0,1.0,0.0,0.0,0.0,0.0,0.0,,,,
pure_greedy_alpha0,byzantine,oracle,24,354,400,0.9676727132836795,7.558523943569313,7.811033461841021,6.566371937171227,2.023179727080536,1.0,0.0,0.0,1.0,0.0,0.0,0.0,0.0,0.0,,,,
pure_greedy_alpha0,byzantine,sparse_online,0,42,400,0.9726405057661865,7.769901100920062,7.988461363532675,6.736488094398351,2.089612746712347,1.0,0.0,0.0,1.0,0.0,0.0011633236419098744,0.0,0.0075,0.0,,,,
pure_greedy_alpha0,byzantine,sparse_online,1,55,400,0.9713712849438555,7.782154130609,8.011513466819027,7.114484178077418,1.394454896390699,1.0,0.0,0.0,1.0,0.0,0.0014257425170379585,0.0,0.0075,0.0,,,,
pure_greedy_alpha0,byzantine,sparse_online,2,68,400,0.9713777653839386,7.54322152480317,7.76548711903211,6.544468772102903,2.014343247932837,1.0,0.0,0.0,1.0,0.0,0.0013772667431776256,0.0,0.0075,0.0,,,,
pure_greedy_alpha0,byzantine,sparse_online,3,81,400,0.973026702403913,7.528805904725604,7.737512121841362,6.761201298313341,1.482394237112211,1.0,0.0,0.0,1.0,0.0,0.0006802099915126259,0.0,0.0025,0.0,,,,
pure_greedy_alpha0,byzantine,sparse_online,4,94,400,0.9732475970496134,7.650953972304395,7.8612616106098345,6.661293437771414,2.0006210565090843,1.0,0.0,0.0,1.0,0.0,0.0013804544309923593,0.0,0.005,0.0,,,,
pure_greedy_alpha0,byzantine,sparse_online,5,107,400,0.9724674081664002,7.573922532896746,7.788356164220942,6.800200432185595,1.6971932037496886,1.0,0.0,0.0,1.0,0.0,0.00031249999954924057,0.0,0.0025,0.0,,,,
pure_greedy_alpha0,byzantine,sparse_online,6,120,400,0.9737124263540439,7.558791731308161,7.762858444367607,7.08557959188796,1.3724368287487962,1.0,0.0,0.0,1.0,0.0,0.0,0.0,0.0,0.0,,,,
pure_greedy_alpha0,byzantine,sparse_online,7,133,400,0.9721150288180503,7.660987762615682,7.880742026928976,6.685800763340942,2.1333305899768815,1.0,0.0,0.0,1.0,0.0,0.0013036268861027105,0.0,0.01,0.0,,,,
pure_greedy_alpha0,byzantine,sparse_online,8,146,400,0.9717362913884086,7.628087009175352,7.849955874629737,6.647087362399521,1.6140422255759521,1.0,0.0,0.0,1.0,0.0,0.0017749909956954009,0.0,0.01,0.0,,,,
pure_greedy_alpha0,byzantine,sparse_online,9,159,400,0.9663838219846408,7.622812503436441,7.887976112619147,6.625768141438301,2.789189472351521,1.0,0.0,0.0,1.0,0.0,0.000691466373854683,0.0,0.0025,0.0,,,,
pure_greedy_alpha0,byzantine,sparse_online,10,172,400,0.980598790328138,7.63726525416705,7.7883690348133,6.541467723481891,2.0678268881020374,1.0,0.0,0.0,1.0,0.0,0.0004906608231213326,0.0,0.005,0.0,,,,
pure_greedy_alpha0,byzantine,sparse_online,11,185,400,0.9766021728125838,7.699662049013679,7.8841336455753455,6.874492095541165,1.7868127327073884,1.0,0.0,0.0,1.0,0.0,0.001127035876217579,0.0,0.0075,0.0,,,,
pure_greedy_alpha0,byzantine,sparse_online,12,198,400,0.9609203748415155,7.658148009727519,7.969596867992914,6.733081452986399,1.9820508201116667,1.0,0.0,0.0,1.0,0.0,0.0031658958762946876,0.0,0.0275,0.0,,,,
pure_greedy_alpha0,byzantine,sparse_online,13,211,400,0.9737436256145876,7.414562822543873,7.614491769190376,6.021484741343985,2.8589044172270386,1.0,0.0,0.0,1.0,0.0,0.0011524119448609732,0.0,0.0075,0.0,,,,
pure_greedy_alpha0,byzantine,sparse_online,14,224,400,0.9684628037279798,7.405913450584556,7.647080943198224,6.799314040366033,1.159233649288061,1.0,0.0,0.0,1.0,0.0,0.0009616362798359837,0.0,0.0075,0.0,,,,
pure_greedy_alpha0,byzantine,sparse_online,15,237,400,0.965078900149968,7.306678425972995,7.571068463767654,6.35425317783107,1.9230350996391214,1.0,0.0,0.0,1.0,0.0,0.003348643924678255,0.0,0.0175,0.0,,,,
pure_greedy_alpha0,byzantine,sparse_online,16,250,400,0.9762019841587084,7.6555783315416175,7.842207305221983,6.985271380877859,1.1895431638755296,1.0,0.0,0.0,1.0,0.0,0.0025783250906600817,0.0,0.0175,0.0,,,,
pure_greedy_alpha0,byzantine,sparse_online,17,263,400,0.9743173514929836,7.835595664924465,8.042139096586634,7.047116273848351,1.9841937254250475,1.0,0.0,0.0,1.0,0.0,0.0014892692242198398,0.0,0.0125,0.0,,,,
pure_greedy_alpha0,byzantine,sparse_online,18,276,400,0.9728786555115433,7.71115212362574,7.92611913103509,6.762241186720113,2.134276546461521,1.0,0.0,0.0,1.0,0.0,0.001419839068402206,0.0,0.0075,0.0,,,,
pure_greedy_alpha0,byzantine,sparse_online,19,289,400,0.9734824726283435,7.732550972666569,7.943184587380553,6.720932215828665,1.983227204253005,1.0,0.0,0.0,1.0,0.0,0.0008183608218693677,0.0,0.005,0.0,,,,
pure_greedy_alpha0,byzantine,sparse_online,20,302,400,0.9683360080990421,7.438254765496247,7.681481121515268,6.3163784263287726,1.7222553443423179,1.0,0.0,0.0,1.0,0.0,0.0,0.0,0.0,0.0,,,,
pure_greedy_alpha0,byzantine,sparse_online,21,315,400,0.9753043135111344,7.493634944427613,7.6833813206979755,6.623648000940699,1.701847513010657,1.0,0.0,0.0,1.0,0.0,0.00046427327087946737,0.0,0.0025,0.0,,,,
pure_greedy_alpha0,byzantine,sparse_online,22,328,400,0.9754232545529629,7.826256879401325,8.02344709629473,7.070646032130089,1.8106531200447709,1.0,0.0,0.0,1.0,0.0,0.000619531729368949,0.0,0.005,0.0,,,,
pure_greedy_alpha0,byzantine,sparse_online,23,341,400,0.9745662241450249,7.609136901300669,7.807716615642074,6.928600236418181,1.3013521362576137,1.0,0.0,0.0,1.0,0.0,0.0021788088047914964,0.0,0.02,0.0,,,,
pure_greedy_alpha0,byzantine,sparse_online,24,354,400,0.9657274595810448,7.543329501806262,7.811033461841021,6.554757018546046,2.015818569043595,1.0,0.0,0.0,1.0,0.0,0.0021671683442996636,0.0,0.02,0.0,,,,
pure_greedy_alpha0,compound,algorithm1,0,42,400,0.7931026522571637,6.335669894871643,7.988461363532675,5.181534571939052,1.8765858266679798,0.5,0.0,0.5,0.5,0.0,0.22698095351088426,0.0,2.04,2.0,,,,
pure_greedy_alpha0,compound,algorithm1,1,55,400,0.7176174553957376,5.749201907927354,8.011513466819027,5.121203464166028,1.3872949312204872,0.25,0.0,0.75,0.25,0.0,0.32382597579071065,0.0,3.75,3.0,,,,
pure_greedy_alpha0,compound,algorithm1,2,68,400,0.8418035840348019,6.5370148885773185,7.76548711903211,5.416322044534212,2.116673017189269,0.75,0.0,0.25,0.75,0.0,0.1656445689225824,0.0,1.1375,1.0,,,,
pure_greedy_alpha0,compound,algorithm1,3,81,400,0.8701646706771373,6.732909687362446,7.737512121841362,6.1628301011067235,1.1803578599338493,0.75,0.0,0.25,0.75,0.0,0.1368104042269389,0.6013429071387755,1.1225,1.0,,,,
pure_greedy_alpha0,compound,algorithm1,4,94,400,0.7962182653350918,6.2592800829451125,7.8612616106098345,5.490658196704588,1.6189585296980704,0.5,0.0,0.5,0.5,0.0,0.2323751232445545,0.0,2.0475,2.0,,,,
pure_greedy_alpha0,compound,algorithm1,5,107,400,0.846921163813671,6.596123666797379,7.788356164220942,6.090358621991937,1.2402420869158917,0.75,0.0,0.25,0.75,0.0,0.15647831037461632,0.0,1.0725,1.0,,,,
pure_greedy_alpha0,compound,algorithm1,6,120,400,0.908940289573561,7.055974802342056,7.762858444367607,6.409982573504855,1.609132852605474,1.0,0.0,0.0,1.0,0.0,0.06914314781920963,0.0,0.3775,0.0,,,,
pure_greedy_alpha0,compound,algorithm1,7,133,400,0.83153881181472,6.553142861290849,7.880742026928976,5.439507237577953,1.967637425875715,1.0,0.0,0.0,1.0,0.0,0.16735801288713134,0.0,1.3525,0.0,,,,
pure_greedy_alpha0,compound,algorithm1,8,146,400,0.8194405001575397,6.432571768121209,7.849955874629737,5.5446763956811935,1.497168994805806,0.75,0.0,0.25,0.75,0.0,0.19135423310443286,0.0,1.3375,1.0,,,,
pure_greedy_alpha0,compound,algorithm1,9,159,400,0.8196182437279976,6.465129127993303,7.887976112619147,5.349881071511758,2.3864995063286685,0.75,0.0,0.25,0.75,0.0,0.17465653531308878,0.0,1.42,1.0,,,,
pure_greedy_alpha0,compound,algorithm1,10,172,400,0.8156478219856365,6.352566240065842,7.7883690348133,5.195447157413064,2.203215895693087,0.75,0.0,0.25,0.75,0.0,0.2057615845034988,0.0,1.6975,1.0,,,,
pure_greedy_alpha0,compound,algorithm1,11,185,400,0.7992988564239232,6.30177900680175,7.8841336455753455,5.536966728111459,1.5244428872408795,0.5,0.0,0.5,0.5,0.0,0.22650450986460358,0.0,2.1475,2.0,,,,
pure_greedy_alpha0,compound,algorithm1,12,198,400,0.8129841490334089,6.47915592786454,7.969596867992914,5.491276218330544,2.2476287062492633,0.75,0.0,0.25,0.75,0.0,0.18806739324703198,0.0,1.5275,1.0,,,,
pure_greedy_alpha0,compound,algorithm1,13,211,400,0.9364480554598681,7.130576010573499,7.614491769190376,5.800708172107694,2.6456958258889216,1.0,0.0,0.0,1.0,0.0,0.042871167316903484,0.0,0.1425,0.0,,,,
pure_greedy_alpha0,compound,algorithm1,14,224,400,0.8603717106109207,6.579332112279629,7.647080943198224,6.175761298158772,0.9456002385586144,0.75,0.0,0.25,0.75,0.0,0.148320921805431,1.0,1.1225,1.0,,,,
pure_greedy_alpha0,compound,algorithm1,15,237,400,0.8219052642904039,6.222701026673696,7.571068463767654,5.419990344293888,1.9519486080781299,0.75,0.0,0.25,0.75,0.0,0.17674536770403687,0.0,1.1775,1.0,,,,
pure_greedy_alpha0,compound,algorithm1,16,250,400,0.7940214814991678,6.226881062715956,7.842207305221983,5.888073184096278,0.8349978140230769,0.75,0.0,0.25,0.75,0.0,0.2200920054073832,0.0,1.58,1.0,,,,
pure_greedy_alpha0,compound,algorithm1,17,263,400,0.7823502224085365,6.2917693108549395,8.042139096586634,5.765569594720122,1.4853931760572756,0.5,0.0,0.5,0.5,0.0,0.23189430383961132,0.0,2.1675,2.0,,,,
pure_greedy_alpha0,compound,algorithm1,18,276,400,0.8593279321414173,6.811135562778912,7.92611913103509,5.942231697035253,1.9069235933420527,0.75,0.0,0.25,0.75,0.0,0.15530217132977484,0.0,1.125,1.0,,,,
pure_greedy_alpha0,compound,algorithm1,19,289,400,0.799339348040111,6.349299989439029,7.943184587380553,5.314483087893081,2.007870737622164,0.75,0.0,0.25,0.75,0.0,0.20760313466878194,0.0,1.5525,1.0,,,,
pure_greedy_alpha0,compound,algorithm1,20,302,400,0.8437463531307963,6.481221682921566,7.681481121515268,5.569552362214464,1.4617059639919505,0.75,0.0,0.25,0.75,0.0,0.1560086818464513,1.0,1.1875,1.0,,,,
pure_greedy_alpha0,compound,algorithm1,21,315,400,0.7997117904792281,6.144490632910035,7.6833813206979755,5.2518527235051735,1.7351080613603322,0.5,0.0,0.5,0.5,0.0,0.21853876151782156,0.0,2.14,2.0,,,,
pure_greedy_alpha0,compound,algorithm1,22,328,400,0.82164360060016,6.5924139614245,8.02344709629473,5.980742336080551,1.8176370566722335,0.75,0.0,0.25,0.75,0.0,0.19747873870357743,0.0,1.4525,1.0,,,,
pure_greedy_alpha0,compound,algorithm1,23,341,400,0.8842888550815646,6.904276786847438,7.807716615642074,6.211443363786522,1.452486484935224,1.0,0.0,0.0,1.0,0.0,0.10237437649329674,0.0,0.7725,0.0,,,,
pure_greedy_alpha0,compound,algorithm1,24,354,400,0.8046625754545701,6.285246302366822,7.811033461841021,5.45115446978277,1.8718946537846675,0.75,0.0,0.25,0.75,0.0,0.1957939125882368,0.0,1.385,1.0,,,,
pure_greedy_alpha0,compound,no_trust,0,42,400,0.550025890665093,4.393860576520743,7.988461363532675,3.7238485770180625,1.384048221885703,0.0,0.0,1.0,0.5,0.0,0.505329210430598,1.0,4.0,4.0,,,,
pure_greedy_alpha0,compound,no_trust,1,55,400,0.7075192005407979,5.668299603165634,8.011513466819027,5.004038992997531,1.5080017988185865,0.0,0.0,1.0,0.25,0.0,0.33798238927029317,0.0,4.0,4.0,,,,
pure_greedy_alpha0,compound,no_trust,2,68,400,0.5059153767910765,3.928679341791381,7.76548711903211,3.264514442769418,1.6101154066894643,0.0,0.0,1.0,0.75,0.0,0.5430149945759613,0.0,4.0,4.0,,,,
pure_greedy_alpha0,compound,no_trust,3,81,400,0.5556835875462478,4.299608494547388,7.737512121841362,3.8097642286729387,0.8557960746872961,0.0,0.0,1.0,0.75,0.0,0.49974925769850187,1.0,4.0,4.0,,,,
pure_greedy_alpha0,compound,no_trust,4,94,400,0.6719718787043808,5.282546733468117,7.8612616106098345,4.618055058270416,1.586221338898656,0.0,0.0,1.0,0.5,0.0,0.3777425888937331,0.0,4.0,4.0,,,,
pure_greedy_alpha0,compound,no_trust,5,107,400,0.5603452338918102,4.364168256473106,7.788356164220942,3.933369612583184,1.1536525315268396,0.0,0.0,1.0,0.75,0.0,0.501871891439425,1.0,4.0,4.0,,,,
pure_greedy_alpha0,compound,no_trust,6,120,400,0.45378456826756447,3.5226653676995716,7.762858444367607,3.064206527146552,0.9146398094703527,0.0,0.0,1.0,1.0,0.0,0.5888694324317554,0.27547080703264015,4.0,4.0,,,,
pure_greedy_alpha0,compound,no_trust,7,133,400,0.5696541155520024,4.48929712924372,7.880742026928976,3.6947670881763988,1.6775367247781348,0.0,0.0,1.0,1.0,0.0,0.47609745786093854,0.0,4.0,4.0,,,,
pure_greedy_alpha0,compound,no_trust,8,146,400,0.6432540488156511,5.0495158993797835,7.849955874629737,4.220448330868293,1.8096704871196394,0.0,0.0,1.0,0.75,0.0,0.398338518078742,0.0,4.0,4.0,,,,
pure_greedy_alpha0,compound,no_trust,9,159,400,0.6157515438067764,4.857033468856215,7.887976112619147,4.025509346185662,1.7191098316641593,0.0,0.0,1.0,0.75,0.0,0.3960720412389554,0.0,4.0,4.0,,,,
pure_greedy_alpha0,compound,no_trust,10,172,400,0.6601630578924754,5.141593518017416,7.7883690348133,3.960347039040619,2.4284268268512617,0.0,0.0,1.0,0.75,0.0,0.38331776471713297,1.0,4.0,4.0,,,,
pure_greedy_alpha0,compound,no_trust,11,185,400,0.5900327391170652,4.651896970463834,7.8841336455753455,3.8465338142584815,1.6913002303859357,0.0,0.0,1.0,0.5,0.0,0.45139376688071925,1.0,4.0,4.0,,,,
pure_greedy_alpha0,compound,no_trust,12,198,400,0.5660085081682089,4.510859633954699,7.969596867992914,3.8453826164586187,1.5121999140497207,0.0,0.0,1.0,0.75,0.0,0.47920354718513797,1.0,4.0,4.0,,,,
pure_greedy_alpha0,compound,no_trust,13,211,400,0.5038748747855214,3.836751086756184,7.614491769190376,3.2335396427588665,1.0733707192655175,0.0,0.0,1.0,1.0,0.0,0.5386372952376834,0.0,4.0,4.0,,,,
pure_greedy_alpha0,compound,no_trust,14,224,400,0.5378159683190185,4.112722242280066,7.647080943198224,3.5147009832835097,1.2697932335475666,0.0,0.0,1.0,0.75,0.0,0.5305888783692898,1.0,4.0,4.0,,,,
pure_greedy_alpha0,compound,no_trust,15,237,400,0.5229242278199978,3.9590951301880377,7.571068463767654,3.3105575594635024,1.7529388989971704,0.0,0.0,1.0,0.75,0.0,0.5238078251082321,0.0,4.0,4.0,,,,
pure_greedy_alpha0,compound,no_trust,16,250,400,0.5625457286854638,4.411600223018568,7.842207305221983,4.05247308756158,1.179229336697822,0.0,0.0,1.0,0.75,0.0,0.48737163128952204,0.0,4.0,4.0,,,,
pure_greedy_alpha0,compound,no_trust,17,263,400,0.6023788211029287,4.844414268147629,8.042139096586634,4.1654387447355425,1.7736052872982793,0.0,0.0,1.0,0.5,0.0,0.4402838129993636,1.0,4.0,4.0,,,,
pure_greedy_alpha0,compound,no_trust,18,276,400,0.5574000901929981,4.418019518519407,7.92611913103509,3.883459552693842,1.163083899890193,0.0,0.0,1.0,0.75,0.0,0.5085283599738084,0.0,4.0,4.0,,,,
pure_greedy_alpha0,compound,no_trust,19,289,400,0.642255160479047,5.10155129188279,7.943184587380553,3.9766335600594105,1.6137950751033396,0.0,0.0,1.0,0.75,0.0,0.3980652006047012,0.0,4.0,4.0,,,,
pure_greedy_alpha0,compound,no_trust,20,302,400,0.5806635933812923,4.460356430509615,7.681481121515268,3.8073872026134308,1.2565315305548128,0.0,0.0,1.0,0.75,0.0,0.4600214170679312,1.0,4.0,4.0,,,,
pure_greedy_alpha0,compound,no_trust,21,315,400,0.6076736100128916,4.668988064254157,7.6833813206979755,3.8537812473401725,1.7479959334524833,0.0,0.0,1.0,0.5,0.0,0.43684567752123543,1.0,4.0,4.0,,,,
pure_greedy_alpha0,compound,no_trust,22,328,400,0.5992560193868245,4.808098968686355,8.02344709629473,4.451415814114775,0.8273245094213504,0.0,0.0,1.0,0.75,0.0,0.45950359580937344,1.0,4.0,4.0,,,,
pure_greedy_alpha0,compound,no_trust,23,341,400,0.5217395136795573,4.073594269992895,7.807716615642074,3.6752410778363243,1.1843810112696,0.0,0.0,1.0,1.0,0.0,0.5259995603671422,1.0,4.0,4.0,,,,
pure_greedy_alpha0,compound,no_trust,24,354,400,0.5850652365658375,4.569964140175689,7.811033461841021,3.8387767126629124,1.8131454908047773,0.0,0.0,1.0,0.75,0.0,0.4544649617338548,0.0,4.0,4.0,,,,
pure_greedy_alpha0,compound,oracle,0,42,400,0.968892258476494,7.739958372265386,7.988461363532675,6.605404110582876,2.039741331590676,1.0,0.0,0.0,0.5,0.0,0.0,0.0,0.0,0.0,,,,
pure_greedy_alpha0,compound,oracle,1,55,400,0.9710532382158725,7.779606094964687,8.011513466819027,7.164675587442555,1.2071754741411889,1.0,0.0,0.0,0.25,0.0,0.0,0.0,0.0,0.0,,,,
pure_greedy_alpha0,compound,oracle,2,68,400,0.969710944292977,7.530277847091576,7.76548711903211,6.452799711212567,1.9987391648650927,1.0,0.0,0.0,0.75,0.0,0.0,0.0,0.0,0.0,,,,
pure_greedy_alpha0,compound,oracle,3,81,400,0.9722299814791654,7.522641266912645,7.737512121841362,6.704310254611783,1.5169412839086638,1.0,0.0,0.0,0.75,0.0,0.0,0.0,0.0,0.0,,,,
pure_greedy_alpha0,compound,oracle,4,94,400,0.97120728867357,7.634914574393999,7.8612616106098345,6.667667651551548,1.7765723776291962,1.0,0.0,0.0,0.5,0.0,0.0,0.0,0.0,0.0,,,,
pure_greedy_alpha0,compound,oracle,5,107,400,0.9726152066133779,7.575073639842326,7.788356164220942,6.798790440033704,1.7208658230424483,1.0,0.0,0.0,0.75,0.0,0.0,0.0,0.0,0.0,,,,
pure_greedy_alpha0,compound,oracle,6,120,400,0.9691653044805109,7.523493067874637,7.762858444367607,6.90800135862711,1.5827229602577377,1.0,0.0,0.0,1.0,0.0,0.0,0.0,0.0,0.0,,,,
pure_greedy_alpha0,compound,oracle,7,133,400,0.9703439922158865,7.64703068003378,7.880742026928976,6.70609942366779,2.0032141324543007,1.0,0.0,0.0,1.0,0.0,0.0,0.0,0.0,0.0,,,,
pure_greedy_alpha0,compound,oracle,8,146,400,0.9684898020382136,7.602602211028866,7.849955874629737,6.7570997103008414,1.502858532109923,1.0,0.0,0.0,0.75,0.0,0.0,0.0,0.0,0.0,,,,
pure_greedy_alpha0,compound,oracle,9,159,400,0.957280932804962,7.551009131031314,7.887976112619147,6.352955763688799,2.68388254679013,1.0,0.0,0.0,0.75,0.0,0.0,0.0,0.0,0.0,,,,
pure_greedy_alpha0,compound,oracle,10,172,400,0.9773686661431411,7.612107854986019,7.7883690348133,6.5087121757425495,2.1304211920925686,1.0,0.0,0.0,0.75,0.0,0.0,0.0,0.0,0.0,,,,
pure_greedy_alpha0,compound,oracle,11,185,400,0.975504450342036,7.69100745835013,7.8841336455753455,6.509930969208564,2.1841449798057306,1.0,0.0,0.0,0.5,0.0,0.0,0.0,0.0,0.0,,,,
pure_greedy_alpha0,compound,oracle,12,198,400,0.9593989262176278,7.646022677539771,7.969596867992914,6.733936971545817,2.0915178215152403,1.0,0.0,0.0,0.75,0.0,0.0,0.0,0.0,0.0,,,,
pure_greedy_alpha0,compound,oracle,13,211,400,0.9712961466124047,7.395926513826485,7.614491769190376,6.0776768579094975,2.6355809292283903,1.0,0.0,0.0,1.0,0.0,0.0,0.0,0.0,0.0,,,,
pure_greedy_alpha0,compound,oracle,14,224,400,0.9669630741573705,7.394444897165199,7.647080943198224,6.748502669115071,1.2343474352420998,1.0,0.0,0.0,0.75,0.0,0.0,0.0,0.0,0.0,,,,
pure_greedy_alpha0,compound,oracle,15,237,400,0.9661803825921628,7.31501782495449,7.571068463767654,6.402605186724363,1.865566699442267,1.0,0.0,0.0,0.75,0.0,0.0,0.0,0.0,0.0,,,,
pure_greedy_alpha0,compound,oracle,16,250,400,0.9758654091864751,7.652938840835615,7.842207305221983,6.992740066564796,1.1823689641216948,1.0,0.0,0.0,0.75,0.0,0.0,0.0,0.0,0.0,,,,
pure_greedy_alpha0,compound,oracle,17,263,400,0.9677613024562564,7.7828710066470626,8.042139096586634,7.160410537763684,1.6147222568903858,1.0,0.0,0.0,0.5,0.0,0.0,0.0,0.0,0.0,,,,
pure_greedy_alpha0,compound,oracle,18,276,400,0.9728883995172697,7.7112293557759415,7.92611913103509,6.7918247680049335,1.8866709812661275,1.0,0.0,0.0,0.75,0.0,0.0,0.0,0.0,0.0,,,,
pure_greedy_alpha0,compound,oracle,19,289,400,0.9695608526976796,7.701400821675755,7.943184587380553,6.6912372266326985,1.8356976591031442,1.0,0.0,0.0,0.75,0.0,0.0,0.0,0.0,0.0,,,,
pure_greedy_alpha0,compound,oracle,20,302,400,0.9668715914845417,7.42700587691793,7.681481121515268,6.244916954364259,1.8037698127684365,1.0,0.0,0.0,0.75,0.0,0.0,0.0,0.0,0.0,,,,
pure_greedy_alpha0,compound,oracle,21,315,400,0.9727086701519639,7.473691626726568,7.6833813206979755,6.745166874771602,1.4846203843702934,1.0,0.0,0.0,0.5,0.0,0.0,0.0,0.0,0.0,,,,
pure_greedy_alpha0,compound,oracle,22,328,400,0.9731465050680997,7.807989500358009,8.02344709629473,7.058191861805856,1.7911765123184313,1.0,0.0,0.0,0.75,0.0,0.0,0.0,0.0,0.0,,,,
pure_greedy_alpha0,compound,oracle,23,341,400,0.9734031632022038,7.6000560510524,7.807716615642074,6.9186317102190085,1.5067787809704445,1.0,0.0,0.0,1.0,0.0,0.0,0.0,0.0,0.0,,,,
pure_greedy_alpha0,compound,oracle,24,354,400,0.9617389276149785,7.512174945155696,7.811033461841021,6.501214006172906,2.0833080595424667,1.0,0.0,0.0,0.75,0.0,0.0,0.0,0.0,0.0,,,,
pure_greedy_alpha0,compound,sparse_online,0,42,400,0.9671038079616449,7.725671404426924,7.988461363532675,6.590593757227818,2.0421072150566886,1.0,0.0,0.0,0.5,0.0,0.0024908846097804528,0.0,0.0175,0.0,,,,
pure_greedy_alpha0,compound,sparse_online,1,55,400,0.9655674191763997,7.735656381853418,8.011513466819027,7.124171039282603,1.2018222541159878,1.0,0.0,0.0,0.25,0.0,0.006940356107919843,0.0,0.0375,0.0,,,,
pure_greedy_alpha0,compound,sparse_online,2,68,400,0.9674180013153296,7.512472027933981,7.76548711903211,6.431309067138282,2.001936479851726,1.0,0.0,0.0,0.75,0.0,0.0005686049784145984,0.0,0.005,0.0,,,,
pure_greedy_alpha0,compound,sparse_online,3,81,400,0.9705844544265322,7.5099089813960775,7.737512121841362,6.6924355903553945,1.5148957323252645,1.0,0.0,0.0,0.75,0.0,0.0023348930983016743,0.0,0.0075,0.0,,,,
pure_greedy_alpha0,compound,sparse_online,4,94,400,0.9698570345133333,7.624299873199564,7.8612616106098345,6.658057300129304,1.7752297257387468,1.0,0.0,0.0,0.5,0.0,0.0012339538836934768,0.0,0.005,0.0,,,,
pure_greedy_alpha0,compound,sparse_online,5,107,400,0.9726762955379884,7.575549422144883,7.788356164220942,6.799155195985635,1.7214355282121447,1.0,0.0,0.0,0.75,0.0,0.0,0.0,0.0,0.0,,,,
pure_greedy_alpha0,compound,sparse_online,6,120,400,0.9664499693308848,7.502414305479074,7.762858444367607,6.885443987610899,1.58355619124075,1.0,0.0,0.0,1.0,0.0,0.0020261151627594164,0.0,0.005,0.0,,,,
pure_greedy_alpha0,compound,sparse_online,7,133,400,0.968671074170782,7.633846844488117,7.880742026928976,6.694303858142735,1.999611166741742,1.0,0.0,0.0,1.0,0.0,0.0008067481776022064,0.0,0.005,0.0,,,,
pure_greedy_alpha0,compound,sparse_online,8,146,400,0.9672720860177669,7.59304319400053,7.849955874629737,6.748802663599155,1.4988263834635474,1.0,0.0,0.0,0.75,0.0,0.0017134283736480532,0.0,0.01,0.0,,,,
pure_greedy_alpha0,compound,sparse_online,9,159,400,0.9553509082136205,7.535785143158045,7.887976112619147,6.339811625291409,2.6795502848290926,1.0,0.0,0.0,0.75,0.0,0.0013284727655738056,0.0,0.005,0.0,,,,
pure_greedy_alpha0,compound,sparse_online,10,172,400,0.9752601128173756,7.595685663555374,7.7883690348133,6.49237345199897,2.1304374472632865,1.0,0.0,0.0,0.75,0.0,0.0014639933006244709,0.0,0.0125,0.0,,,,
pure_greedy_alpha0,compound,sparse_online,11,185,400,0.9737895427843248,7.677486897975328,7.8841336455753455,6.499310626855827,2.180282096144346,1.0,0.0,0.0,0.5,0.0,0.000972264778278678,0.0,0.0075,0.0,,,,
pure_greedy_alpha0,compound,sparse_online,12,198,400,0.9569114812010219,7.626198743526124,7.969596867992914,6.7173262451232985,2.0864576793498246,1.0,0.0,0.0,0.75,0.0,0.002914525149311404,0.0,0.02,0.0,,,,
pure_greedy_alpha0,compound,sparse_online,13,211,400,0.9677941050323191,7.36926024703956,7.614491769190376,6.054632175317571,2.63210945285502,1.0,0.0,0.0,1.0,0.0,0.0030983770868136893,0.0,0.01,0.0,,,,
pure_greedy_alpha0,compound,sparse_online,14,224,400,0.9642192028602945,7.373462291258741,7.647080943198224,6.729667964148625,1.2334963308598725,1.0,0.0,0.0,0.75,0.0,0.0041228874601088395,0.0,0.015,0.0,,,,
pure_greedy_alpha0,compound,sparse_online,15,237,400,0.9650481173693767,7.306445367433633,7.571068463767654,6.39506950827054,1.8643058920404556,1.0,0.0,0.0,0.75,0.0,0.0010258211934188843,0.0,0.005,0.0,,,,
pure_greedy_alpha0,compound,sparse_online,16,250,400,0.9752213310696296,7.647887846722555,7.842207305221983,6.988282623166766,1.1810025634675867,1.0,0.0,0.0,0.75,0.0,0.0009441652180647958,0.0,0.01,0.0,,,,
pure_greedy_alpha0,compound,sparse_online,17,263,400,0.9636242925045937,7.749600597171828,8.042139096586634,7.131617383565555,1.6153006094137385,1.0,0.0,0.0,0.5,0.0,0.0031371188267917366,0.0,0.015,0.0,,,,
pure_greedy_alpha0,compound,sparse_online,18,276,400,0.9684035161580181,7.675681635981716,7.92611913103509,6.755367556454218,1.887852751066636,1.0,0.0,0.0,0.75,0.0,0.0022640768052171866,0.0,0.01,0.0,,,,
pure_greedy_alpha0,compound,sparse_online,19,289,400,0.9663920516892693,7.676230450345274,7.943184587380553,6.670278925727444,1.8306743871701228,1.0,0.0,0.0,0.75,0.0,0.0029880944855978898,0.0,0.0125,0.0,,,,
pure_greedy_alpha0,compound,sparse_online,20,302,400,0.9661277278670524,7.421291902583203,7.681481121515268,6.239851504770628,1.8028306121994868,1.0,0.0,0.0,0.75,0.0,0.0005069501412216724,0.0,0.005,0.0,,,,
pure_greedy_alpha0,compound,sparse_online,21,315,400,0.9715538534003753,7.464818729268583,7.6833813206979755,6.736934033177095,1.483788611296518,1.0,0.0,0.0,0.5,0.0,0.0014744774093752382,0.0,0.0125,0.0,,,,
pure_greedy_alpha0,compound,sparse_online,22,328,400,0.972504709230024,7.802840085404586,8.02344709629473,7.0534357427159255,1.7896526186898702,1.0,0.0,0.0,0.75,0.0,0.0012368077721360408,0.0,0.01,0.0,,,,
pure_greedy_alpha0,compound,sparse_online,23,341,400,0.9723883385355362,7.592132587640497,7.807716615642074,6.911465033261367,1.5062527830275574,1.0,0.0,0.0,1.0,0.0,0.0014929924358092156,0.0,0.0125,0.0,,,,
pure_greedy_alpha0,compound,sparse_online,24,354,400,0.959570378611566,7.4952363363264,7.811033461841021,6.487535802237551,2.0781142882340147,1.0,0.0,0.0,0.75,0.0,0.0021899718194732408,0.0,0.0125,0.0,,,,
pure_greedy_alpha0,reputation_poison,algorithm1,0,42,400,0.743066921222365,5.9359613907040405,7.988461363532675,4.8844408604920435,1.8685191758699906,0.0,0.0,1.0,0.0,0.0,0.3119634954252042,0.0,3.995,4.0,,,,
pure_greedy_alpha0,reputation_poison,algorithm1,1,55,400,0.7543583503141955,6.043552082349563,8.011513466819027,5.225763194547097,1.3927630310324526,0.0,0.0,1.0,0.0,0.0,0.3062226401852098,0.0,3.99,4.0,,,,
pure_greedy_alpha0,reputation_poison,algorithm1,2,68,400,0.7584431247726718,5.889680315940646,7.76548711903211,4.7847293982477614,2.210423183595262,0.0,0.0,1.0,0.0,0.0,0.2908048918936111,0.0,3.9875,4.0,,,,
pure_greedy_alpha0,reputation_poison,algorithm1,3,81,400,0.7698501128964028,5.956724580536857,7.737512121841362,5.257575248126904,1.2987069132953302,0.0,0.0,1.0,0.0,0.0,0.2864863375083048,1.0,3.995,4.0,,,,
pure_greedy_alpha0,reputation_poison,algorithm1,4,94,400,0.7613482587830411,5.985157839075763,7.8612616106098345,5.129423071028575,2.053184306901562,0.0,0.0,1.0,0.0,0.0,0.2965019073459574,0.5185598417994051,3.9925,4.0,,,,
pure_greedy_alpha0,reputation_poison,algorithm1,5,107,400,0.757360974545088,5.898597014638616,7.788356164220942,5.045317992708165,1.562871385648517,0.0,0.0,1.0,0.0,0.0,0.2975188525161222,1.0,3.9875,4.0,,,,
pure_greedy_alpha0,reputation_poison,algorithm1,6,120,400,0.7586206503443441,5.889064721597237,7.762858444367607,5.430926873659184,1.013944135752613,0.0,0.0,1.0,0.0,0.0,0.29902359405166545,0.0,3.9875,4.0,,,,
pure_greedy_alpha0,reputation_poison,algorithm1,7,133,400,0.7405268132112512,5.835900778941691,7.880742026928976,4.765784453494608,1.9901765136922318,0.0,0.0,1.0,0.0,0.0,0.31663861107899005,0.0,3.99,4.0,,,,
pure_greedy_alpha0,reputation_poison,algorithm1,8,146,400,0.767813960222531,6.027305707671581,7.849955874629737,5.0591343926680405,1.6272225455262213,0.0,0.0,1.0,0.0,0.0,0.29492589982017753,0.2958999495791481,3.9975,4.0,,,,
pure_greedy_alpha0,reputation_poison,algorithm1,9,159,400,0.7558872334753475,5.962420441487313,7.887976112619147,4.944829962761094,2.4918399521350922,0.0,0.0,1.0,0.0,0.0,0.30441688038577225,0.0,3.9825,4.0,,,,
pure_greedy_alpha0,reputation_poison,algorithm1,10,172,400,0.7481218255964723,5.826648860743561,7.7883690348133,4.7284419048557735,2.0912991451432372,0.0,0.0,1.0,0.0,0.0,0.3142197905999912,1.0,3.995,4.0,,,,
pure_greedy_alpha0,reputation_poison,algorithm1,11,185,400,0.781711623772456,6.163118914121756,7.8841336455753455,5.449638863654752,1.7051741395295554,0.0,0.0,1.0,0.0,0.0,0.2814002785043268,1.0,3.9925,4.0,,,,
pure_greedy_alpha0,reputation_poison,algorithm1,12,198,400,0.7531905967541477,6.002625420893569,7.969596867992914,5.075095388441699,1.8250831480287921,0.0,0.0,1.0,0.0,0.0,0.3016238002780262,0.0,3.995,4.0,,,,
pure_greedy_alpha0,reputation_poison,algorithm1,13,211,400,0.7357588528723601,5.602429729305539,7.614491769190376,4.397825998781527,2.0760433427742457,0.0,0.0,1.0,0.0,0.0,0.31686113362676294,0.9574186362794936,3.9925,4.0,,,,
pure_greedy_alpha0,reputation_poison,algorithm1,14,224,400,0.7786080405471197,5.9540787090887894,7.647080943198224,5.40754280273627,1.340235307570664,0.0,0.0,1.0,0.0,0.0,0.2876801146155898,1.0,3.9925,4.0,,,,
pure_greedy_alpha0,reputation_poison,algorithm1,15,237,400,0.7459593293253051,5.647709153508087,7.571068463767654,4.994684991215993,1.677181254664105,0.0,0.0,1.0,0.0,0.0,0.3103595952012899,0.0,3.99,4.0,,,,
pure_greedy_alpha0,reputation_poison,algorithm1,16,250,400,0.7517530266962079,5.895403077679738,7.842207305221983,5.211016797251749,1.1768636749611057,0.0,0.0,1.0,0.0,0.0,0.3052720033779067,0.0,3.9925,4.0,,,,
pure_greedy_alpha0,reputation_poison,algorithm1,17,263,400,0.7523230168905884,6.050286347397808,8.042139096586634,5.557608453930747,1.4178780315848476,0.0,0.0,1.0,0.0,0.0,0.3122204506358553,1.0,4.0,4.0,,,,
pure_greedy_alpha0,reputation_poison,algorithm1,18,276,400,0.7751130479656615,6.143638358195549,7.92611913103509,5.16104152395409,1.8804283589696285,0.0,0.0,1.0,0.0,0.0,0.2851062655695912,0.0,3.99,4.0,,,,
pure_greedy_alpha0,reputation_poison,algorithm1,19,289,400,0.7575039409635428,6.016993628741641,7.943184587380553,5.065576142100506,1.9219153134689728,0.0,0.0,1.0,0.0,0.0,0.3004940097706742,0.0,3.99,4.0,,,,
pure_greedy_alpha0,reputation_poison,algorithm1,20,302,400,0.7623155980361781,5.855712874951523,7.681481121515268,5.150561761953291,1.3002466310961838,0.0,0.0,1.0,0.0,0.0,0.2827723410103835,1.0,3.995,4.0,,,,
pure_greedy_alpha0,reputation_poison,algorithm1,21,315,400,0.7754108669264388,5.957777370808824,7.6833813206979755,5.085187819956756,2.0916331641590205,0.0,0.0,1.0,0.0,0.0,0.2765408607718264,1.0,3.995,4.0,,,,
pure_greedy_alpha0,reputation_poison,algorithm1,22,328,400,0.7585183404303202,6.085931776011949,8.02344709629473,5.450260751210618,1.2439857691824656,0.0,0.0,1.0,0.0,0.0,0.31006902376035583,1.0,4.0,4.0,,,,
pure_greedy_alpha0,reputation_poison,algorithm1,23,341,400,0.7633709197238785,5.960183813826098,7.807716615642074,5.417100231702033,1.3582822624566226,0.0,0.0,1.0,0.0,0.0,0.2949329093899554,0.0,3.9975,4.0,,,,
pure_greedy_alpha0,reputation_poison,algorithm1,24,354,400,0.7633330490380602,5.962419988565421,7.811033461841021,4.964609484042494,1.998607631560791,0.0,0.0,1.0,0.0,0.0,0.28540807061978224,0.0,4.0,4.0,,,,
pure_greedy_alpha0,reputation_poison,no_trust,0,42,400,0.7429932445005324,5.9353728270582895,7.988461363532675,4.8838975451711075,1.8684422963228444,0.0,0.0,1.0,0.0,0.0,0.31164430361060486,0.0,4.0,4.0,,,,
pure_greedy_alpha0,reputation_poison,no_trust,1,55,400,0.7552100579395777,6.050375549460105,8.011513466819027,5.231654934553528,1.394852535162424,0.0,0.0,1.0,0.0,0.0,0.30609261764859463,0.0,4.0,4.0,,,,
pure_greedy_alpha0,reputation_poison,no_trust,2,68,400,0.7597860217976382,5.90010856549021,7.76548711903211,4.795165299438595,2.21012375945588,0.0,0.0,1.0,0.0,0.0,0.29080699007948924,0.0,4.0,4.0,,,,
pure_greedy_alpha0,reputation_poison,no_trust,3,81,400,0.7697159566459222,5.955686544922543,7.737512121841362,5.256727391479777,1.298188780810472,0.0,0.0,1.0,0.0,0.0,0.28654176810395554,1.0,4.0,4.0,,,,
pure_greedy_alpha0,reputation_poison,no_trust,4,94,400,0.7615597957120493,5.986820786215001,7.8612616106098345,5.130856821307538,2.0537794537841645,0.0,0.0,1.0,0.0,0.0,0.2962911454434132,0.5191087806410337,4.0,4.0,,,,
pure_greedy_alpha0,reputation_poison,no_trust,5,107,400,0.7572907242055333,5.898049879973507,7.788356164220942,5.044875050823871,1.5625481109137702,0.0,0.0,1.0,0.0,0.0,0.2970714763427866,1.0,4.0,4.0,,,,
pure_greedy_alpha0,reputation_poison,no_trust,6,120,400,0.7587150558890533,5.889797578477179,7.762858444367607,5.431520416967459,1.01422159899455,0.0,0.0,1.0,0.0,0.0,0.2991703642834348,0.0,4.0,4.0,,,,
pure_greedy_alpha0,reputation_poison,no_trust,7,133,400,0.7417025049737013,5.845166102424746,7.880742026928976,4.773031386332873,1.993007728727732,0.0,0.0,1.0,0.0,0.0,0.316826132749131,0.0,4.0,4.0,,,,
pure_greedy_alpha0,reputation_poison,no_trust,8,146,400,0.767758554867018,6.026870778075586,7.849955874629737,5.058755515534612,1.6271585311755903,0.0,0.0,1.0,0.0,0.0,0.2948760306724098,0.29586389532463464,4.0,4.0,,,,
pure_greedy_alpha0,reputation_poison,no_trust,9,159,400,0.7565673910689164,5.967785508338201,7.887976112619147,4.949921914023675,2.491623850622971,0.0,0.0,1.0,0.0,0.0,0.30457886337013435,0.0,4.0,4.0,,,,
pure_greedy_alpha0,reputation_poison,no_trust,10,172,400,0.7485513225889594,5.829993941820393,7.7883690348133,4.731561677374512,2.091226354257654,0.0,0.0,1.0,0.0,0.0,0.314327403378491,1.0,4.0,4.0,,,,
pure_greedy_alpha0,reputation_poison,no_trust,11,185,400,0.7826877687352166,6.170814971465616,7.8841336455753455,5.457470925153568,1.703957762123645,0.0,0.0,1.0,0.0,0.0,0.2816298523346217,1.0,4.0,4.0,,,,
pure_greedy_alpha0,reputation_poison,no_trust,12,198,400,0.7533184521155362,6.003644376581247,7.969596867992914,5.075863717219128,1.825288711292207,0.0,0.0,1.0,0.0,0.0,0.30153842013625115,0.0,4.0,4.0,,,,
pure_greedy_alpha0,reputation_poison,no_trust,13,211,400,0.7361053834931972,5.605068383865675,7.614491769190376,4.399960806246907,2.076994879401096,0.0,0.0,1.0,0.0,0.0,0.3169972435580251,0.958768995410761,4.0,4.0,,,,
pure_greedy_alpha0,reputation_poison,no_trust,14,224,400,0.7786330310328569,5.9542698133560314,7.647080943198224,5.407706391404382,1.340198872990225,0.0,0.0,1.0,0.0,0.0,0.2878394502665751,1.0,4.0,4.0,,,,
pure_greedy_alpha0,reputation_poison,no_trust,15,237,400,0.746118785320818,5.648916405767073,7.571068463767654,4.996009357611099,1.6771218905981726,0.0,0.0,1.0,0.0,0.0,0.31052153776139224,0.0,4.0,4.0,,,,
pure_greedy_alpha0,reputation_poison,no_trust,16,250,400,0.751928113105727,5.896776141599514,7.842207305221983,5.2125085465145515,1.176564876302347,0.0,0.0,1.0,0.0,0.0,0.30495020108871446,0.0,4.0,4.0,,,,
pure_greedy_alpha0,reputation_poison,no_trust,17,263,400,0.7525213894995,6.051881687511628,8.042139096586634,5.55894970962628,1.417975543727028,0.0,0.0,1.0,0.0,0.0,0.3124118486209096,1.0,4.0,4.0,,,,
pure_greedy_alpha0,reputation_poison,no_trust,18,276,400,0.7756139616481098,6.147608659717,7.92611913103509,5.164691044097113,1.881008403093059,0.0,0.0,1.0,0.0,0.0,0.28585849000858776,0.0,4.0,4.0,,,,
pure_greedy_alpha0,reputation_poison,no_trust,19,289,400,0.757788580820885,6.019254575669436,7.943184587380553,5.067739789105995,1.9218606533173705,0.0,0.0,1.0,0.0,0.0,0.3006568387312686,0.0,4.0,4.0,,,,
pure_greedy_alpha0,reputation_poison,no_trust,20,302,400,0.7623552122931158,5.856017171118333,7.681481121515268,5.150814210061674,1.3003088195120833,0.0,0.0,1.0,0.0,0.0,0.28284671342522955,1.0,4.0,4.0,,,,
pure_greedy_alpha0,reputation_poison,no_trust,21,315,400,0.775541776008244,5.958783195202676,7.6833813206979755,5.086005381624988,2.09188341484432,0.0,0.0,1.0,0.0,0.0,0.27665646837252955,1.0,4.0,4.0,,,,
pure_greedy_alpha0,reputation_poison,no_trust,22,328,400,0.758332640835538,6.084441825137411,8.02344709629473,5.4487144652577255,1.243850383299156,0.0,0.0,1.0,0.0,0.0,0.3099387244996222,1.0,4.0,4.0,,,,
pure_greedy_alpha0,reputation_poison,no_trust,23,341,400,0.7632178195179287,5.958988450804245,7.807716615642074,5.415887306202722,1.358435913431033,0.0,0.0,1.0,0.0,0.0,0.2951049964176361,0.0,4.0,4.0,,,,
pure_greedy_alpha0,reputation_poison,no_trust,24,354,400,0.7633330490380602,5.962419988565421,7.811033461841021,4.964609484042494,1.998607631560791,0.0,0.0,1.0,0.0,0.0,0.28540807061978224,0.0,4.0,4.0,,,,
pure_greedy_alpha0,reputation_poison,oracle,0,42,400,0.973281135532159,7.775018747053862,7.988461363532675,6.743147339500586,2.086999234197229,1.0,0.0,0.0,0.0,0.0,0.0,0.0,0.0,0.0,,,,
pure_greedy_alpha0,reputation_poison,oracle,1,55,400,0.9727337725127813,7.793069718115823,8.011513466819027,7.124207734696947,1.396022040147825,1.0,0.0,0.0,0.0,0.0,0.0,0.0,0.0,0.0,,,,
pure_greedy_alpha0,reputation_poison,oracle,2,68,400,0.9742063704474025,7.565187020988328,7.76548711903211,6.5685290582970515,2.0170317536529767,1.0,0.0,0.0,0.0,0.0,0.0,0.0,0.0,0.0,,,,
pure_greedy_alpha0,reputation_poison,oracle,3,81,400,0.9736255875277376,7.5334397856307875,7.737512121841362,6.765549935586314,1.4837496418823672,1.0,0.0,0.0,0.0,0.0,0.0,0.0,0.0,0.0,,,,
pure_greedy_alpha0,reputation_poison,oracle,4,94,400,0.9742350780499988,7.658716818783931,7.8612616106098345,6.668971674385218,2.0012177168237075,1.0,0.0,0.0,0.0,0.0,0.0,0.0,0.0,0.0,,,,
pure_greedy_alpha0,reputation_poison,oracle,5,107,400,0.9724832365528409,7.574045810007851,7.788356164220942,6.800287871594368,1.6972941742860383,1.0,0.0,0.0,0.0,0.0,0.0,0.0,0.0,0.0,,,,
pure_greedy_alpha0,reputation_poison,oracle,6,120,400,0.9738329464346228,7.5597273116334,7.762858444367607,7.086349203301673,1.3726671022679735,1.0,0.0,0.0,0.0,0.0,0.0,0.0,0.0,0.0,,,,
pure_greedy_alpha0,reputation_poison,oracle,7,133,400,0.9744159290109241,7.679120563465431,7.880742026928976,6.701801224569707,2.138092427328888,1.0,0.0,0.0,0.0,0.0,0.0,0.0,0.0,0.0,,,,
pure_greedy_alpha0,reputation_poison,oracle,8,146,400,0.973050487416337,7.638403390005204,7.849955874629737,6.65548074619686,1.617949561890116,1.0,0.0,0.0,0.0,0.0,0.0,0.0,0.0,0.0,,,,
pure_greedy_alpha0,reputation_poison,oracle,9,159,400,0.9673687087630283,7.6305812668179955,7.887976112619147,6.632561267552108,2.7916398017188504,1.0,0.0,0.0,0.0,0.0,0.0,0.0,0.0,0.0,,,,
pure_greedy_alpha0,reputation_poison,oracle,10,172,400,0.981714280617773,7.645953104197478,7.7883690348133,6.550786132974766,2.0681246329633147,1.0,0.0,0.0,0.0,0.0,0.0,0.0,0.0,0.0,,,,
pure_greedy_alpha0,reputation_poison,oracle,11,185,400,0.9784398256796101,7.71415034981149,7.8841336455753455,6.886216950442411,1.7891510201516807,1.0,0.0,0.0,0.0,0.0,0.0,0.0,0.0,0.0,,,,
pure_greedy_alpha0,reputation_poison,oracle,12,198,400,0.9649263398155,7.690073935637475,7.969596867992914,6.762736478897599,1.9923543705136773,1.0,0.0,0.0,0.0,0.0,0.0,0.0,0.0,0.0,,,,
pure_greedy_alpha0,reputation_poison,oracle,13,211,400,0.9752499616610806,7.426032805971528,7.614491769190376,6.032940489481654,2.859658515354929,1.0,0.0,0.0,0.0,0.0,0.0,0.0,0.0,0.0,,,,
pure_greedy_alpha0,reputation_poison,oracle,14,224,400,0.9692328418613737,7.411801994519969,7.647080943198224,6.805027078909461,1.158701286350146,1.0,0.0,0.0,0.0,0.0,0.0,0.0,0.0,0.0,,,,
pure_greedy_alpha0,reputation_poison,oracle,15,237,400,0.9683342386420408,7.331324816569217,7.571068463767654,6.37645936133461,1.9291062655955846,1.0,0.0,0.0,0.0,0.0,0.0,0.0,0.0,0.0,,,,
pure_greedy_alpha0,reputation_poison,oracle,16,250,400,0.9780595241338791,7.670145545104643,7.842207305221983,6.998340927357468,1.193146936892493,1.0,0.0,0.0,0.0,0.0,0.0,0.0,0.0,0.0,,,,
pure_greedy_alpha0,reputation_poison,oracle,17,263,400,0.9759670618383492,7.8488628649909735,8.042139096586634,7.058652738938767,1.986811913252306,1.0,0.0,0.0,0.0,0.0,0.0,0.0,0.0,0.0,,,,
pure_greedy_alpha0,reputation_poison,oracle,18,276,400,0.9759824411767265,7.735753098565182,7.92611913103509,6.78488113786116,2.1356236369524835,1.0,0.0,0.0,0.0,0.0,0.0,0.0,0.0,0.0,,,,
pure_greedy_alpha0,reputation_poison,oracle,19,289,400,0.9753230572688625,7.747171076214909,7.943184587380553,6.735744968191447,1.9852054510167925,1.0,0.0,0.0,0.0,0.0,0.0,0.0,0.0,0.0,,,,
pure_greedy_alpha0,reputation_poison,oracle,20,302,400,0.9687009003580224,7.441057678494992,7.681481121515268,6.318297228749521,1.7231622009524825,1.0,0.0,0.0,0.0,0.0,0.0,0.0,0.0,0.0,,,,
pure_greedy_alpha0,reputation_poison,oracle,21,315,400,0.9756952289778746,7.496638497022736,7.6833813206979755,6.626063335329238,1.702496073876647,1.0,0.0,0.0,0.0,0.0,0.0,0.0,0.0,0.0,,,,
pure_greedy_alpha0,reputation_poison,oracle,22,328,400,0.9756534448608798,7.828103799158976,8.02344709629473,7.072415471404213,1.8112166727503105,1.0,0.0,0.0,0.0,0.0,0.0,0.0,0.0,0.0,,,,
pure_greedy_alpha0,reputation_poison,oracle,23,341,400,0.976369440375695,7.623215902626467,7.807716615642074,6.941782450518276,1.302186496879819,1.0,0.0,0.0,0.0,0.0,0.0,0.0,0.0,0.0,,,,
pure_greedy_alpha0,reputation_poison,oracle,24,354,400,0.9676727132836795,7.558523943569313,7.811033461841021,6.566371937171227,2.023179727080536,1.0,0.0,0.0,0.0,0.0,0.0,0.0,0.0,0.0,,,,
pure_greedy_alpha0,reputation_poison,sparse_online,0,42,400,0.9716433410523807,7.761935289130745,7.988461363532675,6.729316258786546,2.089432425359653,1.0,0.0,0.0,0.0,0.0,0.0021734847021073044,0.0,0.025,0.0,,,,
pure_greedy_alpha0,reputation_poison,sparse_online,1,55,400,0.9707218268256577,7.776950988148924,8.011513466819027,7.109663125586629,1.3939506188819601,1.0,0.0,0.0,0.0,0.0,0.002135859057546568,0.0,0.02,0.0,,,,
pure_greedy_alpha0,reputation_poison,sparse_online,2,68,400,0.9714301098097228,7.54362800476735,7.76548711903211,6.544922565949816,2.0143879580835327,1.0,0.0,0.0,0.0,0.0,0.0021128595628467405,0.0,0.0225,0.0,,,,
pure_greedy_alpha0,reputation_poison,sparse_online,3,81,400,0.9718072336208969,7.51937025023481,7.737512121841362,6.752345362285994,1.4796848734428467,1.0,0.0,0.0,0.0,0.0,0.0024579557392365677,0.0,0.0275,0.0,,,,
pure_greedy_alpha0,reputation_poison,sparse_online,4,94,400,0.972139628936832,7.6422439451136075,7.8612616106098345,6.652823065837499,1.9999858964021904,1.0,0.0,0.0,0.0,0.0,0.002477654645240288,0.0,0.0225,0.0,,,,
pure_greedy_alpha0,reputation_poison,sparse_online,5,107,400,0.9710343151596205,7.562761094143491,7.788356164220942,6.791917708260903,1.6945315685575748,1.0,0.0,0.0,0.0,0.0,0.0020775713212210496,0.0,0.0175,0.0,,,,
pure_greedy_alpha0,reputation_poison,sparse_online,6,120,400,0.9717711362047281,7.543721770679578,7.762858444367607,7.072575710304658,1.369259901453976,1.0,0.0,0.0,0.0,0.0,0.0020994175961858426,0.0,0.02,0.0,,,,
pure_greedy_alpha0,reputation_poison,sparse_online,7,133,400,0.9715868182635181,7.6568250714995125,7.880742026928976,6.682113441998357,2.1323358598112048,1.0,0.0,0.0,0.0,0.0,0.002113543498748457,0.0,0.02,0.0,,,,
pure_greedy_alpha0,reputation_poison,sparse_online,8,146,400,0.971324820474578,7.624856980658088,7.849955874629737,6.644462664994382,1.6127940674339882,1.0,0.0,0.0,0.0,0.0,0.0023803535324441226,0.0,0.0275,0.0,,,,
pure_greedy_alpha0,reputation_poison,sparse_online,9,159,400,0.9651724604787179,7.613257312813974,7.887976112619147,6.617373778307464,2.7861581006396348,1.0,0.0,0.0,0.0,0.0,0.0020337842977075633,0.0,0.0125,0.0,,,,
pure_greedy_alpha0,reputation_poison,sparse_online,10,172,400,0.9793084751304751,7.627215803236424,7.7883690348133,6.531003532692427,2.067767636142767,1.0,0.0,0.0,0.0,0.0,0.0019314528486227207,0.0,0.025,0.0,,,,
pure_greedy_alpha0,reputation_poison,sparse_online,11,185,400,0.9757122915147171,7.6926461059326,7.8841336455753455,6.868899809982039,1.7851711282706182,1.0,0.0,0.0,0.0,0.0,0.0018820207300201668,0.0,0.0225,0.0,,,,
pure_greedy_alpha0,reputation_poison,sparse_online,12,198,400,0.9631396039809675,7.675834371326655,7.969596867992914,6.7498492500247345,1.98715368316598,1.0,0.0,0.0,0.0,0.0,0.001884122859396087,0.0,0.025,0.0,,,,
pure_greedy_alpha0,reputation_poison,sparse_online,13,211,400,0.9726429745600065,7.406181924148014,7.614491769190376,6.013635945252681,2.85798790958071,1.0,0.0,0.0,0.0,0.0,0.002299536375740404,0.0,0.025,0.0,,,,
pure_greedy_alpha0,reputation_poison,sparse_online,14,224,400,0.9675674553205093,7.399066648840265,7.647080943198224,6.792608743663919,1.1599016098843355,1.0,0.0,0.0,0.0,0.0,0.002070161945952286,0.0,0.0225,0.0,,,,
pure_greedy_alpha0,reputation_poison,sparse_online,15,237,400,0.9653635475245922,7.308833510734307,7.571068463767654,6.356207480192443,1.9235235326176925,1.0,0.0,0.0,0.0,0.0,0.002975903521537212,0.0,0.0225,0.0,,,,
pure_greedy_alpha0,reputation_poison,sparse_online,16,250,400,0.9762930047035511,7.656292133523308,7.842207305221983,6.985911611078507,1.1897227283969087,1.0,0.0,0.0,0.0,0.0,0.0025172186048148335,0.0,0.0225,0.0,,,,
pure_greedy_alpha0,reputation_poison,sparse_online,17,263,400,0.9735820136969696,7.8296819760859435,8.042139096586634,7.042081300709249,1.9829874254220439,1.0,0.0,0.0,0.0,0.0,0.002309321100863099,0.0,0.03,0.0,,,,
pure_greedy_alpha0,reputation_poison,sparse_online,18,276,400,0.9730294353844046,7.712347222860601,7.92611913103509,6.763355061286317,2.1342475129449134,1.0,0.0,0.0,0.0,0.0,0.002248563499884149,0.0,0.02,0.0,,,,
pure_greedy_alpha0,reputation_poison,sparse_online,19,289,400,0.9726717991110675,7.7261116432787444,7.943184587380553,6.714612199143975,1.982375274714446,1.0,0.0,0.0,0.0,0.0,0.002774289105396588,0.0,0.025,0.0,,,,
pure_greedy_alpha0,reputation_poison,sparse_online,20,302,400,0.9670388515108831,7.428290681652655,7.681481121515268,6.306542576917031,1.721210053938397,1.0,0.0,0.0,0.0,0.0,0.0019090373355078378,0.0,0.025,0.0,,,,
pure_greedy_alpha0,reputation_poison,sparse_online,21,315,400,0.9739478841987806,7.483212980786226,7.6833813206979755,6.615268725943011,1.699601875692574,1.0,0.0,0.0,0.0,0.0,0.0019369150183978937,0.0,0.025,0.0,,,,
pure_greedy_alpha0,reputation_poison,sparse_online,22,328,400,0.974212169160848,7.816539799828595,8.02344709629473,7.061316910688296,1.8077452743148132,1.0,0.0,0.0,0.0,0.0,0.002436354993936778,0.0,0.03,0.0,,,,
pure_greedy_alpha0,reputation_poison,sparse_online,23,341,400,0.9748637719640751,7.6114600703514155,7.807716615642074,6.930814166623885,1.3014242440726003,1.0,0.0,0.0,0.0,0.0,0.0018360583193296558,0.0,0.0275,0.0,,,,
pure_greedy_alpha0,reputation_poison,sparse_online,24,354,400,0.9659693864278309,7.545219200501827,7.811033461841021,6.556209730070025,2.0167404266093847,1.0,0.0,0.0,0.0,0.0,0.001974039965368631,0.0,0.03,0.0,,,,
pure_greedy_alpha0,trust_mimicry,algorithm1,0,42,400,0.7490706015316634,5.983921558893873,7.988461363532675,5.05093950398591,1.6947995933512257,0.0,0.0,1.0,0.0,0.0,0.305186929265728,0.0,3.9825,4.0,,,,
pure_greedy_alpha0,trust_mimicry,algorithm1,1,55,400,0.7541606031078614,6.04196782794299,8.011513466819027,5.206173881234921,1.4120217261431716,0.0,0.0,1.0,0.0,0.0,0.30609126119768243,0.0,3.985,4.0,,,,
pure_greedy_alpha0,trust_mimicry,algorithm1,2,68,400,0.7580065220563963,5.886289883171274,7.76548711903211,4.749015100969371,2.161725258010642,0.0,0.0,1.0,0.0,0.0,0.2898689906781072,0.0,3.9725,4.0,,,,
pure_greedy_alpha0,trust_mimicry,algorithm1,3,81,400,0.7667971165601836,5.933101984377424,7.737512121841362,5.282388162459143,1.2209004915259873,0.0,0.0,1.0,0.0,0.0,0.2902463621291759,1.0,3.9775,4.0,,,,
pure_greedy_alpha0,trust_mimicry,algorithm1,4,94,400,0.7607687475356267,5.9806021495535475,7.8612616106098345,5.130294405299177,2.0660435373979444,0.0,0.0,1.0,0.0,0.0,0.2968993325776578,0.5440330091727557,3.9775,4.0,,,,
pure_greedy_alpha0,trust_mimicry,algorithm1,5,107,400,0.7569666807080945,5.895526113802753,7.788356164220942,5.053736013396128,1.5328826014700683,0.0,0.0,1.0,0.0,0.0,0.29740652512873433,1.0,3.975,4.0,,,,
pure_greedy_alpha0,trust_mimicry,algorithm1,6,120,400,0.7569712573597062,5.8762607173383605,7.762858444367607,5.4192149712200655,0.9432492422556775,0.0,0.0,1.0,0.0,0.0,0.29765781810069014,0.0,3.965,4.0,,,,
pure_greedy_alpha0,trust_mimicry,algorithm1,7,133,400,0.7375880379217447,5.8127410490099765,7.880742026928976,4.773149788377947,1.8981356928347832,0.0,0.0,1.0,0.0,0.0,0.3172890064536781,0.0,3.9875,4.0,,,,
pure_greedy_alpha0,trust_mimicry,algorithm1,8,146,400,0.7679976930262629,6.0287480020735975,7.849955874629737,5.0579703152724855,1.614095774703057,0.0,0.0,1.0,0.0,0.0,0.29126442736795605,0.32937913091155124,3.9825,4.0,,,,
pure_greedy_alpha0,trust_mimicry,algorithm1,9,159,400,0.7552476896905344,5.957375735389733,7.887976112619147,4.922648395139074,2.5284313506920233,0.0,0.0,1.0,0.0,0.0,0.30318340381305653,0.0,3.97,4.0,,,,
pure_greedy_alpha0,trust_mimicry,algorithm1,10,172,400,0.7481290345089703,5.826705006414435,7.7883690348133,4.744430588890559,2.0840352158511672,0.0,0.0,1.0,0.0,0.0,0.3139785123423654,1.0,3.98,4.0,,,,
pure_greedy_alpha0,trust_mimicry,algorithm1,11,185,400,0.7804040465633292,6.152809800653092,7.8841336455753455,5.528043151396624,1.4931237086860971,0.0,0.0,1.0,0.0,0.0,0.2821463338159885,1.0,3.99,4.0,,,,
pure_greedy_alpha0,trust_mimicry,algorithm1,12,198,400,0.7547866514524136,6.015345333418015,7.969596867992914,5.116128616989961,1.7502378475219071,0.0,0.0,1.0,0.0,0.0,0.3002321486209532,0.0,3.995,4.0,,,,
pure_greedy_alpha0,trust_mimicry,algorithm1,13,211,400,0.7417276852318142,5.647879354178279,7.614491769190376,4.408078262638005,2.100303925367415,0.0,0.0,1.0,0.0,0.0,0.31127945420606606,0.8199432011225287,3.985,4.0,,,,
pure_greedy_alpha0,trust_mimicry,algorithm1,14,224,400,0.7773486536722963,5.944448075718213,7.647080943198224,5.396541929153059,1.346440554759246,0.0,0.0,1.0,0.0,0.0,0.288805298039053,1.0,3.9875,4.0,,,,
pure_greedy_alpha0,trust_mimicry,algorithm1,15,237,400,0.7484522530206651,5.666583249480606,7.571068463767654,5.067176845731508,1.6254845565027392,0.0,0.0,1.0,0.0,0.0,0.3037202168616173,0.0,3.99,4.0,,,,
pure_greedy_alpha0,trust_mimicry,algorithm1,16,250,400,0.7548870922199902,5.919981069225388,7.842207305221983,5.308614991675424,1.1255733333282265,0.0,0.0,1.0,0.0,0.0,0.29990661988994705,0.0,3.9925,4.0,,,,
pure_greedy_alpha0,trust_mimicry,algorithm1,17,263,400,0.75491355841367,6.071119842661914,8.042139096586634,5.567070146961728,1.447430323895098,0.0,0.0,1.0,0.0,0.0,0.31026013113730755,1.0,3.98,4.0,,,,
pure_greedy_alpha0,trust_mimicry,algorithm1,18,276,400,0.7710620299202177,6.111529506565389,7.92611913103509,5.1803350884190325,1.849657579476787,0.0,0.0,1.0,0.0,0.0,0.28737466871764733,0.0,3.9775,4.0,,,,
pure_greedy_alpha0,trust_mimicry,algorithm1,19,289,400,0.755674733719845,6.002463897956376,7.943184587380553,5.029590097271905,1.9750884899487042,0.0,0.0,1.0,0.0,0.0,0.3029931422727198,0.0,3.975,4.0,,,,
pure_greedy_alpha0,trust_mimicry,algorithm1,20,302,400,0.7632717722969,5.863057709484138,7.681481121515268,5.154490881792473,1.3012145359073743,0.0,0.0,1.0,0.0,0.0,0.2822714141295433,1.0,3.9825,4.0,,,,
pure_greedy_alpha0,trust_mimicry,algorithm1,21,315,400,0.7792059255996667,5.986936253729656,7.6833813206979755,5.098728833845336,2.078881276527518,0.0,0.0,1.0,0.0,0.0,0.27249372446833736,1.0,3.9825,4.0,,,,
pure_greedy_alpha0,trust_mimicry,algorithm1,22,328,400,0.7604891566859202,6.101744515975274,8.02344709629473,5.418778159546671,1.2758430622715649,0.0,0.0,1.0,0.0,0.0,0.30920990887972816,1.0,3.9825,4.0,,,,
pure_greedy_alpha0,trust_mimicry,algorithm1,23,341,400,0.7592496864487073,5.928006392306607,7.807716615642074,5.4187514793781775,1.1997247596498681,0.0,0.0,1.0,0.0,0.0,0.29815085719194984,0.0,3.9925,4.0,,,,
pure_greedy_alpha0,trust_mimicry,algorithm1,24,354,400,0.7650982136155259,5.9762077481456615,7.811033461841021,4.981122462353645,1.997126434716563,0.0,0.0,1.0,0.0,0.0,0.28200172280822394,0.0,3.995,4.0,,,,
pure_greedy_alpha0,trust_mimicry,no_trust,0,42,400,0.7489616746423124,5.983051400646843,7.988461363532675,5.050142869588962,1.6947103538279151,0.0,0.0,1.0,0.0,0.0,0.30468073229481196,0.0,4.0,4.0,,,,
pure_greedy_alpha0,trust_mimicry,no_trust,1,55,400,0.7546916908695749,6.046222644698021,8.011513466819027,5.210136311216783,1.4127952418811605,0.0,0.0,1.0,0.0,0.0,0.30606199289063146,0.0,4.0,4.0,,,,
pure_greedy_alpha0,trust_mimicry,no_trust,2,68,400,0.7601268497124936,5.9027552602728255,7.76548711903211,4.763406248350612,2.16084358120316,0.0,0.0,1.0,0.0,0.0,0.2900720158956173,0.0,4.0,4.0,,,,
pure_greedy_alpha0,trust_mimicry,no_trust,3,81,400,0.7675287501464468,5.938763008119882,7.737512121841362,5.287845466205529,1.2221851972357616,0.0,0.0,1.0,0.0,0.0,0.28995260034145914,1.0,4.0,4.0,,,,
pure_greedy_alpha0,trust_mimicry,no_trust,4,94,400,0.7612606811631115,5.984469368494262,7.8612616106098345,5.1337213688328305,2.0674757403979305,0.0,0.0,1.0,0.0,0.0,0.2961984301372064,0.5455928238720578,4.0,4.0,,,,
pure_greedy_alpha0,trust_mimicry,no_trust,5,107,400,0.7565651423871604,5.8923987903457355,7.788356164220942,5.051516243193242,1.5314034503086615,0.0,0.0,1.0,0.0,0.0,0.2973377286550942,1.0,4.0,4.0,,,,
pure_greedy_alpha0,trust_mimicry,no_trust,6,120,400,0.7577904320799153,5.882619854732548,7.762858444367607,5.424882839796618,0.9438073033093222,0.0,0.0,1.0,0.0,0.0,0.29742028807521864,0.0,4.0,4.0,,,,
pure_greedy_alpha0,trust_mimicry,no_trust,7,133,400,0.7388525880017401,5.822706641970553,7.880742026928976,4.781265971322968,1.9009914940359947,0.0,0.0,1.0,0.0,0.0,0.3174479086967113,0.0,4.0,4.0,,,,
pure_greedy_alpha0,trust_mimicry,no_trust,8,146,400,0.7681884036990283,6.0302450724396275,7.849955874629737,5.059271331494785,1.614662500866932,0.0,0.0,1.0,0.0,0.0,0.2911161197923869,0.32899338547830403,4.0,4.0,,,,
pure_greedy_alpha0,trust_mimicry,no_trust,9,159,400,0.7553733422151858,5.958366879502674,7.887976112619147,4.923724003660563,2.5285966477099375,0.0,0.0,1.0,0.0,0.0,0.30373438624539334,0.0,4.0,4.0,,,,
pure_greedy_alpha0,trust_mimicry,no_trust,10,172,400,0.7489777030361683,5.833314750092485,7.7883690348133,4.751465618068771,2.0833989416269096,0.0,0.0,1.0,0.0,0.0,0.3134674512005552,1.0,4.0,4.0,,,,
pure_greedy_alpha0,trust_mimicry,no_trust,11,185,400,0.7811919749502005,6.1590219333583285,7.8841336455753455,5.533297886231597,1.4952809883769502,0.0,0.0,1.0,0.0,0.0,0.28224954655279877,1.0,4.0,4.0,,,,
pure_greedy_alpha0,trust_mimicry,no_trust,12,198,400,0.754905618417808,6.016293452172817,7.969596867992914,5.11688991835264,1.7505705776871956,0.0,0.0,1.0,0.0,0.0,0.30015769424553534,0.0,4.0,4.0,,,,
pure_greedy_alpha0,trust_mimicry,no_trust,13,211,400,0.7419849907932197,5.649838605257768,7.614491769190376,4.40965773079831,2.1009396536726985,0.0,0.0,1.0,0.0,0.0,0.3115109008964933,0.8214149217066478,4.0,4.0,,,,
pure_greedy_alpha0,trust_mimicry,no_trust,14,224,400,0.7780072080127132,5.949484094064876,7.647080943198224,5.401008692178657,1.3452526254106658,0.0,0.0,1.0,0.0,0.0,0.2880197334553817,1.0,4.0,4.0,,,,
pure_greedy_alpha0,trust_mimicry,no_trust,15,237,400,0.7484842950198815,5.66682584165039,7.571068463767654,5.0674372497404265,1.625445175212854,0.0,0.0,1.0,0.0,0.0,0.3038474652647957,0.0,4.0,4.0,,,,
pure_greedy_alpha0,trust_mimicry,no_trust,16,250,400,0.7550292214698942,5.92109567626727,7.842207305221983,5.309764941996273,1.1252967263860016,0.0,0.0,1.0,0.0,0.0,0.2996654254874827,0.0,4.0,4.0,,,,
pure_greedy_alpha0,trust_mimicry,no_trust,17,263,400,0.7547861814200282,6.070095459161341,8.042139096586634,5.5659255967439485,1.4473749018865334,0.0,0.0,1.0,0.0,0.0,0.3104397060285829,1.0,4.0,4.0,,,,
pure_greedy_alpha0,trust_mimicry,no_trust,18,276,400,0.7734065363633654,6.130112343937257,7.92611913103509,5.1983695858746115,1.8521844070445708,0.0,0.0,1.0,0.0,0.0,0.28683430486456724,0.0,4.0,4.0,,,,
pure_greedy_alpha0,trust_mimicry,no_trust,19,289,400,0.7558440754347506,6.003809010456215,7.943184587380553,5.031037102294612,1.9749120710971226,0.0,0.0,1.0,0.0,0.0,0.3036136203497079,0.0,4.0,4.0,,,,
pure_greedy_alpha0,trust_mimicry,no_trust,20,302,400,0.7632433713517706,5.862839548160292,7.681481121515268,5.154243415439428,1.301153574703969,0.0,0.0,1.0,0.0,0.0,0.282690061300742,1.0,4.0,4.0,,,,
pure_greedy_alpha0,trust_mimicry,no_trust,21,315,400,0.7793873788441629,5.9883304281989975,7.6833813206979755,5.0997971497838765,2.079292987012858,0.0,0.0,1.0,0.0,0.0,0.27246905469074795,1.0,4.0,4.0,,,,
pure_greedy_alpha0,trust_mimicry,no_trust,22,328,400,0.7605277880425172,6.102054472621188,8.02344709629473,5.419077886248669,1.2758849518344375,0.0,0.0,1.0,0.0,0.0,0.30873640126476326,1.0,4.0,4.0,,,,
pure_greedy_alpha0,trust_mimicry,no_trust,23,341,400,0.7597666724988575,5.93204287288042,7.807716615642074,5.422755822424253,1.1992195831458625,0.0,0.0,1.0,0.0,0.0,0.29763322616315174,0.0,4.0,4.0,,,,
pure_greedy_alpha0,trust_mimicry,no_trust,24,354,400,0.7653012858946775,5.977793952513287,7.811033461841021,4.982416583969011,1.997907258605962,0.0,0.0,1.0,0.0,0.0,0.2818376587225714,0.0,4.0,4.0,,,,
pure_greedy_alpha0,trust_mimicry,oracle,0,42,400,0.973281135532159,7.775018747053862,7.988461363532675,6.743147339500586,2.086999234197229,1.0,0.0,0.0,0.0,0.0,0.0,0.0,0.0,0.0,,,,
pure_greedy_alpha0,trust_mimicry,oracle,1,55,400,0.9727337725127813,7.793069718115823,8.011513466819027,7.124207734696947,1.396022040147825,1.0,0.0,0.0,0.0,0.0,0.0,0.0,0.0,0.0,,,,
pure_greedy_alpha0,trust_mimicry,oracle,2,68,400,0.9742063704474025,7.565187020988328,7.76548711903211,6.5685290582970515,2.0170317536529767,1.0,0.0,0.0,0.0,0.0,0.0,0.0,0.0,0.0,,,,
pure_greedy_alpha0,trust_mimicry,oracle,3,81,400,0.9736255875277376,7.5334397856307875,7.737512121841362,6.765549935586314,1.4837496418823672,1.0,0.0,0.0,0.0,0.0,0.0,0.0,0.0,0.0,,,,
pure_greedy_alpha0,trust_mimicry,oracle,4,94,400,0.9742350780499988,7.658716818783931,7.8612616106098345,6.668971674385218,2.0012177168237075,1.0,0.0,0.0,0.0,0.0,0.0,0.0,0.0,0.0,,,,
pure_greedy_alpha0,trust_mimicry,oracle,5,107,400,0.9724832365528409,7.574045810007851,7.788356164220942,6.800287871594368,1.6972941742860383,1.0,0.0,0.0,0.0,0.0,0.0,0.0,0.0,0.0,,,,
pure_greedy_alpha0,trust_mimicry,oracle,6,120,400,0.9738329464346228,7.5597273116334,7.762858444367607,7.086349203301673,1.3726671022679735,1.0,0.0,0.0,0.0,0.0,0.0,0.0,0.0,0.0,,,,
pure_greedy_alpha0,trust_mimicry,oracle,7,133,400,0.9744159290109241,7.679120563465431,7.880742026928976,6.701801224569707,2.138092427328888,1.0,0.0,0.0,0.0,0.0,0.0,0.0,0.0,0.0,,,,
pure_greedy_alpha0,trust_mimicry,oracle,8,146,400,0.973050487416337,7.638403390005204,7.849955874629737,6.65548074619686,1.617949561890116,1.0,0.0,0.0,0.0,0.0,0.0,0.0,0.0,0.0,,,,
pure_greedy_alpha0,trust_mimicry,oracle,9,159,400,0.9673687087630283,7.6305812668179955,7.887976112619147,6.632561267552108,2.7916398017188504,1.0,0.0,0.0,0.0,0.0,0.0,0.0,0.0,0.0,,,,
pure_greedy_alpha0,trust_mimicry,oracle,10,172,400,0.981714280617773,7.645953104197478,7.7883690348133,6.550786132974766,2.0681246329633147,1.0,0.0,0.0,0.0,0.0,0.0,0.0,0.0,0.0,,,,
pure_greedy_alpha0,trust_mimicry,oracle,11,185,400,0.9784398256796101,7.71415034981149,7.8841336455753455,6.886216950442411,1.7891510201516807,1.0,0.0,0.0,0.0,0.0,0.0,0.0,0.0,0.0,,,,
pure_greedy_alpha0,trust_mimicry,oracle,12,198,400,0.9649263398155,7.690073935637475,7.969596867992914,6.762736478897599,1.9923543705136773,1.0,0.0,0.0,0.0,0.0,0.0,0.0,0.0,0.0,,,,
pure_greedy_alpha0,trust_mimicry,oracle,13,211,400,0.9752499616610806,7.426032805971528,7.614491769190376,6.032940489481654,2.859658515354929,1.0,0.0,0.0,0.0,0.0,0.0,0.0,0.0,0.0,,,,
pure_greedy_alpha0,trust_mimicry,oracle,14,224,400,0.9692328418613737,7.411801994519969,7.647080943198224,6.805027078909461,1.158701286350146,1.0,0.0,0.0,0.0,0.0,0.0,0.0,0.0,0.0,,,,
pure_greedy_alpha0,trust_mimicry,oracle,15,237,400,0.9683342386420408,7.331324816569217,7.571068463767654,6.37645936133461,1.9291062655955846,1.0,0.0,0.0,0.0,0.0,0.0,0.0,0.0,0.0,,,,
pure_greedy_alpha0,trust_mimicry,oracle,16,250,400,0.9780595241338791,7.670145545104643,7.842207305221983,6.998340927357468,1.193146936892493,1.0,0.0,0.0,0.0,0.0,0.0,0.0,0.0,0.0,,,,
pure_greedy_alpha0,trust_mimicry,oracle,17,263,400,0.9759670618383492,7.8488628649909735,8.042139096586634,7.058652738938767,1.986811913252306,1.0,0.0,0.0,0.0,0.0,0.0,0.0,0.0,0.0,,,,
pure_greedy_alpha0,trust_mimicry,oracle,18,276,400,0.9759824411767265,7.735753098565182,7.92611913103509,6.78488113786116,2.1356236369524835,1.0,0.0,0.0,0.0,0.0,0.0,0.0,0.0,0.0,,,,
pure_greedy_alpha0,trust_mimicry,oracle,19,289,400,0.9753230572688625,7.747171076214909,7.943184587380553,6.735744968191447,1.9852054510167925,1.0,0.0,0.0,0.0,0.0,0.0,0.0,0.0,0.0,,,,
pure_greedy_alpha0,trust_mimicry,oracle,20,302,400,0.9687009003580224,7.441057678494992,7.681481121515268,6.318297228749521,1.7231622009524825,1.0,0.0,0.0,0.0,0.0,0.0,0.0,0.0,0.0,,,,
pure_greedy_alpha0,trust_mimicry,oracle,21,315,400,0.9756952289778746,7.496638497022736,7.6833813206979755,6.626063335329238,1.702496073876647,1.0,0.0,0.0,0.0,0.0,0.0,0.0,0.0,0.0,,,,
pure_greedy_alpha0,trust_mimicry,oracle,22,328,400,0.9756534448608798,7.828103799158976,8.02344709629473,7.072415471404213,1.8112166727503105,1.0,0.0,0.0,0.0,0.0,0.0,0.0,0.0,0.0,,,,
pure_greedy_alpha0,trust_mimicry,oracle,23,341,400,0.976369440375695,7.623215902626467,7.807716615642074,6.941782450518276,1.302186496879819,1.0,0.0,0.0,0.0,0.0,0.0,0.0,0.0,0.0,,,,
pure_greedy_alpha0,trust_mimicry,oracle,24,354,400,0.9676727132836795,7.558523943569313,7.811033461841021,6.566371937171227,2.023179727080536,1.0,0.0,0.0,0.0,0.0,0.0,0.0,0.0,0.0,,,,
pure_greedy_alpha0,trust_mimicry,sparse_online,0,42,400,0.9719246974622495,7.764182893940364,7.988461363532675,6.731373779368533,2.0897095540497643,1.0,0.0,0.0,0.0,0.0,0.0020169845589270183,0.0,0.0125,0.0,,,,
pure_greedy_alpha0,trust_mimicry,sparse_online,1,55,400,0.9702159475631187,7.772898129624508,8.011513466819027,7.10588200063449,1.3935043274195342,1.0,0.0,0.0,0.0,0.0,0.0028635023280649107,0.0,0.0175,0.0,,,,
pure_greedy_alpha0,trust_mimicry,sparse_online,2,68,400,0.9714266238640973,7.543600934701498,7.76548711903211,6.5449067035474355,2.01436542112127,1.0,0.0,0.0,0.0,0.0,0.0013553305340814805,0.0,0.01,0.0,,,,
pure_greedy_alpha0,trust_mimicry,sparse_online,3,81,400,0.9718779741865209,7.519917606218831,7.737512121841362,6.752859034431609,1.4798446233738467,1.0,0.0,0.0,0.0,0.0,0.002268422651759849,0.0,0.015,0.0,,,,
pure_greedy_alpha0,trust_mimicry,sparse_online,4,94,400,0.9728805362864684,7.648068411618322,7.8612616106098345,6.658465826340529,2.0003609549270793,1.0,0.0,0.0,0.0,0.0,0.0016156881231220476,0.0,0.0075,0.0,,,,
pure_greedy_alpha0,trust_mimicry,sparse_online,5,107,400,0.9723123065137309,7.572714545984098,7.788356164220942,6.799319541227034,1.6968664304880798,1.0,0.0,0.0,0.0,0.0,0.00048734529200371426,0.0,0.005,0.0,,,,
pure_greedy_alpha0,trust_mimicry,sparse_online,6,120,400,0.9729293402115616,7.552712744434325,7.762858444367607,7.080456424431525,1.3710613068700264,1.0,0.0,0.0,0.0,0.0,0.000803316167320029,0.0,0.005,0.0,,,,
pure_greedy_alpha0,trust_mimicry,sparse_online,7,133,400,0.9715716984769373,7.656705916361966,7.880742026928976,6.682009714123211,2.1323141634162717,1.0,0.0,0.0,0.0,0.0,0.0019915842679783967,0.0,0.0175,0.0,,,,
pure_greedy_alpha0,trust_mimicry,sparse_online,8,146,400,0.9717879645295169,7.628492641052955,7.849955874629737,6.64742133247657,1.6141778097954163,1.0,0.0,0.0,0.0,0.0,0.0017118561057639665,0.0,0.0125,0.0,,,,
pure_greedy_alpha0,trust_mimicry,sparse_online,9,159,400,0.965694212264707,7.617372878438573,7.887976112619147,6.621001779722238,2.787462727828429,1.0,0.0,0.0,0.0,0.0,0.0014594009901439506,0.0,0.0075,0.0,,,,
pure_greedy_alpha0,trust_mimicry,sparse_online,10,172,400,0.9797536199657119,7.6306827554871886,7.7883690348133,6.534555615073997,2.067752324873605,1.0,0.0,0.0,0.0,0.0,0.0013239857810649776,0.0,0.01,0.0,,,,
pure_greedy_alpha0,trust_mimicry,sparse_online,11,185,400,0.9760397849941217,7.695228108292281,7.8841336455753455,6.87091473451506,1.7858119545692448,1.0,0.0,0.0,0.0,0.0,0.001918720397499098,0.0,0.02,0.0,,,,
pure_greedy_alpha0,trust_mimicry,sparse_online,12,198,400,0.9631396039710184,7.675834371247364,7.969596867992914,6.749849249952772,1.987153683137067,1.0,0.0,0.0,0.0,0.0,0.0018841228713307853,0.0,0.025,0.0,,,,
pure_greedy_alpha0,trust_mimicry,sparse_online,13,211,400,0.9730360355336747,7.4091748836968,7.614491769190376,6.016391962708808,2.8583474585010977,1.0,0.0,0.0,0.0,0.0,0.001974850589919101,0.0,0.015,0.0,,,,
pure_greedy_alpha0,trust_mimicry,sparse_online,14,224,400,0.9678926116995394,7.401553145989907,7.647080943198224,6.795052557318353,1.159654898631131,1.0,0.0,0.0,0.0,0.0,0.0017799209143758233,0.0,0.0175,0.0,,,,
pure_greedy_alpha0,trust_mimicry,sparse_online,15,237,400,0.9658108313530879,7.312219927222584,7.571068463767654,6.359283266001957,1.9242501324023609,1.0,0.0,0.0,0.0,0.0,0.002713985858055809,0.0,0.02,0.0,,,,
pure_greedy_alpha0,trust_mimicry,sparse_online,16,250,400,0.9761731043219225,7.655351849874601,7.842207305221983,6.9850679755263485,1.1894877136443718,1.0,0.0,0.0,0.0,0.0,0.0026187188560404862,0.0,0.0225,0.0,,,,
pure_greedy_alpha0,trust_mimicry,sparse_online,17,263,400,0.9739330212461644,7.83250482762052,8.042139096586634,7.044460186285469,1.9835709517067288,1.0,0.0,0.0,0.0,0.0,0.002086660168735627,0.0,0.0175,0.0,,,,
pure_greedy_alpha0,trust_mimicry,sparse_online,18,276,400,0.9728281853120367,7.7107520908118845,7.92611913103509,6.761874324824002,2.1342454157521127,1.0,0.0,0.0,0.0,0.0,0.0021675992102685488,0.0,0.015,0.0,,,,
pure_greedy_alpha0,trust_mimicry,sparse_online,19,289,400,0.9726872225874577,7.726234154798691,7.943184587380553,6.714700703948541,1.9824199943025445,1.0,0.0,0.0,0.0,0.0,0.0024445345467724727,0.0,0.015,0.0,,,,
pure_greedy_alpha0,trust_mimicry,sparse_online,20,302,400,0.9672245905045448,7.4297174322259965,7.681481121515268,6.3078629761519,1.721414466651919,1.0,0.0,0.0,0.0,0.0,0.0015186057270982834,0.0,0.0125,0.0,,,,
pure_greedy_alpha0,trust_mimicry,sparse_online,21,315,400,0.9743417593136484,7.486239273486489,7.6833813206979755,6.617702212705902,1.7002582706923235,1.0,0.0,0.0,0.0,0.0,0.0016541153157201096,0.0,0.0125,0.0,,,,
pure_greedy_alpha0,trust_mimicry,sparse_online,22,328,400,0.974539390662884,7.819165244238952,8.02344709629473,7.0638273980251185,1.8085205898175634,1.0,0.0,0.0,0.0,0.0,0.0018821310493147031,0.0,0.0175,0.0,,,,
pure_greedy_alpha0,trust_mimicry,sparse_online,23,341,400,0.9749046618730886,7.611779327173432,7.807716615642074,6.931108106910944,1.3014480266581216,1.0,0.0,0.0,0.0,0.0,0.0017382958917716623,0.0,0.0225,0.0,,,,
pure_greedy_alpha0,trust_mimicry,sparse_online,24,354,400,0.9659621933557999,7.5451630151755,7.811033461841021,6.5561665498711195,2.0167094383512447,1.0,0.0,0.0,0.0,0.0,0.001959039885300437,0.0,0.025,0.0,,,,
robust_aggregation,burst,algorithm1,0,42,400,0.568603033885836,4.542263367384462,7.988461363532675,4.075496684305392,1.0427323409462694,1.0,0.0,0.0,1.0,0.0,0.1232612202384726,0.0,1.285,0.0,,,,
robust_aggregation,burst,algorithm1,1,55,400,0.5979848868687636,4.790763974103352,8.011513466819027,4.0435291344611715,1.366827552571797,1.0,0.0,0.0,1.0,0.0,0.08290052463187945,0.0,0.935,0.0,,,,
robust_aggregation,burst,algorithm1,2,68,400,0.6033492939201165,4.6853011702137835,7.76548711903211,4.387174172271347,1.1967589800072203,1.0,0.0,0.0,1.0,0.0,0.07954579622786495,0.0,0.7325,0.0,,,,
robust_aggregation,burst,algorithm1,3,81,400,0.6132957148775939,4.745383028138747,7.737512121841362,4.270109244437572,1.0446493848306568,1.0,0.0,0.0,1.0,0.0,0.06634852163292647,0.0,0.635,0.0,,,,
robust_aggregation,burst,algorithm1,4,94,400,0.629289830880146,4.947011989445247,7.8612616106098345,4.445944572890999,0.9803216924847904,1.0,0.0,0.0,1.0,0.0,0.03881862595123201,0.0,0.33,0.0,,,,
robust_aggregation,burst,algorithm1,5,107,400,0.5733131235898793,4.46516680014,7.788356164220942,4.1045248486165935,0.9615004128528541,1.0,0.0,0.0,1.0,0.0,0.11826994945618473,0.0,1.12,0.0,,,,
robust_aggregation,burst,algorithm1,6,120,400,0.593035753455723,4.6036526065256655,7.762858444367607,4.06356465277706,1.0540765818738818,1.0,0.0,0.0,1.0,0.0,0.10343472456814128,0.0,1.1875,0.0,,,,
robust_aggregation,burst,algorithm1,7,133,400,0.5915033618091973,4.661485402479517,7.880742026928976,4.243952190628847,0.7707481100132103,1.0,0.0,0.0,1.0,0.0,0.10244168528614467,0.0,1.125,0.0,,,,
robust_aggregation,burst,algorithm1,8,146,400,0.5912083222261635,4.640959242189263,7.849955874629737,4.319684004558755,0.8492264738198338,1.0,0.0,0.0,1.0,0.0,0.09991740512290155,0.0,0.8975,0.0,,,,
robust_aggregation,burst,algorithm1,9,159,400,0.6218387917713837,4.905049535392626,7.887976112619147,4.292064895012068,1.1377418627080944,1.0,0.0,0.0,1.0,0.0,0.05059609605017291,0.0,0.58,0.0,,,,
robust_aggregation,burst,algorithm1,10,172,400,0.5932169501978616,4.620192525847409,7.7883690348133,4.160871338900427,0.8355231654171309,1.0,0.0,0.0,1.0,0.0,0.1053555586859521,0.0,1.0475,0.0,,,,
robust_aggregation,burst,algorithm1,11,185,400,0.6154870170272273,4.852581899359168,7.8841336455753455,4.321815072353037,1.3308772965685929,1.0,0.0,0.0,1.0,0.0,0.04778002341256037,0.0,0.5125,0.0,,,,
robust_aggregation,burst,algorithm1,12,198,400,0.5889918168827536,4.694027339102249,7.969596867992914,4.237351123931562,0.8611319190743121,1.0,0.0,0.0,1.0,0.0,0.09848493346007763,0.0,1.085,0.0,,,,
robust_aggregation,burst,algorithm1,13,211,400,0.622713128863475,4.741643994297716,7.614491769190376,4.292205248416948,1.160597139910485,1.0,0.0,0.0,1.0,0.0,0.0533633842506027,0.0,0.45,0.0,,,,
robust_aggregation,burst,algorithm1,14,224,400,0.6188110366324866,4.732098085673027,7.647080943198224,4.295420003342139,0.9372925487226222,1.0,0.0,0.0,1.0,0.0,0.05271070054328736,0.0,0.5075,0.0,,,,
robust_aggregation,burst,algorithm1,15,237,400,0.6095195108023211,4.614713946286542,7.571068463767654,3.890916100790482,1.3437448784031365,1.0,0.0,0.0,1.0,0.0,0.07970394106340642,0.0,0.8525,0.0,,,,
robust_aggregation,burst,algorithm1,16,250,400,0.5880076569011342,4.611277942476536,7.842207305221983,4.331121626804052,0.7238568042405404,1.0,0.0,0.0,1.0,0.0,0.1175707522098212,0.0,1.08,0.0,,,,
robust_aggregation,burst,algorithm1,17,263,400,0.5938060475315156,4.775470830642782,8.042139096586634,4.448244262830221,0.5841097303221785,1.0,0.0,0.0,1.0,0.0,0.07614366738464202,0.0,0.7175,0.0,,,,
robust_aggregation,burst,algorithm1,18,276,400,0.614996723763864,4.874537297748666,7.92611913103509,4.559682944090645,1.086958345861114,1.0,0.0,0.0,1.0,0.0,0.06410043730587428,0.0,0.535,0.0,,,,
robust_aggregation,burst,algorithm1,19,289,400,0.5894813642163472,4.6823592867913515,7.943184587380553,4.168321784789837,0.9096468293010895,1.0,0.0,0.0,1.0,0.0,0.08757912476385328,0.0,0.62,0.0,,,,
robust_aggregation,burst,algorithm1,20,302,400,0.6154588249902153,4.727635345232308,7.681481121515268,4.404924628923753,0.6910402485809648,1.0,0.0,0.0,1.0,0.0,0.06272093893428861,0.0,0.52,0.0,,,,
robust_aggregation,burst,algorithm1,21,315,400,0.5918728760327819,4.547584999938065,7.6833813206979755,4.109844255369106,0.9900275006039916,1.0,0.0,0.0,1.0,0.0,0.10729821539949555,0.0,0.9475,0.0,,,,
robust_aggregation,burst,algorithm1,22,328,400,0.605302727440667,4.8566144108631,8.02344709629473,4.371226934607083,0.9598798158093285,1.0,0.0,0.0,1.0,0.0,0.07341665220508892,0.0,0.7825,0.0,,,,
robust_aggregation,burst,algorithm1,23,341,400,0.5819626678885066,4.543799591756483,7.807716615642074,4.119846066533566,0.9186928121688425,1.0,0.0,0.0,1.0,0.0,0.12191050506917414,0.0,1.32,0.0,,,,
robust_aggregation,burst,algorithm1,24,354,400,0.5709368987989804,4.459607221118576,7.811033461841021,3.8301701476135928,0.9219720889948619,1.0,0.0,0.0,1.0,0.0,0.12657582939233147,0.0,1.2625,0.0,,,,
robust_aggregation,burst,no_trust,0,42,400,0.4402608526070315,3.5170068109272252,7.988461363532675,3.2485040696352954,0.7275828559140964,0.0,0.0,1.0,1.0,0.0,0.33611296027269755,0.14285714285714288,4.0,4.0,,,,
robust_aggregation,burst,no_trust,1,55,400,0.45049777342171715,3.609168978540074,8.011513466819027,3.0191783577537454,1.029252396359499,0.0,0.0,1.0,1.0,0.0,0.3307537255711351,0.14285714285714288,4.0,4.0,,,,
robust_aggregation,burst,no_trust,2,68,400,0.44702058917630544,3.4713326271907445,7.76548711903211,3.2696431725254267,0.7557238721292339,0.0,0.0,1.0,1.0,0.0,0.339150211670284,0.14285714285714288,4.0,4.0,,,,
robust_aggregation,burst,no_trust,3,81,400,0.46253876597736887,3.5788993085714362,7.737512121841362,3.2677400044672344,0.7965684528061985,0.0,0.0,1.0,1.0,0.0,0.32662860854726417,0.14285714285714288,4.0,4.0,,,,
robust_aggregation,burst,no_trust,4,94,400,0.46926788266206726,3.6890375910634696,7.8612616106098345,3.3696583207721003,0.7062862477486331,0.0,0.0,1.0,1.0,0.0,0.3245567953792234,0.14285714285714288,4.0,4.0,,,,
robust_aggregation,burst,no_trust,5,107,400,0.44982973693234285,3.503434204486897,7.788356164220942,3.253950507297862,0.5238213120337396,0.0,0.0,1.0,1.0,0.0,0.34276106564958364,0.6428571428571429,4.0,4.0,,,,
robust_aggregation,burst,no_trust,6,120,400,0.4606655081139546,3.5760811296913073,7.762858444367607,3.152834906466847,0.6472488852376488,0.0,0.0,1.0,1.0,0.0,0.32296068480610224,0.14285714285714288,4.0,4.0,,,,
robust_aggregation,burst,no_trust,7,133,400,0.46601185342657725,3.6725191983458934,7.880742026928976,3.3471458860357832,0.6385706069445396,0.0,0.0,1.0,1.0,0.0,0.323424832887988,0.14285714285714288,4.0,4.0,,,,
robust_aggregation,burst,no_trust,8,146,400,0.47336277989354614,3.715876934856406,7.849955874629737,3.3699015987275374,0.6222346598646031,0.0,0.0,1.0,1.0,0.0,0.3196769232417101,0.14285714285714288,4.0,4.0,,,,
robust_aggregation,burst,no_trust,9,159,400,0.4494212259504771,3.5450238948013757,7.887976112619147,2.985462462408546,0.9534995053676854,0.0,0.0,1.0,1.0,0.0,0.3316120025238333,0.14285714285714288,4.0,4.0,,,,
robust_aggregation,burst,no_trust,10,172,400,0.44566493084340547,3.47100294728299,7.7883690348133,2.982024884637972,0.9060795917268956,0.0,0.0,1.0,1.0,0.0,0.34640364694005416,0.6428571428571429,4.0,4.0,,,,
robust_aggregation,burst,no_trust,11,185,400,0.4538518424000633,3.5782285807726986,7.8841336455753455,3.2179244875386455,0.6873545466868833,0.0,0.0,1.0,1.0,0.0,0.3235625337379981,0.6428571428571429,4.0,4.0,,,,
robust_aggregation,burst,no_trust,12,198,400,0.44526313190341343,3.5485676614501593,7.969596867992914,3.2004591324919867,0.6038266987628491,0.0,0.0,1.0,1.0,0.0,0.3312067190567269,0.14285714285714288,4.0,4.0,,,,
robust_aggregation,burst,no_trust,13,211,400,0.4618932748097146,3.5170825392829603,7.614491769190376,3.187846225049193,0.7860396466545843,0.0,0.0,1.0,1.0,0.0,0.32971198033623106,0.14285714285714288,4.0,4.0,,,,
robust_aggregation,burst,no_trust,14,224,400,0.4664066473707104,3.566649384889534,7.647080943198224,3.252534109422043,0.647216635899563,0.0,0.0,1.0,1.0,0.0,0.32773617098108937,0.6428571428571429,4.0,4.0,,,,
robust_aggregation,burst,no_trust,15,237,400,0.46777966717069647,3.5415918861077893,7.571068463767654,3.1147110134185105,0.8483330398914268,0.0,0.0,1.0,1.0,0.0,0.32317252820108067,0.14285714285714288,4.0,4.0,,,,
robust_aggregation,burst,no_trust,16,250,400,0.4627239621350575,3.6287772361568083,7.842207305221983,3.2393183291121828,0.8165826683777668,0.0,0.0,1.0,1.0,0.0,0.33238589996924034,0.14285714285714288,4.0,4.0,,,,
robust_aggregation,burst,no_trust,17,263,400,0.4413961113689421,3.5497689243214774,8.042139096586634,3.2840816980806657,0.5195647122221136,0.0,0.0,1.0,1.0,0.0,0.3375272527720498,0.6428571428571429,4.0,4.0,,,,
robust_aggregation,burst,no_trust,18,276,400,0.45036722023133924,3.569664240266712,7.92611913103509,3.2844913260237734,0.7192801239356479,0.0,0.0,1.0,1.0,0.0,0.331098493451261,0.14285714285714288,4.0,4.0,,,,
robust_aggregation,burst,no_trust,19,289,400,0.4399652227536042,3.4947249763598807,7.943184587380553,3.1672614935000905,0.654436155000599,0.0,0.0,1.0,1.0,0.0,0.34268256198768543,0.14285714285714288,4.0,4.0,,,,
robust_aggregation,burst,no_trust,20,302,400,0.4450102181303686,3.418337589449818,7.681481121515268,3.2417297696861707,0.51901932215935,0.0,0.0,1.0,1.0,0.0,0.34535204673387904,0.14285714285714288,4.0,4.0,,,,
robust_aggregation,burst,no_trust,21,315,400,0.4612739162894267,3.5441433921433827,7.6833813206979755,3.252187088360751,0.7327884834790299,0.0,0.0,1.0,1.0,0.0,0.3325655274269865,0.6428571428571429,4.0,4.0,,,,
robust_aggregation,burst,no_trust,22,328,400,0.44977964406460275,3.608783179142614,8.02344709629473,3.3620405787231036,0.582799844778048,0.0,0.0,1.0,1.0,0.0,0.33812714630991747,0.6428571428571429,4.0,4.0,,,,
robust_aggregation,burst,no_trust,23,341,400,0.4517633617154598,3.5272403056041157,7.807716615642074,3.2258892247944857,0.6259569245043863,0.0,0.0,1.0,1.0,0.0,0.3358217942502088,0.33812347861267483,4.0,4.0,,,,
robust_aggregation,burst,no_trust,24,354,400,0.46108410114823656,3.6015433427917656,7.811033461841021,3.294363212089888,0.5291524636341118,0.0,0.0,1.0,1.0,0.0,0.3256814063166891,0.14285714285714288,4.0,4.0,,,,
robust_aggregation,burst,oracle,0,42,400,0.655489533948318,5.236352816146178,7.988461363532675,4.754908380976767,1.0764128507608,1.0,0.0,0.0,1.0,0.0,0.0,0.0,0.0,0.0,,,,
robust_aggregation,burst,oracle,1,55,400,0.6508760629888666,5.214502343865454,8.011513466819027,4.489449557005258,1.3152675568797862,1.0,0.0,0.0,1.0,0.0,0.0,0.0,0.0,0.0,,,,
robust_aggregation,burst,oracle,2,68,400,0.658511400800204,5.113661800649775,7.76548711903211,4.820026952577093,1.1819206146436505,1.0,0.0,0.0,1.0,0.0,0.0,0.0,0.0,0.0,,,,
robust_aggregation,burst,oracle,3,81,400,0.6558735594171545,5.074829616385474,7.737512121841362,4.616204228882173,1.0284333742875962,1.0,0.0,0.0,1.0,0.0,0.0,0.0,0.0,0.0,,,,
robust_aggregation,burst,oracle,4,94,400,0.6555510436703784,5.153458253401157,7.8612616106098345,4.646301528717591,0.9894129354934522,1.0,0.0,0.0,1.0,0.0,0.0,0.0,0.0,0.0,,,,
robust_aggregation,burst,oracle,5,107,400,0.6499696843609941,5.062195397749688,7.788356164220942,4.70776055323842,0.9037433517943967,1.0,0.0,0.0,1.0,0.0,0.0,0.0,0.0,0.0,,,,
robust_aggregation,burst,oracle,6,120,400,0.660117493675681,5.12439866005504,7.762858444367607,4.565557544787256,1.042667461634382,1.0,0.0,0.0,1.0,0.0,0.0,0.0,0.0,0.0,,,,
robust_aggregation,burst,oracle,7,133,400,0.6558701936255407,5.168743799114844,7.880742026928976,4.748349303801705,0.7216754606416833,1.0,0.0,0.0,1.0,0.0,0.0,0.0,0.0,0.0,,,,
robust_aggregation,burst,oracle,8,146,400,0.6502220740469089,5.104214589978464,7.849955874629737,4.791438909684305,0.8369881631910285,1.0,0.0,0.0,1.0,0.0,0.0,0.0,0.0,0.0,,,,
robust_aggregation,burst,oracle,9,159,400,0.6498125926323146,5.125706208362814,7.887976112619147,4.501333306914535,1.167257606141833,1.0,0.0,0.0,1.0,0.0,0.0,0.0,0.0,0.0,,,,
robust_aggregation,burst,oracle,10,172,400,0.6625878078081717,5.16047836517799,7.7883690348133,4.6152850198321556,0.9749228913994745,1.0,0.0,0.0,1.0,0.0,0.0,0.0,0.0,0.0,,,,
robust_aggregation,burst,oracle,11,185,400,0.645728556934077,5.091010241632772,7.8841336455753455,4.556066232300686,1.3312955155525268,1.0,0.0,0.0,1.0,0.0,0.0,0.0,0.0,0.0,,,,
robust_aggregation,burst,oracle,12,198,400,0.6481969991714785,5.165868774439421,7.969596867992914,4.733815480264077,0.8283668419042529,1.0,0.0,0.0,1.0,0.0,0.0,0.0,0.0,0.0,,,,
robust_aggregation,burst,oracle,13,211,400,0.6560790547634116,4.995708562434199,7.614491769190376,4.547713336782328,1.154064847344257,1.0,0.0,0.0,1.0,0.0,0.0,0.0,0.0,0.0,,,,
robust_aggregation,burst,oracle,14,224,400,0.6463002687038183,4.942310468388861,7.647080943198224,4.529953667753586,0.9062307350121506,1.0,0.0,0.0,1.0,0.0,0.0,0.0,0.0,0.0,,,,
robust_aggregation,burst,oracle,15,237,400,0.6557240192841981,4.964531443337565,7.571068463767654,4.196314395382014,1.401098339258934,1.0,0.0,0.0,1.0,0.0,0.0,0.0,0.0,0.0,,,,
robust_aggregation,burst,oracle,16,250,400,0.6584338910103802,5.163575070087338,7.842207305221983,4.8934553695514795,0.7398860899116526,1.0,0.0,0.0,1.0,0.0,0.0,0.0,0.0,0.0,,,,
robust_aggregation,burst,oracle,17,263,400,0.6410207385301849,5.155177943056438,8.042139096586634,4.838081874013884,0.5430812814875425,1.0,0.0,0.0,1.0,0.0,0.0,0.0,0.0,0.0,,,,
robust_aggregation,burst,oracle,18,276,400,0.6515255715169127,5.164069296758773,7.92611913103509,4.803902306447951,1.1812162627637965,1.0,0.0,0.0,1.0,0.0,0.0,0.0,0.0,0.0,,,,
robust_aggregation,burst,oracle,19,289,400,0.6605602743318187,5.246952190108372,7.943184587380553,4.714691422582575,0.9586936124172469,1.0,0.0,0.0,1.0,0.0,0.0,0.0,0.0,0.0,,,,
robust_aggregation,burst,oracle,20,302,400,0.6614181974268665,5.080671396961133,7.681481121515268,4.832996165961136,0.5748426713119148,1.0,0.0,0.0,1.0,0.0,0.0,0.0,0.0,0.0,,,,
robust_aggregation,burst,oracle,21,315,400,0.6581868935605932,5.057100883511689,7.6833813206979755,4.596266926060832,1.0160121512448947,1.0,0.0,0.0,1.0,0.0,0.0,0.0,0.0,0.0,,,,
robust_aggregation,burst,oracle,22,328,400,0.6454104819588548,5.178416857390955,8.02344709629473,4.673905900143367,0.9725612242128712,1.0,0.0,0.0,1.0,0.0,0.0,0.0,0.0,0.0,,,,
robust_aggregation,burst,oracle,23,341,400,0.6596854964520344,5.15063741174664,7.807716615642074,4.784929688088934,0.884948585862861,1.0,0.0,0.0,1.0,0.0,0.0,0.0,0.0,0.0,,,,
robust_aggregation,burst,oracle,24,354,400,0.6600492834824402,5.15566703974553,7.811033461841021,4.453281474148558,1.0494040541505205,1.0,0.0,0.0,1.0,0.0,0.0,0.0,0.0,0.0,,,,
robust_aggregation,burst,sparse_online,0,42,400,0.6533929844196101,5.219604611239363,7.988461363532675,4.716626635630716,1.1070233739918152,1.0,0.0,0.0,1.0,0.0,0.0013636363636363635,0.0,0.0025,0.0,,,,
robust_aggregation,burst,sparse_online,1,55,400,0.647595648574193,5.18822125960555,8.011513466819027,4.432927337930546,1.3452675716930091,1.0,0.0,0.0,1.0,0.0,0.0004999999999999999,0.0,0.01,0.0,,,,
robust_aggregation,burst,sparse_online,2,68,400,0.6548756900138969,5.085428735370181,7.76548711903211,4.794426224392198,1.187681376229186,1.0,0.0,0.0,1.0,0.0,0.004194351556258121,0.0,0.0125,0.0,,,,
robust_aggregation,burst,sparse_online,3,81,400,0.655909274388877,5.075105961412108,7.737512121841362,4.616526356248399,1.0285630287445349,1.0,0.0,0.0,1.0,0.0,0.0,0.0,0.0,0.0,,,,
robust_aggregation,burst,sparse_online,4,94,400,0.6556064049456178,5.153893462868911,7.8612616106098345,4.647410512536807,0.9895048825430521,1.0,0.0,0.0,1.0,0.0,0.0,0.0,0.0,0.0,,,,
robust_aggregation,burst,sparse_online,5,107,400,0.6499696824097694,5.062195382552855,7.788356164220942,4.708651607881997,0.9040081994837905,1.0,0.0,0.0,1.0,0.0,0.0,0.0,0.0,0.0,,,,
robust_aggregation,burst,sparse_online,6,120,400,0.6601970508045563,5.12501625078474,7.762858444367607,4.566125824319058,1.0359800270384358,1.0,0.0,0.0,1.0,0.0,0.0,0.0,0.0,0.0,,,,
robust_aggregation,burst,sparse_online,7,133,400,0.6550375360205545,5.162181839333186,7.880742026928976,4.744837458434327,0.7211928964083043,1.0,0.0,0.0,1.0,0.0,0.0,0.0,0.0,0.0,,,,
robust_aggregation,burst,sparse_online,8,146,400,0.6492666192717784,5.096714312153486,7.849955874629737,4.78132613535788,0.8383679650989713,1.0,0.0,0.0,1.0,0.0,0.0016969696969696968,0.0,0.01,0.0,,,,
robust_aggregation,burst,sparse_online,9,159,400,0.6483829103167917,5.1144289084093355,7.887976112619147,4.494111042757449,1.161198872594296,1.0,0.0,0.0,1.0,0.0,0.0,0.0,0.0,0.0,,,,
robust_aggregation,burst,sparse_online,10,172,400,0.659006842078767,5.1325884825763675,7.7883690348133,4.584048710231107,0.9954660177919106,1.0,0.0,0.0,1.0,0.0,0.004196969696969696,0.0,0.01,0.0,,,,
robust_aggregation,burst,sparse_online,11,185,400,0.6452075893709149,5.086902863739792,7.8841336455753455,4.554715612633177,1.3286286397874836,1.0,0.0,0.0,1.0,0.0,0.0,0.0,0.0,0.0,,,,
robust_aggregation,burst,sparse_online,12,198,400,0.6458141295440264,5.146878264119643,7.969596867992914,4.703832790872907,0.8351907219051986,1.0,0.0,0.0,1.0,0.0,0.001955128205128205,0.0,0.0175,0.0,,,,
robust_aggregation,burst,sparse_online,13,211,400,0.6558504935217879,4.9939681847411,7.614491769190376,4.547829387103848,1.1540222384099534,1.0,0.0,0.0,1.0,0.0,0.0004999999999999999,0.0,0.01,0.0,,,,
robust_aggregation,burst,sparse_online,14,224,400,0.6462768338725727,4.942131260337436,7.647080943198224,4.5257579709071685,0.9106650832440506,1.0,0.0,0.0,1.0,0.0,0.0001388888888888889,0.0,0.0025,0.0,,,,
robust_aggregation,burst,sparse_online,15,237,400,0.6556422040146646,4.963912014330545,7.571068463767654,4.196446956656818,1.3898612065511449,1.0,0.0,0.0,1.0,0.0,0.0,0.0,0.0,0.0,,,,
robust_aggregation,burst,sparse_online,16,250,400,0.65740414649609,5.15549960013486,7.842207305221983,4.887322479994761,0.7386266506178503,1.0,0.0,0.0,1.0,0.0,0.001829370366740155,0.0,0.0175,0.0,,,,
robust_aggregation,burst,sparse_online,17,263,400,0.6388056270205029,5.137363708181126,8.042139096586634,4.819027885846954,0.5473986116839376,1.0,0.0,0.0,1.0,0.0,0.002732571201085726,0.0,0.0125,0.0,,,,
robust_aggregation,burst,sparse_online,18,276,400,0.6510702283916563,5.160460192902493,7.92611913103509,4.796024701268897,1.1908058769867393,1.0,0.0,0.0,1.0,0.0,0.000125,0.0,0.0025,0.0,,,,
robust_aggregation,burst,sparse_online,19,289,400,0.6573751615162773,5.2216522510828955,7.943184587380553,4.693986063121684,0.9527761478552268,1.0,0.0,0.0,1.0,0.0,0.002958333333333333,0.0,0.01,0.0,,,,
robust_aggregation,burst,sparse_online,20,302,400,0.6617668405819146,5.083349492774781,7.681481121515268,4.842211718738704,0.5685069852666649,1.0,0.0,0.0,1.0,0.0,0.0,0.0,0.0,0.0,,,,
robust_aggregation,burst,sparse_online,21,315,400,0.6573391034153415,5.05058698854579,7.6833813206979755,4.5939224574136714,1.0096633505500945,1.0,0.0,0.0,1.0,0.0,0.0016136363636363635,0.0,0.0075,0.0,,,,
robust_aggregation,burst,sparse_online,22,328,400,0.6437900185688543,5.165415155109804,8.02344709629473,4.664968370609281,0.9679159225044289,1.0,0.0,0.0,1.0,0.0,0.0014544082131676466,0.0,0.005,0.0,,,,
robust_aggregation,burst,sparse_online,23,341,400,0.6585660990342871,5.141897473928587,7.807716615642074,4.780535096489271,0.8827042958039026,1.0,0.0,0.0,1.0,0.0,0.0016856060606060604,0.0,0.01,0.0,,,,
robust_aggregation,burst,sparse_online,24,354,400,0.6584279602766796,5.1430028299328745,7.811033461841021,4.443728904732213,1.052899117149881,1.0,0.0,0.0,1.0,0.0,0.0016520979020979022,0.0,0.01,0.0,,,,
robust_aggregation,byzantine,algorithm1,0,42,400,0.6383858054518855,5.099720341880074,7.988461363532675,4.621534856758842,1.0593819555620891,1.0,0.0,0.0,1.0,0.0,0.01731552737651437,0.0,0.0925,0.0,,,,
robust_aggregation,byzantine,algorithm1,1,55,400,0.6387828821639617,5.117617662830051,8.011513466819027,4.384156518401745,1.3157131815740861,1.0,0.0,0.0,1.0,0.0,0.015254893255398926,0.0,0.0825,0.0,,,,
robust_aggregation,byzantine,algorithm1,2,68,400,0.6552317266622797,5.088193533377101,7.76548711903211,4.8149839169690605,1.1626177929798596,1.0,0.0,0.0,1.0,0.0,0.002954545454545454,0.0,0.01,0.0,,,,
robust_aggregation,byzantine,algorithm1,3,81,400,0.6550446073984719,5.068415590092492,7.737512121841362,4.615117912501815,1.0294774185129674,1.0,0.0,0.0,1.0,0.0,0.0020265151515151516,0.0,0.0175,0.0,,,,
robust_aggregation,byzantine,algorithm1,4,94,400,0.6554885409556297,5.152966903209144,7.8612616106098345,4.646348131923135,0.989923863896859,1.0,0.0,0.0,1.0,0.0,0.00034090909090909094,0.0,0.0075,0.0,,,,
robust_aggregation,byzantine,algorithm1,5,107,400,0.6370496813840343,4.96156981292233,7.788356164220942,4.613882699371421,0.8886963498955387,1.0,0.0,0.0,1.0,0.0,0.014236677144114742,0.0,0.04,0.0,,,,
robust_aggregation,byzantine,algorithm1,6,120,400,0.6583753889379372,5.110874947580673,7.762858444367607,4.5617788853517425,1.0326962994615636,1.0,0.0,0.0,1.0,0.0,0.004237155189063336,0.0,0.035,0.0,,,,
robust_aggregation,byzantine,algorithm1,7,133,400,0.6535457870164053,5.150425750262559,7.880742026928976,4.726366565824169,0.735552516834157,1.0,0.0,0.0,1.0,0.0,0.005348577084340901,0.0,0.065,0.0,,,,
robust_aggregation,byzantine,algorithm1,8,146,400,0.644344378637342,5.05807494036885,7.849955874629737,4.74226588941329,0.837307152648564,1.0,0.0,0.0,1.0,0.0,0.007228311704298602,0.0,0.055,0.0,,,,
robust_aggregation,byzantine,algorithm1,9,159,400,0.6459505758935167,5.0952427125806405,7.887976112619147,4.4699963382569425,1.1675567780374,1.0,0.0,0.0,1.0,0.0,0.008273191712903373,0.0,0.06,0.0,,,,
robust_aggregation,byzantine,algorithm1,10,172,400,0.6523089278030817,5.080422654433786,7.7883690348133,4.5290334539266155,0.9985286907826945,1.0,0.0,0.0,1.0,0.0,0.0127260330717494,0.0,0.0575,0.0,,,,
robust_aggregation,byzantine,algorithm1,11,185,400,0.6403340721519908,5.048479402661782,7.8841336455753455,4.518228896562918,1.323657064884035,1.0,0.0,0.0,1.0,0.0,0.008072916666666667,0.0,0.04,0.0,,,,
robust_aggregation,byzantine,algorithm1,12,198,400,0.6376328673689922,5.081676902713261,7.969596867992914,4.640735698471164,0.8267572564968342,1.0,0.0,0.0,1.0,0.0,0.011682884398136322,0.0,0.08,0.0,,,,
robust_aggregation,byzantine,algorithm1,13,211,400,0.6545658929499873,4.984186604260428,7.614491769190376,4.530745469194526,1.170782832073984,1.0,0.0,0.0,1.0,0.0,0.006344696969696969,0.0,0.03,0.0,,,,
robust_aggregation,byzantine,algorithm1,14,224,400,0.6432043892437184,4.918636027567092,7.647080943198224,4.496438012735948,0.9232538096576262,1.0,0.0,0.0,1.0,0.0,0.004406468531468532,0.0,0.045,0.0,,,,
robust_aggregation,byzantine,algorithm1,15,237,400,0.6528001538676946,4.942394658090375,7.571068463767654,4.177853932396556,1.3810697195782229,1.0,0.0,0.0,1.0,0.0,0.005583045872698838,0.0,0.045,0.0,,,,
robust_aggregation,byzantine,algorithm1,16,250,400,0.6525525014077177,5.117451993580482,7.842207305221983,4.846319157506787,0.7388804915599216,1.0,0.0,0.0,1.0,0.0,0.009480008874501539,0.0,0.06,0.0,,,,
robust_aggregation,byzantine,algorithm1,17,263,400,0.622303724618957,5.004653113709597,8.042139096586634,4.694142779726729,0.5540235817327357,1.0,0.0,0.0,1.0,0.0,0.0240233828572814,0.0,0.1,0.0,,,,
robust_aggregation,byzantine,algorithm1,18,276,400,0.646847120976284,5.126987340425094,7.92611913103509,4.805735217102721,1.1351843158325012,1.0,0.0,0.0,1.0,0.0,0.009799371079727085,0.0,0.0625,0.0,,,,
robust_aggregation,byzantine,algorithm1,19,289,400,0.6543974719934478,5.197999913559151,7.943184587380553,4.663682163940898,0.9408113735067944,1.0,0.0,0.0,1.0,0.0,0.006117424242424241,0.0,0.025,0.0,,,,
robust_aggregation,byzantine,algorithm1,20,302,400,0.6581038133641163,5.055212018353666,7.681481121515268,4.766225441150241,0.620613576235308,1.0,0.0,0.0,1.0,0.0,0.0032575757575757573,0.0,0.0175,0.0,,,,
robust_aggregation,byzantine,algorithm1,21,315,400,0.6573096335741346,5.050360560518337,7.6833813206979755,4.593297790999054,1.0095961295167655,1.0,0.0,0.0,1.0,0.0,0.001590909090909091,0.0,0.0075,0.0,,,,
robust_aggregation,byzantine,algorithm1,22,328,400,0.6405591574616551,5.139492511940715,8.02344709629473,4.643878645385128,0.9660119783711094,1.0,0.0,0.0,1.0,0.0,0.005699530181742091,0.0,0.0325,0.0,,,,
robust_aggregation,byzantine,algorithm1,23,341,400,0.6500163169690982,5.075143198438093,7.807716615642074,4.704613473026541,0.8798961098802414,1.0,0.0,0.0,1.0,0.0,0.01300131500955629,0.0,0.0875,0.0,,,,
robust_aggregation,byzantine,algorithm1,24,354,400,0.6508833017326529,5.084071249587317,7.811033461841021,4.386981602236832,1.0574334069163402,1.0,0.0,0.0,1.0,0.0,0.010230946852512322,0.0,0.0725,0.0,,,,
robust_aggregation,byzantine,no_trust,0,42,400,0.3987286836602669,3.1852286839522845,7.988461363532675,2.7584429052025743,0.9098576910385501,0.0,0.0,1.0,1.0,0.0,0.415814219948009,0.6428571428571428,4.0,4.0,,,,
robust_aggregation,byzantine,no_trust,1,55,400,0.41258236556662287,3.3054091779090498,8.011513466819027,2.8264794402746465,0.7898427925753637,0.0,0.0,1.0,1.0,0.0,0.3938869859666126,0.14285714285714288,4.0,4.0,,,,
robust_aggregation,byzantine,no_trust,2,68,400,0.4007809198923738,3.1122590709780686,7.76548711903211,2.8179472038129707,0.9300101654953985,0.0,0.0,1.0,1.0,0.0,0.40880968562143905,0.14285714285714288,4.0,4.0,,,,
robust_aggregation,byzantine,no_trust,3,81,400,0.4229407100026369,3.272508870465595,7.737512121841362,2.86708015169931,0.7715702059962379,0.0,0.0,1.0,1.0,0.0,0.39784244131856683,0.6428571428571429,4.0,4.0,,,,
robust_aggregation,byzantine,no_trust,4,94,400,0.4266896599387392,3.3543190433205754,7.8612616106098345,3.0631070391090365,0.6785987357214411,0.0,0.0,1.0,1.0,0.0,0.39917558956663124,0.14285714285714288,4.0,4.0,,,,
robust_aggregation,byzantine,no_trust,5,107,400,0.41222192342105657,3.210531158303399,7.788356164220942,2.7319345180730945,0.8810354017796866,0.0,0.0,1.0,1.0,0.0,0.40161769350559495,0.6428571428571429,4.0,4.0,,,,
robust_aggregation,byzantine,no_trust,6,120,400,0.41523671136183715,3.2234238112066724,7.762858444367607,2.8997202482763202,0.5566545563063685,0.0,0.0,1.0,1.0,0.0,0.3993375824727453,0.14285714285714288,4.0,4.0,,,,
robust_aggregation,byzantine,no_trust,7,133,400,0.42453490937770416,3.3456501022313576,7.880742026928976,2.8718851002175017,0.6681869404542038,0.0,0.0,1.0,1.0,0.0,0.39632926162780613,0.14285714285714288,4.0,4.0,,,,
robust_aggregation,byzantine,no_trust,8,146,400,0.42962585834147476,3.372544030580503,7.849955874629737,2.769648226174602,1.0133678539410766,0.0,0.0,1.0,1.0,0.0,0.38930916363686086,0.14285714285714288,4.0,4.0,,,,
robust_aggregation,byzantine,no_trust,9,159,400,0.39984801275505405,3.1539915732901025,7.887976112619147,2.7559722909142543,1.033664075932771,0.0,0.0,1.0,1.0,0.0,0.4142583481222919,0.6428571428571429,4.0,4.0,,,,
robust_aggregation,byzantine,no_trust,10,172,400,0.40608101391883583,3.1627087944310497,7.7883690348133,2.5156511968540554,1.018745396656707,0.0,0.0,1.0,1.0,0.0,0.41347739402016004,0.17525785165495708,4.0,4.0,,,,
robust_aggregation,byzantine,no_trust,11,185,400,0.4104924447288982,3.236377294741584,7.8841336455753455,2.710974603187072,0.8912810803321358,0.0,0.0,1.0,1.0,0.0,0.39884119956468195,0.6428571428571429,4.0,4.0,,,,
robust_aggregation,byzantine,no_trust,12,198,400,0.40779101445861277,3.2499299916250135,7.969596867992914,3.0059214652585196,0.6475107992680451,0.0,0.0,1.0,1.0,0.0,0.40565674831619064,0.6428571428571429,4.0,4.0,,,,
robust_aggregation,byzantine,no_trust,13,211,400,0.41511031821313127,3.160854101339886,7.614491769190376,2.6654843601389464,0.9604447946407455,0.0,0.0,1.0,1.0,0.0,0.4085758139471733,0.6428571428571429,4.0,4.0,,,,
robust_aggregation,byzantine,no_trust,14,224,400,0.4370211724215879,3.34193627939927,7.647080943198224,3.029524667280117,0.7095883836466741,0.0,0.0,1.0,1.0,0.0,0.3889662050905236,0.6428571428571429,4.0,4.0,,,,
robust_aggregation,byzantine,no_trust,15,237,400,0.41666773528313017,3.154619950471596,7.571068463767654,2.619164000921136,0.9453062749136545,0.0,0.0,1.0,1.0,0.0,0.402284185145827,0.6428571428571429,4.0,4.0,,,,
robust_aggregation,byzantine,no_trust,16,250,400,0.42707461558443743,3.3492076702111455,7.842207305221983,3.0065379975571482,0.7015780350072758,0.0,0.0,1.0,1.0,0.0,0.39207518890179816,0.14285714285714288,4.0,4.0,,,,
robust_aggregation,byzantine,no_trust,17,263,400,0.41398137063489204,3.3292957660413873,8.042139096586634,3.0050755609914903,0.60580584560328,0.0,0.0,1.0,1.0,0.0,0.40040162299509985,0.6428571428571429,4.0,4.0,,,,
robust_aggregation,byzantine,no_trust,18,276,400,0.4192960798322326,3.323390679926275,7.92611913103509,2.8983606050109634,0.9230664259952026,0.0,0.0,1.0,1.0,0.0,0.40087328041689374,0.14285714285714288,4.0,4.0,,,,
robust_aggregation,byzantine,no_trust,19,289,400,0.39749350305405506,3.1573642670428748,7.943184587380553,2.8606766587996244,0.8518082614719589,0.0,0.0,1.0,1.0,0.0,0.4158991502717933,0.28942020416563763,4.0,4.0,,,,
robust_aggregation,byzantine,no_trust,20,302,400,0.39955503364479517,3.0691744479488916,7.681481121515268,2.8816580983008864,0.43006162462242914,0.0,0.0,1.0,1.0,0.0,0.41153556401902014,0.14285714285714288,4.0,4.0,,,,
robust_aggregation,byzantine,no_trust,21,315,400,0.40520477199748983,3.1133427762231953,7.6833813206979755,2.8367785941257226,1.0145996293450246,0.0,0.0,1.0,1.0,0.0,0.40673770840828255,0.6428571428571429,4.0,4.0,,,,
robust_aggregation,byzantine,no_trust,22,328,400,0.4153785480092302,3.3327678048877787,8.02344709629473,2.9358279674873002,0.7588091692856764,0.0,0.0,1.0,1.0,0.0,0.39417752103172915,0.6428571428571429,4.0,4.0,,,,
robust_aggregation,byzantine,no_trust,23,341,400,0.41464802531870615,3.2374542769240375,7.807716615642074,2.821329977763763,0.7007769598936067,0.0,0.0,1.0,1.0,0.0,0.39938184851887526,0.14285714285714288,4.0,4.0,,,,
robust_aggregation,byzantine,no_trust,24,354,400,0.4123565747537246,3.2209310036114913,7.811033461841021,2.638360626186537,0.8458377195822071,0.0,0.0,1.0,1.0,0.0,0.40176098910680624,0.14285714285714288,4.0,4.0,,,,
robust_aggregation,byzantine,oracle,0,42,400,0.655489533948318,5.236352816146178,7.988461363532675,4.754908380976767,1.0764128507608,1.0,0.0,0.0,1.0,0.0,0.0,0.0,0.0,0.0,,,,
robust_aggregation,byzantine,oracle,1,55,400,0.6508760629888666,5.214502343865454,8.011513466819027,4.489449557005258,1.3152675568797862,1.0,0.0,0.0,1.0,0.0,0.0,0.0,0.0,0.0,,,,
robust_aggregation,byzantine,oracle,2,68,400,0.658511400800204,5.113661800649775,7.76548711903211,4.820026952577093,1.1819206146436505,1.0,0.0,0.0,1.0,0.0,0.0,0.0,0.0,0.0,,,,
robust_aggregation,byzantine,oracle,3,81,400,0.6558735594171545,5.074829616385474,7.737512121841362,4.616204228882173,1.0284333742875962,1.0,0.0,0.0,1.0,0.0,0.0,0.0,0.0,0.0,,,,
robust_aggregation,byzantine,oracle,4,94,400,0.6555510436703784,5.153458253401157,7.8612616106098345,4.646301528717591,0.9894129354934522,1.0,0.0,0.0,1.0,0.0,0.0,0.0,0.0,0.0,,,,
robust_aggregation,byzantine,oracle,5,107,400,0.6499696843609941,5.062195397749688,7.788356164220942,4.70776055323842,0.9037433517943967,1.0,0.0,0.0,1.0,0.0,0.0,0.0,0.0,0.0,,,,
robust_aggregation,byzantine,oracle,6,120,400,0.660117493675681,5.12439866005504,7.762858444367607,4.565557544787256,1.042667461634382,1.0,0.0,0.0,1.0,0.0,0.0,0.0,0.0,0.0,,,,
robust_aggregation,byzantine,oracle,7,133,400,0.6558701936255407,5.168743799114844,7.880742026928976,4.748349303801705,0.7216754606416833,1.0,0.0,0.0,1.0,0.0,0.0,0.0,0.0,0.0,,,,
robust_aggregation,byzantine,oracle,8,146,400,0.6502220740469089,5.104214589978464,7.849955874629737,4.791438909684305,0.8369881631910285,1.0,0.0,0.0,1.0,0.0,0.0,0.0,0.0,0.0,,,,
robust_aggregation,byzantine,oracle,9,159,400,0.6498125926323146,5.125706208362814,7.887976112619147,4.501333306914535,1.167257606141833,1.0,0.0,0.0,1.0,0.0,0.0,0.0,0.0,0.0,,,,
robust_aggregation,byzantine,oracle,10,172,400,0.6625878078081717,5.16047836517799,7.7883690348133,4.6152850198321556,0.9749228913994745,1.0,0.0,0.0,1.0,0.0,0.0,0.0,0.0,0.0,,,,
robust_aggregation,byzantine,oracle,11,185,400,0.645728556934077,5.091010241632772,7.8841336455753455,4.556066232300686,1.3312955155525268,1.0,0.0,0.0,1.0,0.0,0.0,0.0,0.0,0.0,,,,
robust_aggregation,byzantine,oracle,12,198,400,0.6481969991714785,5.165868774439421,7.969596867992914,4.733815480264077,0.8283668419042529,1.0,0.0,0.0,1.0,0.0,0.0,0.0,0.0,0.0,,,,
robust_aggregation,byzantine,oracle,13,211,400,0.6560790547634116,4.995708562434199,7.614491769190376,4.547713336782328,1.154064847344257,1.0,0.0,0.0,1.0,0.0,0.0,0.0,0.0,0.0,,,,
robust_aggregation,byzantine,oracle,14,224,400,0.6463002687038183,4.942310468388861,7.647080943198224,4.529953667753586,0.9062307350121506,1.0,0.0,0.0,1.0,0.0,0.0,0.0,0.0,0.0,,,,
robust_aggregation,byzantine,oracle,15,237,400,0.6557240192841981,4.964531443337565,7.571068463767654,4.196314395382014,1.401098339258934,1.0,0.0,0.0,1.0,0.0,0.0,0.0,0.0,0.0,,,,
robust_aggregation,byzantine,oracle,16,250,400,0.6584338910103802,5.163575070087338,7.842207305221983,4.8934553695514795,0.7398860899116526,1.0,0.0,0.0,1.0,0.0,0.0,0.0,0.0,0.0,,,,
robust_aggregation,byzantine,oracle,17,263,400,0.6410207385301849,5.155177943056438,8.042139096586634,4.838081874013884,0.5430812814875425,1.0,0.0,0.0,1.0,0.0,0.0,0.0,0.0,0.0,,,,
robust_aggregation,byzantine,oracle,18,276,400,0.6515255715169127,5.164069296758773,7.92611913103509,4.803902306447951,1.1812162627637965,1.0,0.0,0.0,1.0,0.0,0.0,0.0,0.0,0.0,,,,
robust_aggregation,byzantine,oracle,19,289,400,0.6605602743318187,5.246952190108372,7.943184587380553,4.714691422582575,0.9586936124172469,1.0,0.0,0.0,1.0,0.0,0.0,0.0,0.0,0.0,,,,
robust_aggregation,byzantine,oracle,20,302,400,0.6614181974268665,5.080671396961133,7.681481121515268,4.832996165961136,0.5748426713119148,1.0,0.0,0.0,1.0,0.0,0.0,0.0,0.0,0.0,,,,
robust_aggregation,byzantine,oracle,21,315,400,0.6581868935605932,5.057100883511689,7.6833813206979755,4.596266926060832,1.0160121512448947,1.0,0.0,0.0,1.0,0.0,0.0,0.0,0.0,0.0,,,,
robust_aggregation,byzantine,oracle,22,328,400,0.6454104819588548,5.178416857390955,8.02344709629473,4.673905900143367,0.9725612242128712,1.0,0.0,0.0,1.0,0.0,0.0,0.0,0.0,0.0,,,,
robust_aggregation,byzantine,oracle,23,341,400,0.6596854964520344,5.15063741174664,7.807716615642074,4.784929688088934,0.884948585862861,1.0,0.0,0.0,1.0,0.0,0.0,0.0,0.0,0.0,,,,
robust_aggregation,byzantine,oracle,24,354,400,0.6600492834824402,5.15566703974553,7.811033461841021,4.453281474148558,1.0494040541505205,1.0,0.0,0.0,1.0,0.0,0.0,0.0,0.0,0.0,,,,
robust_aggregation,byzantine,sparse_online,0,42,400,0.6533352234625243,5.2191431900653615,7.988461363532675,4.715483750129561,1.1078988745225082,1.0,0.0,0.0,1.0,0.0,0.0015833333333333333,0.0,0.0075,0.0,,,,
robust_aggregation,byzantine,sparse_online,1,55,400,0.6474916049053315,5.187387712351328,8.011513466819027,4.4310416008827,1.3436119642433884,1.0,0.0,0.0,1.0,0.0,0.0005070272290974979,0.0,0.0075,0.0,,,,
robust_aggregation,byzantine,sparse_online,2,68,400,0.6553051935714981,5.088764039714311,7.76548711903211,4.81551326157178,1.162546201166566,1.0,0.0,0.0,1.0,0.0,0.002852272727272727,0.0,0.0075,0.0,,,,
robust_aggregation,byzantine,sparse_online,3,81,400,0.655875454595186,5.074844280348466,7.737512121841362,4.616310132151641,1.0284794460122821,1.0,0.0,0.0,1.0,0.0,0.00011363636363636366,0.0,0.0025,0.0,,,,
robust_aggregation,byzantine,sparse_online,4,94,400,0.6545194803269444,5.145348864090507,7.8612616106098345,4.6398509480027075,0.9871989589176415,1.0,0.0,0.0,1.0,0.0,0.0014886363636363636,0.0,0.005,0.0,,,,
robust_aggregation,byzantine,sparse_online,5,107,400,0.6499909353695849,5.062360908173442,7.788356164220942,4.707184872603527,0.9061491531324659,1.0,0.0,0.0,1.0,0.0,0.00015625,0.0,0.0025,0.0,,,,
robust_aggregation,byzantine,sparse_online,6,120,400,0.6601970508045563,5.12501625078474,7.762858444367607,4.566125824319058,1.0359800270384358,1.0,0.0,0.0,1.0,0.0,0.0,0.0,0.0,0.0,,,,
robust_aggregation,byzantine,sparse_online,7,133,400,0.6548507641567379,5.160709938456559,7.880742026928976,4.743343926906716,0.7212064031408216,1.0,0.0,0.0,1.0,0.0,0.0005164141414141413,0.0,0.01,0.0,,,,
robust_aggregation,byzantine,sparse_online,8,146,400,0.6492666192717784,5.096714312153486,7.849955874629737,4.78132613535788,0.8383679650989713,1.0,0.0,0.0,1.0,0.0,0.0016969696969696968,0.0,0.01,0.0,,,,
robust_aggregation,byzantine,sparse_online,9,159,400,0.6483439491470311,5.114121583632945,7.887976112619147,4.493505385303388,1.1615298057676888,1.0,0.0,0.0,1.0,0.0,0.00011363636363636366,0.0,0.0025,0.0,,,,
robust_aggregation,byzantine,sparse_online,10,172,400,0.6624364137640723,5.159299252492871,7.7883690348133,4.618541029349682,0.9723681159219844,1.0,0.0,0.0,1.0,0.0,0.00022727272727272727,0.0,0.005,0.0,,,,
robust_aggregation,byzantine,sparse_online,11,185,400,0.6441672017993181,5.0787003090821266,7.8841336455753455,4.547172925322711,1.3278920580140232,1.0,0.0,0.0,1.0,0.0,0.0016335227272727272,0.0,0.0075,0.0,,,,
robust_aggregation,byzantine,sparse_online,12,198,400,0.6433630965095195,5.12734451892449,7.969596867992914,4.688125511744792,0.8338146907932424,1.0,0.0,0.0,1.0,0.0,0.003188168541624965,0.0,0.0275,0.0,,,,
robust_aggregation,byzantine,sparse_online,13,211,400,0.6579302421744344,5.009804413738662,7.614491769190376,4.553660968039878,1.1750463757257217,1.0,0.0,0.0,1.0,0.0,0.00035227272727272733,0.0,0.0075,0.0,,,,
robust_aggregation,byzantine,sparse_online,14,224,400,0.64619211093031,4.941483377140207,7.647080943198224,4.525507910467959,0.9100658279521836,1.0,0.0,0.0,1.0,0.0,0.0003636363636363636,0.0,0.0075,0.0,,,,
robust_aggregation,byzantine,sparse_online,15,237,400,0.6557551783973793,4.9647673511167305,7.571068463767654,4.196501411320781,1.389429697259211,1.0,0.0,0.0,1.0,0.0,0.001291214254141211,0.0,0.0175,0.0,,,,
robust_aggregation,byzantine,sparse_online,16,250,400,0.6559909078544517,5.144416689735381,7.842207305221983,4.876112563195083,0.731710539932096,1.0,0.0,0.0,1.0,0.0,0.0032240675990675995,0.0,0.0175,0.0,,,,
robust_aggregation,byzantine,sparse_online,17,263,400,0.6387818750306715,5.137172691375081,8.042139096586634,4.818139201878436,0.5482561025430721,1.0,0.0,0.0,1.0,0.0,0.002702268170782695,0.0,0.0125,0.0,,,,
robust_aggregation,byzantine,sparse_online,18,276,400,0.649611054596274,5.148894607567408,7.92611913103509,4.78529465795842,1.1887774923360324,1.0,0.0,0.0,1.0,0.0,0.0025546158349718413,0.0,0.0075,0.0,,,,
robust_aggregation,byzantine,sparse_online,19,289,400,0.6585807820991592,5.231228717915071,7.943184587380553,4.699358232524724,0.9511131504327457,1.0,0.0,0.0,1.0,0.0,0.0014583333333333332,0.0,0.005,0.0,,,,
robust_aggregation,byzantine,sparse_online,20,302,400,0.6617668405819146,5.083349492774781,7.681481121515268,4.842211718738704,0.5685069852666649,1.0,0.0,0.0,1.0,0.0,0.0,0.0,0.0,0.0,,,,
robust_aggregation,byzantine,sparse_online,21,315,400,0.657387359452464,5.050957758080028,7.6833813206979755,4.5939224574136714,1.0096633505500945,1.0,0.0,0.0,1.0,0.0,0.0013636363636363635,0.0,0.0025,0.0,,,,
robust_aggregation,byzantine,sparse_online,22,328,400,0.6437900185688543,5.165415155109804,8.02344709629473,4.664968370609281,0.9679159225044289,1.0,0.0,0.0,1.0,0.0,0.0014544082131676466,0.0,0.005,0.0,,,,
robust_aggregation,byzantine,sparse_online,23,341,400,0.6569750351155786,5.129474897733939,7.807716615642074,4.7685321439463895,0.8762603326503733,1.0,0.0,0.0,1.0,0.0,0.004554195804195804,0.0,0.02,0.0,,,,
robust_aggregation,byzantine,sparse_online,24,354,400,0.6583057129131374,5.142047951685625,7.811033461841021,4.442954277080869,1.0321313249649604,1.0,0.0,0.0,1.0,0.0,0.0025965988182455853,0.0,0.02,0.0,,,,
robust_aggregation,compound,algorithm1,0,42,400,0.533167263312055,4.259186083268804,7.988461363532675,3.7696849966256707,1.013456767300286,0.5,0.0,0.5,0.5,0.0,0.1950760722480033,0.08333333333333334,2.04,2.0,,,,
robust_aggregation,compound,algorithm1,1,55,400,0.4746695922595981,3.8028218306772668,8.011513466819027,3.202203990360244,1.047299019849517,0.25,0.0,0.75,0.25,0.0,0.29027551349997877,0.11538461538461542,3.75,3.0,,,,
robust_aggregation,compound,algorithm1,2,68,400,0.5800602747411038,4.504450591764268,7.76548711903211,4.118531479324708,1.2168674792395224,0.75,0.0,0.25,0.75,0.0,0.12503160175372424,0.045454545454545456,1.1375,1.0,,,,
robust_aggregation,compound,algorithm1,3,81,400,0.5923393728871346,4.583233077958114,7.737512121841362,4.166290544864488,1.0027067717220586,0.75,0.0,0.25,0.75,0.0,0.11778519186135071,0.07851653861961921,1.1225,1.0,,,,
robust_aggregation,compound,algorithm1,4,94,400,0.5501966008380222,4.325239416455967,7.8612616106098345,3.9299868790457326,0.8272612916270319,0.5,0.0,0.5,0.5,0.0,0.19172569057547217,0.08333333333333334,2.0475,2.0,,,,
robust_aggregation,compound,algorithm1,5,107,400,0.5814933598184222,4.528877393395355,7.788356164220942,4.267134428488174,0.6396298973028332,0.75,0.0,0.25,0.75,0.0,0.12080825870346484,0.04545454545454546,1.0725,1.0,,,,
robust_aggregation,compound,algorithm1,6,120,400,0.6229658938367889,4.835996049523931,7.762858444367607,4.347050643540554,0.9689578645546852,1.0,0.0,0.0,1.0,0.0,0.05339396148939068,0.0,0.3775,0.0,,,,
robust_aggregation,compound,algorithm1,7,133,400,0.5721235469874284,4.508758081339502,7.880742026928976,4.165708118834833,0.6007127752982555,1.0,0.0,0.0,1.0,0.0,0.12970951432446431,0.0,1.3525,0.0,,,,
robust_aggregation,compound,algorithm1,8,146,400,0.5650107096213727,4.435309139221011,7.849955874629737,4.137254360287799,0.6396194649201279,0.75,0.0,0.25,0.75,0.0,0.14472660835994092,0.04545454545454546,1.3375,1.0,,,,
robust_aggregation,compound,algorithm1,9,159,400,0.567338851904657,4.4751553115847065,7.887976112619147,3.923629891395285,0.9819333404254409,0.75,0.0,0.25,0.75,0.0,0.14039653436494665,0.045454545454545456,1.42,1.0,,,,
robust_aggregation,compound,algorithm1,10,172,400,0.5510167362866871,4.29152168655912,7.7883690348133,3.789863156200809,0.9706544283537468,0.75,0.0,0.25,0.75,0.0,0.17603418746592334,0.04545454545454546,1.6975,1.0,,,,
robust_aggregation,compound,algorithm1,11,185,400,0.5358332825574476,4.2245812114302534,7.8841336455753455,3.899230254191377,0.7659120917094753,0.5,0.0,0.5,0.5,0.0,0.19723848145328382,0.08333333333333334,2.1475,2.0,,,,
robust_aggregation,compound,algorithm1,12,198,400,0.5493084915814583,4.377767234069502,7.969596867992914,4.039741012177911,0.7581446977412396,0.75,0.0,0.25,0.75,0.0,0.15633819789733358,0.04545454545454546,1.5275,1.0,,,,
robust_aggregation,compound,algorithm1,13,211,400,0.6378668705401721,4.8570320355673635,7.614491769190376,4.414339092062344,1.2269002717779864,1.0,0.0,0.0,1.0,0.0,0.02748873923220815,0.0,0.1425,0.0,,,,
robust_aggregation,compound,algorithm1,14,224,400,0.5806553272222376,4.440318287367702,7.647080943198224,4.099102668816914,0.7920829730821506,0.75,0.0,0.25,0.75,0.0,0.12598414261115073,0.045454545454545456,1.1225,1.0,,,,
robust_aggregation,compound,algorithm1,15,237,400,0.5787271252539067,4.381582687136766,7.571068463767654,3.8330891949003965,0.9767129675666943,0.75,0.0,0.25,0.75,0.0,0.12385005189466472,0.04545454545454546,1.1775,1.0,,,,
robust_aggregation,compound,algorithm1,16,250,400,0.5575817286528041,4.372671505699322,7.842207305221983,4.090522463518967,0.7152764300279708,0.75,0.0,0.25,0.75,0.0,0.1689869920430506,0.04545454545454546,1.58,1.0,,,,
robust_aggregation,compound,algorithm1,17,263,400,0.5202260229201828,4.183730037988177,8.042139096586634,3.8909856174968853,0.5474782799740856,0.5,0.0,0.5,0.5,0.0,0.20820552308947796,0.08333333333333334,2.1675,2.0,,,,
robust_aggregation,compound,algorithm1,18,276,400,0.5790457936953993,4.5895859431545025,7.92611913103509,4.129656922455323,1.1119723321315993,0.75,0.0,0.25,0.75,0.0,0.12099656669395037,0.045454545454545456,1.125,1.0,,,,
robust_aggregation,compound,algorithm1,19,289,400,0.5385914078281879,4.2781309695564556,7.943184587380553,3.9434085699034678,0.7272903385704752,0.75,0.0,0.25,0.75,0.0,0.17808669689517603,0.04545454545454546,1.5525,1.0,,,,
robust_aggregation,compound,algorithm1,20,302,400,0.5793944883846239,4.450607824436486,7.681481121515268,4.1176205331551605,0.6904231409530004,0.75,0.0,0.25,0.75,0.0,0.1294812449522313,0.5454545454545454,1.1875,1.0,,,,
robust_aggregation,compound,algorithm1,21,315,400,0.5443290667167581,4.182287783524501,7.6833813206979755,3.766112840262184,0.9588979115146747,0.5,0.0,0.5,0.5,0.0,0.19581787483609617,0.08333333333333334,2.14,2.0,,,,
robust_aggregation,compound,algorithm1,22,328,400,0.5533247160495912,4.439571586296198,8.02344709629473,4.070258466751661,0.7819933095677261,0.75,0.0,0.25,0.75,0.0,0.15298597382627022,0.04545454545454546,1.4525,1.0,,,,
robust_aggregation,compound,algorithm1,23,341,400,0.6025561536399501,4.704587692632017,7.807716615642074,4.318971745628822,0.8203430807699723,1.0,0.0,0.0,1.0,0.0,0.08621076293075898,0.0,0.7725,0.0,,,,
robust_aggregation,compound,algorithm1,24,354,400,0.5579576885201434,4.35822617532231,7.811033461841021,3.9212677062264274,0.7597740758085796,0.75,0.0,0.25,0.75,0.0,0.1534819834668331,0.04545454545454546,1.385,1.0,,,,
robust_aggregation,compound,no_trust,0,42,400,0.4262256467551462,3.4048871112502113,7.988461363532675,3.0873905127279593,0.7349729710730029,0.0,0.0,1.0,0.5,0.0,0.3726268646425524,0.6428571428571429,4.0,4.0,,,,
robust_aggregation,compound,no_trust,1,55,400,0.4661236309539213,3.7343557465899226,8.011513466819027,3.1648961322521765,0.961596049227976,0.0,0.0,1.0,0.25,0.0,0.3088618486467587,0.14285714285714288,4.0,4.0,,,,
robust_aggregation,compound,no_trust,2,68,400,0.41704045895803105,3.238522312153829,7.76548711903211,2.9332686803261105,1.0459033634689097,0.0,0.0,1.0,0.75,0.0,0.38683213061861255,0.6428571428571429,4.0,4.0,,,,
robust_aggregation,compound,no_trust,3,81,400,0.44612211435150306,3.451875267616253,7.737512121841362,3.0744319086175773,0.727091575426901,0.0,0.0,1.0,0.75,0.0,0.3628988234388636,0.6428571428571429,4.0,4.0,,,,
robust_aggregation,compound,no_trust,4,94,400,0.47417505434119556,3.727614151401273,7.8612616106098345,3.416090126508451,0.6694709848877305,0.0,0.0,1.0,0.5,0.0,0.3161442750288075,0.14285714285714288,4.0,4.0,,,,
robust_aggregation,compound,no_trust,5,107,400,0.4202172775850599,3.272801824191744,7.788356164220942,2.9126644243387223,0.8355137675641089,0.0,0.0,1.0,0.75,0.0,0.38364481555091223,0.6428571428571429,4.0,4.0,,,,
robust_aggregation,compound,no_trust,6,120,400,0.4122177145469882,3.199987766289003,7.762858444367607,2.8183394460624895,0.6234895537442067,0.0,0.0,1.0,1.0,0.0,0.39690517369151124,0.14285714285714288,4.0,4.0,,,,
robust_aggregation,compound,no_trust,7,133,400,0.44600835040578435,3.51487675140413,7.880742026928976,3.2580454975956936,0.6400042030642283,0.0,0.0,1.0,1.0,0.0,0.3585432066264034,0.14285714285714288,4.0,4.0,,,,
robust_aggregation,compound,no_trust,8,146,400,0.4655824223828564,3.654801471708647,7.849955874629737,3.3661442535198387,0.5500928686646911,0.0,0.0,1.0,0.75,0.0,0.3281703920256129,0.33507081911325237,4.0,4.0,,,,
robust_aggregation,compound,no_trust,9,159,400,0.44811064859950206,3.534686091963145,7.887976112619147,2.9695840140991088,0.9626344247106333,0.0,0.0,1.0,0.75,0.0,0.33220959341382256,0.14285714285714288,4.0,4.0,,,,
robust_aggregation,compound,no_trust,10,172,400,0.4537870882117316,3.534261306226342,7.7883690348133,3.101065600546508,0.7915259639734473,0.0,0.0,1.0,0.75,0.0,0.33792283906344395,0.6428571428571429,4.0,4.0,,,,
robust_aggregation,compound,no_trust,11,185,400,0.4360942677977816,3.438225489387035,7.8841336455753455,3.050378274134573,0.8050760465553877,0.0,0.0,1.0,0.5,0.0,0.3507871957036125,0.6428571428571429,4.0,4.0,,,,
robust_aggregation,compound,no_trust,12,198,400,0.4268302843817039,3.401665297572952,7.969596867992914,3.105190615579702,0.7093810782522532,0.0,0.0,1.0,0.75,0.0,0.3702139100738516,0.6428571428571429,4.0,4.0,,,,
robust_aggregation,compound,no_trust,13,211,400,0.4254720529050647,3.2397534448661474,7.614491769190376,2.90854583593994,0.667796372668839,0.0,0.0,1.0,1.0,0.0,0.3839515825455858,0.6428571428571429,4.0,4.0,,,,
robust_aggregation,compound,no_trust,14,224,400,0.4360333198613206,3.3343820909109607,7.647080943198224,2.949631183246038,0.8325858260735957,0.0,0.0,1.0,0.75,0.0,0.3734802381138028,0.6428571428571429,4.0,4.0,,,,
robust_aggregation,compound,no_trust,15,237,400,0.4309973660019149,3.2631105657040234,7.571068463767654,2.6858372743172723,1.0225386093887137,0.0,0.0,1.0,0.75,0.0,0.37406278718084346,0.1657838889159345,4.0,4.0,,,,
robust_aggregation,compound,no_trust,16,250,400,0.4452483251502938,3.4917296681314864,7.842207305221983,3.223552375440607,0.7287543305674236,0.0,0.0,1.0,0.75,0.0,0.3591393326498421,0.6428571428571429,4.0,4.0,,,,
robust_aggregation,compound,no_trust,17,263,400,0.43720874159207135,3.5160935141270397,8.042139096586634,3.2800100097991107,0.45941989606214984,0.0,0.0,1.0,0.5,0.0,0.35003917168204274,0.6428571428571429,4.0,4.0,,,,
robust_aggregation,compound,no_trust,18,276,400,0.4302127881752902,3.4099178107721144,7.92611913103509,3.009162015783203,0.7986029211965682,0.0,0.0,1.0,0.75,0.0,0.3773036555264076,0.14285714285714288,4.0,4.0,,,,
robust_aggregation,compound,no_trust,19,289,400,0.4338366192512623,3.446044347477912,7.943184587380553,3.135963641212146,0.6417935130086203,0.0,0.0,1.0,0.75,0.0,0.34387707406588786,0.14285714285714288,4.0,4.0,,,,
robust_aggregation,compound,no_trust,20,302,400,0.4256654253957338,3.269740929259095,7.681481121515268,3.0997018155650733,0.4356185649959592,0.0,0.0,1.0,0.75,0.0,0.37046271516063456,0.14285714285714288,4.0,4.0,,,,
robust_aggregation,compound,no_trust,21,315,400,0.44518795030817254,3.4205487815976316,7.6833813206979755,3.0971973792117407,0.9580449211172253,0.0,0.0,1.0,0.5,0.0,0.35164712857246355,0.6428571428571429,4.0,4.0,,,,
robust_aggregation,compound,no_trust,22,328,400,0.4378978037451313,3.5134498619327132,8.02344709629473,3.328915732489775,0.5776656761274142,0.0,0.0,1.0,0.75,0.0,0.3510778507945905,0.6428571428571429,4.0,4.0,,,,
robust_aggregation,compound,no_trust,23,341,400,0.4401501433416459,3.4365675875458095,7.807716615642074,3.115056531051059,0.6401224953258184,0.0,0.0,1.0,1.0,0.0,0.3652202580289526,0.14285714285714288,4.0,4.0,,,,
robust_aggregation,compound,no_trust,24,354,400,0.43604628809324164,3.4059721472078803,7.811033461841021,2.9774095630634405,0.7346806475745615,0.0,0.0,1.0,0.75,0.0,0.3578058496154018,0.14285714285714288,4.0,4.0,,,,
robust_aggregation,compound,oracle,0,42,400,0.6518084075932588,5.206946280484505,7.988461363532675,4.777940837726146,1.0181314224885227,1.0,0.0,0.0,0.5,0.0,0.0,0.0,0.0,0.0,,,,
robust_aggregation,compound,oracle,1,55,400,0.6498980356800693,5.206666864910108,8.011513466819027,4.476371407573078,1.3283457063119668,1.0,0.0,0.0,0.25,0.0,0.0,0.0,0.0,0.0,,,,
robust_aggregation,compound,oracle,2,68,400,0.6552799112726556,5.088567710348311,7.76548711903211,4.744435479131145,1.1945890247470503,1.0,0.0,0.0,0.75,0.0,0.0,0.0,0.0,0.0,,,,
robust_aggregation,compound,oracle,3,81,400,0.6531460780914417,5.0537256965656745,7.737512121841362,4.558751366472833,1.0731371535171608,1.0,0.0,0.0,0.75,0.0,0.0,0.0,0.0,0.0,,,,
robust_aggregation,compound,oracle,4,94,400,0.6529230548987226,5.1327989461574255,7.8612616106098345,4.670042407395054,0.9038378652230383,1.0,0.0,0.0,0.5,0.0,0.0,0.0,0.0,0.0,,,,
robust_aggregation,compound,oracle,5,107,400,0.6488949207352694,5.053824755840195,7.788356164220942,4.708588270272348,0.8862115480058543,1.0,0.0,0.0,0.75,0.0,0.0,0.0,0.0,0.0,,,,
robust_aggregation,compound,oracle,6,120,400,0.6588329397236858,5.114426849561549,7.762858444367607,4.623325075745926,0.9929973748340544,1.0,0.0,0.0,1.0,0.0,0.0,0.0,0.0,0.0,,,,
robust_aggregation,compound,oracle,7,133,400,0.6565843842864031,5.174372151471142,7.880742026928976,4.737821779698112,0.8263991502404364,1.0,0.0,0.0,1.0,0.0,0.0,0.0,0.0,0.0,,,,
robust_aggregation,compound,oracle,8,146,400,0.64849039668021,5.090620999060783,7.849955874629737,4.779432838907447,0.8296271761875804,1.0,0.0,0.0,0.75,0.0,0.0,0.0,0.0,0.0,,,,
robust_aggregation,compound,oracle,9,159,400,0.6442510540506562,5.081836924881283,7.887976112619147,4.425087877472149,1.2262490669898387,1.0,0.0,0.0,0.75,0.0,0.0,0.0,0.0,0.0,,,,
robust_aggregation,compound,oracle,10,172,400,0.6608285264192875,5.146776432485281,7.7883690348133,4.615048166105247,0.9849685965278949,1.0,0.0,0.0,0.75,0.0,0.0,0.0,0.0,0.0,,,,
robust_aggregation,compound,oracle,11,185,400,0.645806005645262,5.0916208576224316,7.8841336455753455,4.570423041073213,1.2876300941790149,1.0,0.0,0.0,0.5,0.0,0.0,0.0,0.0,0.0,,,,
robust_aggregation,compound,oracle,12,198,400,0.6430986628734782,5.125237089446903,7.969596867992914,4.6813179252742305,0.8998917143466834,1.0,0.0,0.0,0.75,0.0,0.0,0.0,0.0,0.0,,,,
robust_aggregation,compound,oracle,13,211,400,0.6540953659213363,4.980603780073583,7.614491769190376,4.531175636432039,1.2325520024344998,1.0,0.0,0.0,1.0,0.0,0.0,0.0,0.0,0.0,,,,
robust_aggregation,compound,oracle,14,224,400,0.647349906111325,4.950337130605074,7.647080943198224,4.536033366665515,0.892332572018316,1.0,0.0,0.0,0.75,0.0,0.0,0.0,0.0,0.0,,,,
robust_aggregation,compound,oracle,15,237,400,0.6552982976550732,4.961308275736954,7.571068463767654,4.209227607161912,1.4034759353395252,1.0,0.0,0.0,0.75,0.0,0.0,0.0,0.0,0.0,,,,
robust_aggregation,compound,oracle,16,250,400,0.6573410469423357,5.155004760353452,7.842207305221983,4.896738167091049,0.7175455201520249,1.0,0.0,0.0,0.75,0.0,0.0,0.0,0.0,0.0,,,,
robust_aggregation,compound,oracle,17,263,400,0.6376721929960019,5.128248474099284,8.042139096586634,4.947732941377093,0.39329770951648957,1.0,0.0,0.0,0.5,0.0,0.0,0.0,0.0,0.0,,,,
robust_aggregation,compound,oracle,18,276,400,0.6567400936166429,5.205400220132649,7.92611913103509,4.831699818153131,1.1775511479848708,1.0,0.0,0.0,0.75,0.0,0.0,0.0,0.0,0.0,,,,
robust_aggregation,compound,oracle,19,289,400,0.655434181906298,5.206234691760487,7.943184587380553,4.566228670446102,1.0858347014023533,1.0,0.0,0.0,0.75,0.0,0.0,0.0,0.0,0.0,,,,
robust_aggregation,compound,oracle,20,302,400,0.658046407607933,5.054771057121278,7.681481121515268,4.712711141859646,0.715650042663543,1.0,0.0,0.0,0.75,0.0,0.0,0.0,0.0,0.0,,,,
robust_aggregation,compound,oracle,21,315,400,0.6558767517790977,5.039351183299582,7.6833813206979755,4.615199795898373,0.9918208073849906,1.0,0.0,0.0,0.5,0.0,0.0,0.0,0.0,0.0,,,,
robust_aggregation,compound,oracle,22,328,400,0.6480447806225121,5.19955301335465,8.02344709629473,4.68072279872586,0.9893639757158894,1.0,0.0,0.0,0.75,0.0,0.0,0.0,0.0,0.0,,,,
robust_aggregation,compound,oracle,23,341,400,0.658228464981434,5.139261322924119,7.807716615642074,4.779151495520563,0.8106484481294771,1.0,0.0,0.0,1.0,0.0,0.0,0.0,0.0,0.0,,,,
robust_aggregation,compound,oracle,24,354,400,0.6575120827008295,5.135848879540959,7.811033461841021,4.50043752973081,0.9217720193519643,1.0,0.0,0.0,0.75,0.0,0.0,0.0,0.0,0.0,,,,
robust_aggregation,compound,sparse_online,0,42,400,0.6493373441776147,5.1872062858617936,7.988461363532675,4.764815300722668,1.01274954131246,1.0,0.0,0.0,0.5,0.0,0.0019707792207792206,0.0,0.0175,0.0,,,,
robust_aggregation,compound,sparse_online,1,55,400,0.6453115628552032,5.169922276108493,8.011513466819027,4.395751602261456,1.313999119269142,1.0,0.0,0.0,0.25,0.0,0.0039949345294628515,0.0,0.0375,0.0,,,,
robust_aggregation,compound,sparse_online,2,68,400,0.6537602583271621,5.076766864974682,7.76548711903211,4.722980512844598,1.2152989382946657,1.0,0.0,0.0,0.75,0.0,0.00022727272727272733,0.0,0.005,0.0,,,,
robust_aggregation,compound,sparse_online,3,81,400,0.6530925696798275,5.05331167458219,7.737512121841362,4.558296179540697,1.073703275114175,1.0,0.0,0.0,0.75,0.0,0.00035227272727272733,0.0,0.0075,0.0,,,,
robust_aggregation,compound,sparse_online,4,94,400,0.652890759928593,5.13254506694853,7.8612616106098345,4.669642016765953,0.9051023250955899,1.0,0.0,0.0,0.5,0.0,0.00021924937570668346,0.0,0.005,0.0,,,,
robust_aggregation,compound,sparse_online,5,107,400,0.6488933097117755,5.053812208615436,7.788356164220942,4.709417811334753,0.8865289931541973,1.0,0.0,0.0,0.75,0.0,0.0,0.0,0.0,0.0,,,,
robust_aggregation,compound,sparse_online,6,120,400,0.6576446056816715,5.1052019806087685,7.762858444367607,4.607685329036762,0.9931755756355063,1.0,0.0,0.0,1.0,0.0,0.0013498876348429242,0.0,0.005,0.0,,,,
robust_aggregation,compound,sparse_online,7,133,400,0.6557238794697597,5.167590734998246,7.880742026928976,4.733627372443352,0.8169227224452351,1.0,0.0,0.0,1.0,0.0,0.00022727272727272727,0.0,0.005,0.0,,,,
robust_aggregation,compound,sparse_online,8,146,400,0.6469097426191064,5.078212934428065,7.849955874629737,4.765038733271487,0.8326615858944661,1.0,0.0,0.0,0.75,0.0,0.0029469696969696966,0.0,0.01,0.0,,,,
robust_aggregation,compound,sparse_online,9,159,400,0.6430507192664311,5.07236871277617,7.887976112619147,4.413018294354911,1.2228254172746693,1.0,0.0,0.0,0.75,0.0,0.00024999999999999995,0.0,0.005,0.0,,,,
robust_aggregation,compound,sparse_online,10,172,400,0.6572037326023512,5.118545200563872,7.7883690348133,4.590669811444188,0.9918131814224314,1.0,0.0,0.0,0.75,0.0,0.0030719696969696967,0.0,0.0125,0.0,,,,
robust_aggregation,compound,sparse_online,11,185,400,0.645138053134363,5.086354630757606,7.8841336455753455,4.56922916697488,1.2862911504599648,1.0,0.0,0.0,0.5,0.0,0.00032196969696969704,0.0,0.0075,0.0,,,,
robust_aggregation,compound,sparse_online,12,198,400,0.6411091252745875,5.10938127683003,7.969596867992914,4.657646388984089,0.9142174252535344,1.0,0.0,0.0,0.75,0.0,0.0020801282051282053,0.0,0.02,0.0,,,,
robust_aggregation,compound,sparse_online,13,211,400,0.6534710521779631,4.975849948213275,7.614491769190376,4.52964590193155,1.2327215801614795,1.0,0.0,0.0,1.0,0.0,0.0017386363636363639,0.0,0.01,0.0,,,,
robust_aggregation,compound,sparse_online,14,224,400,0.6463718321844176,4.942857720117581,7.647080943198224,4.524017468734315,0.8991895254456477,1.0,0.0,0.0,0.75,0.0,0.0019722222222222224,0.0,0.015,0.0,,,,
robust_aggregation,compound,sparse_online,15,237,400,0.6551611198143128,4.960269692912845,7.571068463767654,4.2090959294735635,1.3919024076657136,1.0,0.0,0.0,0.75,0.0,0.00023863636363636364,0.0,0.005,0.0,,,,
robust_aggregation,compound,sparse_online,16,250,400,0.6572036414141212,5.15392719771631,7.842207305221983,4.894293106369586,0.7192355652341078,1.0,0.0,0.0,0.75,0.0,0.0004772727272727273,0.0,0.01,0.0,,,,
robust_aggregation,compound,sparse_online,17,263,400,0.634804095885849,5.105182838196916,8.042139096586634,4.91861802199678,0.40025524510922317,1.0,0.0,0.0,0.5,0.0,0.003236018524041202,0.0,0.015,0.0,,,,
robust_aggregation,compound,sparse_online,18,276,400,0.6510725890626926,5.160478903862356,7.92611913103509,4.79521163541448,1.156095954799194,1.0,0.0,0.0,0.75,0.0,0.0030025252525252527,0.0,0.01,0.0,,,,
robust_aggregation,compound,sparse_online,19,289,400,0.6533867823560349,5.189971819208628,7.943184587380553,4.540873004910471,1.0959637657566814,1.0,0.0,0.0,0.75,0.0,0.0021527764283169157,0.0,0.0125,0.0,,,,
robust_aggregation,compound,sparse_online,20,302,400,0.6578430583363678,5.053209033530677,7.681481121515268,4.710261217462545,0.7194582953751869,1.0,0.0,0.0,0.75,0.0,0.00025,0.0,0.005,0.0,,,,
robust_aggregation,compound,sparse_online,21,315,400,0.6547821402910332,5.030940865838766,7.6833813206979755,4.611720953645611,0.9844276615477243,1.0,0.0,0.0,0.5,0.0,0.0017770979020979023,0.0,0.0125,0.0,,,,
robust_aggregation,compound,sparse_online,22,328,400,0.646406140201398,5.18640546862599,8.02344709629473,4.667961418618763,0.9910549407747311,1.0,0.0,0.0,0.75,0.0,0.001873802143103827,0.0,0.01,0.0,,,,
robust_aggregation,compound,sparse_online,23,341,400,0.656891490045227,5.128822601499999,7.807716615642074,4.766041561362979,0.8148224740383956,1.0,0.0,0.0,1.0,0.0,0.0017803030303030305,0.0,0.0125,0.0,,,,
robust_aggregation,compound,sparse_online,24,354,400,0.6556751978474363,5.1215009104855564,7.811033461841021,4.479560184007816,0.9183910602384033,1.0,0.0,0.0,0.75,0.0,0.001821969696969697,0.0,0.0125,0.0,,,,
robust_aggregation,reputation_poison,algorithm1,0,42,400,0.4719704595063935,3.770317780495587,7.988461363532675,3.4467467500234648,0.8640507332910641,0.0,0.0,1.0,0.0,0.0,0.2988689638216081,0.14285714285714288,3.995,4.0,,,,
robust_aggregation,reputation_poison,algorithm1,1,55,400,0.48887934710466247,3.916663472978697,8.011513466819027,3.3441134818712324,0.9762724976264141,0.0,0.0,1.0,0.0,0.0,0.2876525888899921,0.14285714285714288,3.99,4.0,,,,
robust_aggregation,reputation_poison,algorithm1,2,68,400,0.4889518257574563,3.79694910474676,7.76548711903211,3.5112875502956666,0.9163795879230556,0.0,0.0,1.0,0.0,0.0,0.2906412714224374,0.14285714285714288,3.9875,4.0,,,,
robust_aggregation,reputation_poison,algorithm1,3,81,400,0.5041443143498221,3.90082274343915,7.737512121841362,3.5627239619352666,0.864997966163096,0.0,0.0,1.0,0.0,0.0,0.282558141220911,0.6428571428571429,3.995,4.0,,,,
robust_aggregation,reputation_poison,algorithm1,4,94,400,0.5012277646536921,3.9402825844438505,7.8612616106098345,3.5902228192090124,0.7061028328122969,0.0,0.0,1.0,0.0,0.0,0.28227854234945554,0.14285714285714288,3.9925,4.0,,,,
robust_aggregation,reputation_poison,algorithm1,5,107,400,0.49195753834356687,3.8315405262930793,7.788356164220942,3.5554734975371263,0.7202826372430371,0.0,0.0,1.0,0.0,0.0,0.2949474505475282,0.6428571428571429,3.9875,4.0,,,,
robust_aggregation,reputation_poison,algorithm1,6,120,400,0.49068359045676735,3.809107253689933,7.762858444367607,3.51250608937508,0.5422442229478328,0.0,0.0,1.0,0.0,0.0,0.2860973785917,0.14285714285714288,3.9875,4.0,,,,
robust_aggregation,reputation_poison,algorithm1,7,133,400,0.49505984812748133,3.901438950983318,7.880742026928976,3.6687179961803733,0.4840160677542502,0.0,0.0,1.0,0.0,0.0,0.2864591734210629,0.14285714285714288,3.99,4.0,,,,
robust_aggregation,reputation_poison,algorithm1,8,146,400,0.4965723062423489,3.8980706925655633,7.849955874629737,3.609821272893892,0.636453181531476,0.0,0.0,1.0,0.0,0.0,0.28540732240222494,0.6428571428571429,3.9975,4.0,,,,
robust_aggregation,reputation_poison,algorithm1,9,159,400,0.4839710151586892,3.8175518067717795,7.887976112619147,3.278919831552039,0.9743616267527182,0.0,0.0,1.0,0.0,0.0,0.296052897945207,0.14285714285714288,3.9825,4.0,,,,
robust_aggregation,reputation_poison,algorithm1,10,172,400,0.4932554983991121,3.841655849983046,7.7883690348133,3.483638991383526,0.6316667299297776,0.0,0.0,1.0,0.0,0.0,0.3020795693086216,0.6428571428571429,3.995,4.0,,,,
robust_aggregation,reputation_poison,algorithm1,11,185,400,0.4899026041527233,3.8624576044554657,7.8841336455753455,3.596672810017901,0.5161805127795138,0.0,0.0,1.0,0.0,0.0,0.2875709739717642,0.6428571428571429,3.9925,4.0,,,,
robust_aggregation,reputation_poison,algorithm1,12,198,400,0.4798350495921215,3.824091908382596,7.969596867992914,3.521918432727484,0.5567849063851118,0.0,0.0,1.0,0.0,0.0,0.28988623003417296,0.14285714285714288,3.995,4.0,,,,
robust_aggregation,reputation_poison,algorithm1,13,211,400,0.49676828798435446,3.7826380400516615,7.614491769190376,3.427386655945051,0.9818496838694393,0.0,0.0,1.0,0.0,0.0,0.2922321131267813,0.5423709190540512,3.9925,4.0,,,,
robust_aggregation,reputation_poison,algorithm1,14,224,400,0.503580943469508,3.850924236163457,7.647080943198224,3.575347488824067,0.6017522572767402,0.0,0.0,1.0,0.0,0.0,0.2846371814741768,0.6428571428571429,3.9925,4.0,,,,
robust_aggregation,reputation_poison,algorithm1,15,237,400,0.4985731595693983,3.7747315252968696,7.571068463767654,3.2964849270227594,0.8177561621004052,0.0,0.0,1.0,0.0,0.0,0.28442218347180614,0.14285714285714288,3.99,4.0,,,,
robust_aggregation,reputation_poison,algorithm1,16,250,400,0.49999765067714136,3.921085228734107,7.842207305221983,3.7788781314734017,0.5060606853792056,0.0,0.0,1.0,0.0,0.0,0.29327438096476705,0.14285714285714288,3.9925,4.0,,,,
robust_aggregation,reputation_poison,algorithm1,17,263,400,0.47917480773731536,3.8535904554036478,8.042139096586634,3.4712306300942184,0.5745462195317477,0.0,0.0,1.0,0.0,0.0,0.29739555495527836,0.6428571428571429,4.0,4.0,,,,
robust_aggregation,reputation_poison,algorithm1,18,276,400,0.49377866418190686,3.913748516669163,7.92611913103509,3.665888898136671,0.6762295136326046,0.0,0.0,1.0,0.0,0.0,0.28711813396221525,0.14285714285714288,3.99,4.0,,,,
robust_aggregation,reputation_poison,algorithm1,19,289,400,0.4759029156557452,3.7801847047261825,7.943184587380553,3.5236268337722065,0.6727649582004687,0.0,0.0,1.0,0.0,0.0,0.3007536851371806,0.14285714285714288,3.99,4.0,,,,
robust_aggregation,reputation_poison,algorithm1,20,302,400,0.48859195265508487,3.753109860444316,7.681481121515268,3.515766236397948,0.475797211443727,0.0,0.0,1.0,0.0,0.0,0.2968959002534826,0.6428571428571429,3.995,4.0,,,,
robust_aggregation,reputation_poison,algorithm1,21,315,400,0.5044045346365753,3.8755323795020176,7.6833813206979755,3.4883934830413694,0.8527631324967051,0.0,0.0,1.0,0.0,0.0,0.28723283796264293,0.6428571428571429,3.995,4.0,,,,
robust_aggregation,reputation_poison,algorithm1,22,328,400,0.4876558333264473,3.91268077989427,8.02344709629473,3.5630422702621396,0.8233255294105137,0.0,0.0,1.0,0.0,0.0,0.29473384919983114,0.6428571428571429,4.0,4.0,,,,
robust_aggregation,reputation_poison,algorithm1,23,341,400,0.49043463924073916,3.8291746816863457,7.807716615642074,3.4467562881982188,0.8667278012578912,0.0,0.0,1.0,0.0,0.0,0.29222723591698385,0.4667657598564348,3.9975,4.0,,,,
robust_aggregation,reputation_poison,algorithm1,24,354,400,0.489317524944497,3.8220755608066943,7.811033461841021,3.4993797751516498,0.5226653606042007,0.0,0.0,1.0,0.0,0.0,0.2896771551008844,0.14285714285714288,4.0,4.0,,,,
robust_aggregation,reputation_poison,no_trust,0,42,400,0.47209833621167685,3.7713393186150395,7.988461363532675,3.451483910661661,0.8618761170525588,0.0,0.0,1.0,0.0,0.0,0.29946690811700116,0.14285714285714288,4.0,4.0,,,,
robust_aggregation,reputation_poison,no_trust,1,55,400,0.4887600701913585,3.915707884381481,8.011513466819027,3.338186391837076,0.9720764408524394,0.0,0.0,1.0,0.0,0.0,0.28906767707948894,0.14285714285714288,4.0,4.0,,,,
robust_aggregation,reputation_poison,no_trust,2,68,400,0.4904696418713709,3.8087356862284225,7.76548711903211,3.5229453746832613,0.9164433700494339,0.0,0.0,1.0,0.0,0.0,0.2898799490969585,0.14285714285714288,4.0,4.0,,,,
robust_aggregation,reputation_poison,no_trust,3,81,400,0.5035296378637626,3.8960666766772545,7.737512121841362,3.557315020190505,0.8594308871721927,0.0,0.0,1.0,0.0,0.0,0.2830000370154335,0.6428571428571429,4.0,4.0,,,,
robust_aggregation,reputation_poison,no_trust,4,94,400,0.5011315158354044,3.939525947303579,7.8612616106098345,3.5891494410312674,0.7055419883492222,0.0,0.0,1.0,0.0,0.0,0.2824265887475019,0.14285714285714288,4.0,4.0,,,,
robust_aggregation,reputation_poison,no_trust,5,107,400,0.4896600294638902,3.8136467088476973,7.788356164220942,3.5459705148380443,0.7103729904098262,0.0,0.0,1.0,0.0,0.0,0.29614401413466807,0.6428571428571429,4.0,4.0,,,,
robust_aggregation,reputation_poison,no_trust,6,120,400,0.4922845589420968,3.821535345415439,7.762858444367607,3.5280284602755336,0.5239625258032548,0.0,0.0,1.0,0.0,0.0,0.2864992707812643,0.14285714285714288,4.0,4.0,,,,
robust_aggregation,reputation_poison,no_trust,7,133,400,0.4933463770067879,3.8879355271105407,7.880742026928976,3.654093353488768,0.4947675255688728,0.0,0.0,1.0,0.0,0.0,0.2858126236703699,0.14285714285714288,4.0,4.0,,,,
robust_aggregation,reputation_poison,no_trust,8,146,400,0.4965290893669608,3.8977314420007274,7.849955874629737,3.6091487854276756,0.6367884939537558,0.0,0.0,1.0,0.0,0.0,0.2854485311934337,0.6428571428571429,4.0,4.0,,,,
robust_aggregation,reputation_poison,no_trust,9,159,400,0.48430162664228354,3.820159662256929,7.887976112619147,3.2769161761854413,0.9804664907321889,0.0,0.0,1.0,0.0,0.0,0.2964596755123739,0.14285714285714288,4.0,4.0,,,,
robust_aggregation,reputation_poison,no_trust,10,172,400,0.49309127536192277,3.8403768203653974,7.7883690348133,3.482504067292606,0.6316443060387242,0.0,0.0,1.0,0.0,0.0,0.3019935786384086,0.6428571428571429,4.0,4.0,,,,
robust_aggregation,reputation_poison,no_trust,11,185,400,0.49006764651187906,3.863758820472231,7.8841336455753455,3.5943857168862787,0.5165783799866301,0.0,0.0,1.0,0.0,0.0,0.28825333996838337,0.6428571428571429,4.0,4.0,,,,
robust_aggregation,reputation_poison,no_trust,12,198,400,0.48060129049825695,3.8301985395082614,7.969596867992914,3.52912206990952,0.5550006965959087,0.0,0.0,1.0,0.0,0.0,0.2911148863716966,0.14285714285714288,4.0,4.0,,,,
robust_aggregation,reputation_poison,no_trust,13,211,400,0.49674176923971297,3.7824361132888598,7.614491769190376,3.426744253438723,0.9775694608496903,0.0,0.0,1.0,0.0,0.0,0.2924330059839242,0.5423709190540512,4.0,4.0,,,,
robust_aggregation,reputation_poison,no_trust,14,224,400,0.5034752199126841,3.8501157595668216,7.647080943198224,3.578159452583989,0.5980370125336045,0.0,0.0,1.0,0.0,0.0,0.2847889671884625,0.6428571428571429,4.0,4.0,,,,
robust_aggregation,reputation_poison,no_trust,15,237,400,0.4981263920532895,3.7713490178450226,7.571068463767654,3.296009894641824,0.8082786599983707,0.0,0.0,1.0,0.0,0.0,0.2846168185644912,0.14285714285714288,4.0,4.0,,,,
robust_aggregation,reputation_poison,no_trust,16,250,400,0.4999895761521649,3.9210219066353504,7.842207305221983,3.7761485904461782,0.5090172043870362,0.0,0.0,1.0,0.0,0.0,0.2934513855013131,0.14285714285714288,4.0,4.0,,,,
robust_aggregation,reputation_poison,no_trust,17,263,400,0.47913936140604496,3.8533053910771073,8.042139096586634,3.4704618244886154,0.5737674549966085,0.0,0.0,1.0,0.0,0.0,0.2973637930784673,0.6428571428571429,4.0,4.0,,,,
robust_aggregation,reputation_poison,no_trust,18,276,400,0.49362934985912843,3.9125650335588515,7.92611913103509,3.6570160358820556,0.6869959097109706,0.0,0.0,1.0,0.0,0.0,0.2870236971490285,0.14285714285714288,4.0,4.0,,,,
robust_aggregation,reputation_poison,no_trust,19,289,400,0.47600881213943713,3.781025860043302,7.943184587380553,3.5221361054896323,0.6749615254103847,0.0,0.0,1.0,0.0,0.0,0.3010821935245447,0.14285714285714288,4.0,4.0,,,,
robust_aggregation,reputation_poison,no_trust,20,302,400,0.4886953638121123,3.7539042112947762,7.681481121515268,3.520356313335663,0.46873677259242363,0.0,0.0,1.0,0.0,0.0,0.29695659419105186,0.6428571428571429,4.0,4.0,,,,
robust_aggregation,reputation_poison,no_trust,21,315,400,0.5042614886055964,3.8744333022995945,7.6833813206979755,3.486214930418954,0.8525426400749065,0.0,0.0,1.0,0.0,0.0,0.2872315523990367,0.6428571428571429,4.0,4.0,,,,
robust_aggregation,reputation_poison,no_trust,22,328,400,0.48761547529485516,3.91235696936288,8.02344709629473,3.562202685788844,0.8239140552890469,0.0,0.0,1.0,0.0,0.0,0.2946743253903073,0.6428571428571429,4.0,4.0,,,,
robust_aggregation,reputation_poison,no_trust,23,341,400,0.49042214732836503,3.829077148374541,7.807716615642074,3.4464293731731934,0.8694921112671392,0.0,0.0,1.0,0.0,0.0,0.2922718787741267,0.4667657598564348,4.0,4.0,,,,
robust_aggregation,reputation_poison,no_trust,24,354,400,0.48929567101674476,3.821904859045749,7.811033461841021,3.499171237683182,0.5226446375563683,0.0,0.0,1.0,0.0,0.0,0.28964968257341184,0.14285714285714288,4.0,4.0,,,,
robust_aggregation,reputation_poison,oracle,0,42,400,0.655489533948318,5.236352816146178,7.988461363532675,4.754908380976767,1.0764128507608,1.0,0.0,0.0,0.0,0.0,0.0,0.0,0.0,0.0,,,,
robust_aggregation,reputation_poison,oracle,1,55,400,0.6508760629888666,5.214502343865454,8.011513466819027,4.489449557005258,1.3152675568797862,1.0,0.0,0.0,0.0,0.0,0.0,0.0,0.0,0.0,,,,
robust_aggregation,reputation_poison,oracle,2,68,400,0.658511400800204,5.113661800649775,7.76548711903211,4.820026952577093,1.1819206146436505,1.0,0.0,0.0,0.0,0.0,0.0,0.0,0.0,0.0,,,,
robust_aggregation,reputation_poison,oracle,3,81,400,0.6558735594171545,5.074829616385474,7.737512121841362,4.616204228882173,1.0284333742875962,1.0,0.0,0.0,0.0,0.0,0.0,0.0,0.0,0.0,,,,
robust_aggregation,reputation_poison,oracle,4,94,400,0.6555510436703784,5.153458253401157,7.8612616106098345,4.646301528717591,0.9894129354934522,1.0,0.0,0.0,0.0,0.0,0.0,0.0,0.0,0.0,,,,
robust_aggregation,reputation_poison,oracle,5,107,400,0.6499696843609941,5.062195397749688,7.788356164220942,4.70776055323842,0.9037433517943967,1.0,0.0,0.0,0.0,0.0,0.0,0.0,0.0,0.0,,,,
robust_aggregation,reputation_poison,oracle,6,120,400,0.660117493675681,5.12439866005504,7.762858444367607,4.565557544787256,1.042667461634382,1.0,0.0,0.0,0.0,0.0,0.0,0.0,0.0,0.0,,,,
robust_aggregation,reputation_poison,oracle,7,133,400,0.6558701936255407,5.168743799114844,7.880742026928976,4.748349303801705,0.7216754606416833,1.0,0.0,0.0,0.0,0.0,0.0,0.0,0.0,0.0,,,,
robust_aggregation,reputation_poison,oracle,8,146,400,0.6502220740469089,5.104214589978464,7.849955874629737,4.791438909684305,0.8369881631910285,1.0,0.0,0.0,0.0,0.0,0.0,0.0,0.0,0.0,,,,
robust_aggregation,reputation_poison,oracle,9,159,400,0.6498125926323146,5.125706208362814,7.887976112619147,4.501333306914535,1.167257606141833,1.0,0.0,0.0,0.0,0.0,0.0,0.0,0.0,0.0,,,,
robust_aggregation,reputation_poison,oracle,10,172,400,0.6625878078081717,5.16047836517799,7.7883690348133,4.6152850198321556,0.9749228913994745,1.0,0.0,0.0,0.0,0.0,0.0,0.0,0.0,0.0,,,,
robust_aggregation,reputation_poison,oracle,11,185,400,0.645728556934077,5.091010241632772,7.8841336455753455,4.556066232300686,1.3312955155525268,1.0,0.0,0.0,0.0,0.0,0.0,0.0,0.0,0.0,,,,
robust_aggregation,reputation_poison,oracle,12,198,400,0.6481969991714785,5.165868774439421,7.969596867992914,4.733815480264077,0.8283668419042529,1.0,0.0,0.0,0.0,0.0,0.0,0.0,0.0,0.0,,,,
robust_aggregation,reputation_poison,oracle,13,211,400,0.6560790547634116,4.995708562434199,7.614491769190376,4.547713336782328,1.154064847344257,1.0,0.0,0.0,0.0,0.0,0.0,0.0,0.0,0.0,,,,
robust_aggregation,reputation_poison,oracle,14,224,400,0.6463002687038183,4.942310468388861,7.647080943198224,4.529953667753586,0.9062307350121506,1.0,0.0,0.0,0.0,0.0,0.0,0.0,0.0,0.0,,,,
robust_aggregation,reputation_poison,oracle,15,237,400,0.6557240192841981,4.964531443337565,7.571068463767654,4.196314395382014,1.401098339258934,1.0,0.0,0.0,0.0,0.0,0.0,0.0,0.0,0.0,,,,
robust_aggregation,reputation_poison,oracle,16,250,400,0.6584338910103802,5.163575070087338,7.842207305221983,4.8934553695514795,0.7398860899116526,1.0,0.0,0.0,0.0,0.0,0.0,0.0,0.0,0.0,,,,
robust_aggregation,reputation_poison,oracle,17,263,400,0.6410207385301849,5.155177943056438,8.042139096586634,4.838081874013884,0.5430812814875425,1.0,0.0,0.0,0.0,0.0,0.0,0.0,0.0,0.0,,,,
robust_aggregation,reputation_poison,oracle,18,276,400,0.6515255715169127,5.164069296758773,7.92611913103509,4.803902306447951,1.1812162627637965,1.0,0.0,0.0,0.0,0.0,0.0,0.0,0.0,0.0,,,,
robust_aggregation,reputation_poison,oracle,19,289,400,0.6605602743318187,5.246952190108372,7.943184587380553,4.714691422582575,0.9586936124172469,1.0,0.0,0.0,0.0,0.0,0.0,0.0,0.0,0.0,,,,
robust_aggregation,reputation_poison,oracle,20,302,400,0.6614181974268665,5.080671396961133,7.681481121515268,4.832996165961136,0.5748426713119148,1.0,0.0,0.0,0.0,0.0,0.0,0.0,0.0,0.0,,,,
robust_aggregation,reputation_poison,oracle,21,315,400,0.6581868935605932,5.057100883511689,7.6833813206979755,4.596266926060832,1.0160121512448947,1.0,0.0,0.0,0.0,0.0,0.0,0.0,0.0,0.0,,,,
robust_aggregation,reputation_poison,oracle,22,328,400,0.6454104819588548,5.178416857390955,8.02344709629473,4.673905900143367,0.9725612242128712,1.0,0.0,0.0,0.0,0.0,0.0,0.0,0.0,0.0,,,,
robust_aggregation,reputation_poison,oracle,23,341,400,0.6596854964520344,5.15063741174664,7.807716615642074,4.784929688088934,0.884948585862861,1.0,0.0,0.0,0.0,0.0,0.0,0.0,0.0,0.0,,,,
robust_aggregation,reputation_poison,oracle,24,354,400,0.6600492834824402,5.15566703974553,7.811033461841021,4.453281474148558,1.0494040541505205,1.0,0.0,0.0,0.0,0.0,0.0,0.0,0.0,0.0,,,,
robust_aggregation,reputation_poison,sparse_online,0,42,400,0.6535889495493978,5.221170071107271,7.988461363532675,4.739085101587586,1.0768503522763186,1.0,0.0,0.0,0.0,0.0,0.0022142857142857146,0.0,0.025,0.0,,,,
robust_aggregation,reputation_poison,sparse_online,1,55,400,0.6473957667458969,5.186619903646383,8.011513466819027,4.431589159872742,1.3443507056151773,1.0,0.0,0.0,0.0,0.0,0.0008482142857142858,0.0,0.02,0.0,,,,
robust_aggregation,reputation_poison,sparse_online,2,68,400,0.6558027962824904,5.092628167156918,7.76548711903211,4.791462183025591,1.2007489192976024,1.0,0.0,0.0,0.0,0.0,0.0036366758241758246,0.0,0.0225,0.0,,,,
robust_aggregation,reputation_poison,sparse_online,3,81,400,0.6547408005955524,5.0660648812722044,7.737512121841362,4.6028828155377814,1.0368454241320526,1.0,0.0,0.0,0.0,0.0,0.00239453601953602,0.0,0.0275,0.0,,,,
robust_aggregation,reputation_poison,sparse_online,4,94,400,0.6551600268113136,5.15038436757789,7.8612616106098345,4.643480380834857,0.9888246498856068,1.0,0.0,0.0,0.0,0.0,0.0009713895646976478,0.0,0.0225,0.0,,,,
robust_aggregation,reputation_poison,sparse_online,5,107,400,0.6527922842210795,5.084178810769114,7.788356164220942,4.721400124471965,0.9348761024647443,1.0,0.0,0.0,0.0,0.0,0.0008437500000000001,0.0,0.0175,0.0,,,,
robust_aggregation,reputation_poison,sparse_online,6,120,400,0.6589443140389665,5.115291432605411,7.762858444367607,4.582716709268608,1.026485390446453,1.0,0.0,0.0,0.0,0.0,0.0010369318181818181,0.0,0.02,0.0,,,,
robust_aggregation,reputation_poison,sparse_online,7,133,400,0.6552547476798162,5.163893628385069,7.880742026928976,4.746798817503986,0.7233433923592818,1.0,0.0,0.0,0.0,0.0,0.0008849206349206348,0.0,0.02,0.0,,,,
robust_aggregation,reputation_poison,sparse_online,8,146,400,0.6487356236080718,5.092546019623769,7.849955874629737,4.774587108593752,0.8428075033903557,1.0,0.0,0.0,0.0,0.0,0.0027547349027314274,0.0,0.0275,0.0,,,,
robust_aggregation,reputation_poison,sparse_online,9,159,400,0.6493707395735542,5.122220881990025,7.887976112619147,4.502381928722237,1.1666078819991954,1.0,0.0,0.0,0.0,0.0,0.001649122746945543,0.0,0.0125,0.0,,,,
robust_aggregation,reputation_poison,sparse_online,10,172,400,0.6602978630061268,5.142643429990312,7.7883690348133,4.596942643452982,0.9807338179952705,1.0,0.0,0.0,0.0,0.0,0.004127201624315942,0.0,0.025,0.0,,,,
robust_aggregation,reputation_poison,sparse_online,11,185,400,0.6448023475611965,5.083707883153197,7.8841336455753455,4.552239522089043,1.329298350926071,1.0,0.0,0.0,0.0,0.0,0.000898008241758242,0.0,0.0225,0.0,,,,
robust_aggregation,reputation_poison,sparse_online,12,198,400,0.6478387354629064,5.163013557109669,7.969596867992914,4.728731795924382,0.8302115751999155,1.0,0.0,0.0,0.0,0.0,0.0009226190476190477,0.0,0.025,0.0,,,,
robust_aggregation,reputation_poison,sparse_online,13,211,400,0.6578996400423602,5.009571394055864,7.614491769190376,4.551984086937459,1.1745350718331844,1.0,0.0,0.0,0.0,0.0,0.0010325657774215688,0.0,0.025,0.0,,,,
robust_aggregation,reputation_poison,sparse_online,14,224,400,0.6460051436887467,4.940053623510246,7.647080943198224,4.524713119087125,0.9091466044894121,1.0,0.0,0.0,0.0,0.0,0.0009196428571428572,0.0,0.0225,0.0,,,,
robust_aggregation,reputation_poison,sparse_online,15,237,400,0.6557874936002942,4.96501201173042,7.571068463767654,4.200405303431356,1.3893356837193478,1.0,0.0,0.0,0.0,0.0,0.0009508928571428572,0.0,0.0225,0.0,,,,
robust_aggregation,reputation_poison,sparse_online,16,250,400,0.6580881409540409,5.160863626469734,7.842207305221983,4.892221638737353,0.7389350973774826,1.0,0.0,0.0,0.0,0.0,0.0009253246753246755,0.0,0.0225,0.0,,,,
robust_aggregation,reputation_poison,sparse_online,17,263,400,0.6406675564285034,5.152337603468291,8.042139096586634,4.833419901833131,0.5455033339317872,1.0,0.0,0.0,0.0,0.0,0.0011309523809523811,0.0,0.03,0.0,,,,
robust_aggregation,reputation_poison,sparse_online,18,276,400,0.6509515005858237,5.159519142169297,7.92611913103509,4.813286072628834,1.155790825821689,1.0,0.0,0.0,0.0,0.0,0.003638392857142857,0.0,0.02,0.0,,,,
robust_aggregation,reputation_poison,sparse_online,19,289,400,0.6598622789059465,5.241407883599522,7.943184587380553,4.70146376157928,0.9655733102488666,1.0,0.0,0.0,0.0,0.0,0.0013963661719066595,0.0,0.025,0.0,,,,
robust_aggregation,reputation_poison,sparse_online,20,302,400,0.6613406906004106,5.080076029736923,7.681481121515268,4.842544667241127,0.5660408652966415,1.0,0.0,0.0,0.0,0.0,0.0010380244755244757,0.0,0.025,0.0,,,,
robust_aggregation,reputation_poison,sparse_online,21,315,400,0.6564611210769588,5.043841115447157,7.6833813206979755,4.585068755034501,1.0159322411591,1.0,0.0,0.0,0.0,0.0,0.0034917582417582417,0.0,0.025,0.0,,,,
robust_aggregation,reputation_poison,sparse_online,22,328,400,0.6442179168155302,5.168848374054606,8.02344709629473,4.664912021965588,0.9721161646909255,1.0,0.0,0.0,0.0,0.0,0.002380952380952381,0.0,0.03,0.0,,,,
robust_aggregation,reputation_poison,sparse_online,23,341,400,0.6569073396525608,5.12894635074253,7.807716615642074,4.76795323978207,0.8763850855268354,1.0,0.0,0.0,0.0,0.0,0.004776785714285714,0.0,0.0275,0.0,,,,
robust_aggregation,reputation_poison,sparse_online,24,354,400,0.6583748424619559,5.142587924904648,7.811033461841021,4.443187289834926,1.0283119876836766,1.0,0.0,0.0,0.0,0.0,0.002800509699482532,0.0,0.03,0.0,,,,
robust_aggregation,trust_mimicry,algorithm1,0,42,400,0.4741001316683127,3.7873305842780702,7.988461363532675,3.5275839601610652,0.7612956124526935,0.0,0.0,1.0,0.0,0.0,0.29776841804738047,0.14285714285714288,3.9825,4.0,,,,
robust_aggregation,trust_mimicry,algorithm1,1,55,400,0.48893907004507453,3.917141944120086,8.011513466819027,3.337394405626393,0.9683239637550698,0.0,0.0,1.0,0.0,0.0,0.2895733658631985,0.14285714285714288,3.985,4.0,,,,
robust_aggregation,trust_mimicry,algorithm1,2,68,400,0.48575964304101515,3.772160250980639,7.76548711903211,3.494162683437358,0.9444126796125007,0.0,0.0,1.0,0.0,0.0,0.2902182522975312,0.14285714285714288,3.9725,4.0,,,,
robust_aggregation,trust_mimicry,algorithm1,3,81,400,0.49613950832428644,3.8388854597835795,7.737512121841362,3.519229817798076,0.8287540093407579,0.0,0.0,1.0,0.0,0.0,0.28357327114298664,0.6428571428571429,3.9775,4.0,,,,
robust_aggregation,trust_mimicry,algorithm1,4,94,400,0.5006984439491925,3.9361214559098667,7.8612616106098345,3.618542239131125,0.6826889807959788,0.0,0.0,1.0,0.0,0.0,0.28180777437241233,0.14285714285714288,3.9775,4.0,,,,
robust_aggregation,trust_mimicry,algorithm1,5,107,400,0.49011934670388013,3.817224035105106,7.788356164220942,3.544215149187161,0.7147438457558146,0.0,0.0,1.0,0.0,0.0,0.2946482648231061,0.6428571428571429,3.975,4.0,,,,
robust_aggregation,trust_mimicry,algorithm1,6,120,400,0.4949000962677524,3.8418393914304634,7.762858444367607,3.543810354515417,0.5380273738689829,0.0,0.0,1.0,0.0,0.0,0.28449903847676494,0.14285714285714288,3.965,4.0,,,,
robust_aggregation,trust_mimicry,algorithm1,7,133,400,0.4886910603098021,3.8512481771679403,7.880742026928976,3.643336201556654,0.44089464795551825,0.0,0.0,1.0,0.0,0.0,0.28694375797564897,0.14285714285714288,3.9875,4.0,,,,
robust_aggregation,trust_mimicry,algorithm1,8,146,400,0.4963992934819126,3.8967125500303905,7.849955874629737,3.5896277253705295,0.6543421393920874,0.0,0.0,1.0,0.0,0.0,0.286151934896832,0.6428571428571429,3.9825,4.0,,,,
robust_aggregation,trust_mimicry,algorithm1,9,159,400,0.48561155180114923,3.830492320619381,7.887976112619147,3.288144056178227,0.9885810295581954,0.0,0.0,1.0,0.0,0.0,0.2924668629339013,0.14285714285714288,3.97,4.0,,,,
robust_aggregation,trust_mimicry,algorithm1,10,172,400,0.4895470545960214,3.812773121099709,7.7883690348133,3.469097726929524,0.6439391922820312,0.0,0.0,1.0,0.0,0.0,0.30116912035262666,0.6428571428571429,3.98,4.0,,,,
robust_aggregation,trust_mimicry,algorithm1,11,185,400,0.49096450656756735,3.8708297850126554,7.8841336455753455,3.601105158133984,0.5294083723154404,0.0,0.0,1.0,0.0,0.0,0.2831751611902089,0.6428571428571429,3.99,4.0,,,,
robust_aggregation,trust_mimicry,algorithm1,12,198,400,0.480591773562323,3.8301226933654493,7.969596867992914,3.517823637390089,0.5582285050460705,0.0,0.0,1.0,0.0,0.0,0.2899302178450956,0.14285714285714288,3.995,4.0,,,,
robust_aggregation,trust_mimicry,algorithm1,13,211,400,0.49744450495996945,3.787787088646669,7.614491769190376,3.4329111201071867,0.9755334383794456,0.0,0.0,1.0,0.0,0.0,0.2908173562483761,0.542631056390008,3.985,4.0,,,,
robust_aggregation,trust_mimicry,algorithm1,14,224,400,0.5036422927143278,3.8513933788043984,7.647080943198224,3.563924677441721,0.6208031195187762,0.0,0.0,1.0,0.0,0.0,0.283767858058134,0.6428571428571429,3.9875,4.0,,,,
robust_aggregation,trust_mimicry,algorithm1,15,237,400,0.4995717214963216,3.782291706010918,7.571068463767654,3.3131545229360304,0.8151535111097088,0.0,0.0,1.0,0.0,0.0,0.28376373862983156,0.14285714285714288,3.99,4.0,,,,
robust_aggregation,trust_mimicry,algorithm1,16,250,400,0.49825337903653283,3.9074062889318353,7.842207305221983,3.749663056713059,0.5208330276875293,0.0,0.0,1.0,0.0,0.0,0.2917918705787143,0.14285714285714288,3.9925,4.0,,,,
robust_aggregation,trust_mimicry,algorithm1,17,263,400,0.47924187748509794,3.854129839644488,8.042139096586634,3.461762125596739,0.5813997872442571,0.0,0.0,1.0,0.0,0.0,0.2966811553553233,0.6428571428571429,3.98,4.0,,,,
robust_aggregation,trust_mimicry,algorithm1,18,276,400,0.49274507566738024,3.9055561709705557,7.92611913103509,3.6728642729137033,0.6737043942584848,0.0,0.0,1.0,0.0,0.0,0.28607058099471216,0.14285714285714288,3.9775,4.0,,,,
robust_aggregation,trust_mimicry,algorithm1,19,289,400,0.4772490022607233,3.790876919100124,7.943184587380553,3.5335663152058205,0.6625510182615542,0.0,0.0,1.0,0.0,0.0,0.30023031293015046,0.14285714285714288,3.975,4.0,,,,
robust_aggregation,trust_mimicry,algorithm1,20,302,400,0.4888249084117239,3.7548993056910867,7.681481121515268,3.5257187875628393,0.4764819082635947,0.0,0.0,1.0,0.0,0.0,0.2971688694344823,0.6428571428571429,3.9825,4.0,,,,
robust_aggregation,trust_mimicry,algorithm1,21,315,400,0.5033768116454765,3.8676359918693572,7.6833813206979755,3.474391776836104,0.8395619845557847,0.0,0.0,1.0,0.0,0.0,0.2853060133148137,0.6428571428571429,3.9825,4.0,,,,
robust_aggregation,trust_mimicry,algorithm1,22,328,400,0.4896214326573182,3.928451662138025,8.02344709629473,3.606522601968505,0.7836908042219481,0.0,0.0,1.0,0.0,0.0,0.29335193177711627,0.6428571428571429,3.9825,4.0,,,,
robust_aggregation,trust_mimicry,algorithm1,23,341,400,0.4887215297802931,3.8157992084876073,7.807716615642074,3.461137037378243,0.8596300523538347,0.0,0.0,1.0,0.0,0.0,0.29201890746077885,0.2664419366518414,3.9925,4.0,,,,
robust_aggregation,trust_mimicry,algorithm1,24,354,400,0.49020565679743133,3.8290127884284915,7.811033461841021,3.5057248989833485,0.5413987294104987,0.0,0.0,1.0,0.0,0.0,0.2881286387860294,0.14285714285714288,3.995,4.0,,,,
robust_aggregation,trust_mimicry,no_trust,0,42,400,0.47245673721333137,3.774202391169408,7.988461363532675,3.511352808822673,0.7674955131342132,0.0,0.0,1.0,0.0,0.0,0.29988827158870357,0.14285714285714288,4.0,4.0,,,,
robust_aggregation,trust_mimicry,no_trust,1,55,400,0.48976677641722866,3.9237731248671706,8.011513466819027,3.3369556370876627,0.9793120395329322,0.0,0.0,1.0,0.0,0.0,0.29060869863850397,0.14285714285714288,4.0,4.0,,,,
robust_aggregation,trust_mimicry,no_trust,2,68,400,0.48745534432202786,3.785328197436069,7.76548711903211,3.5077817558953144,0.9578495866074479,0.0,0.0,1.0,0.0,0.0,0.2915578420268528,0.14285714285714288,4.0,4.0,,,,
robust_aggregation,trust_mimicry,no_trust,3,81,400,0.49659127927940344,3.8423810430250933,7.737512121841362,3.522567249037799,0.8296215048949147,0.0,0.0,1.0,0.0,0.0,0.28439697767604427,0.6428571428571429,4.0,4.0,,,,
robust_aggregation,trust_mimicry,no_trust,4,94,400,0.5003416608438329,3.9333166905803894,7.8612616106098345,3.6157312936624106,0.681408295121575,0.0,0.0,1.0,0.0,0.0,0.2825724169850835,0.14285714285714288,4.0,4.0,,,,
robust_aggregation,trust_mimicry,no_trust,5,107,400,0.4897291950731467,3.8141853952469025,7.788356164220942,3.5453439256507355,0.7037155744179717,0.0,0.0,1.0,0.0,0.0,0.29557153311413775,0.6428571428571429,4.0,4.0,,,,
robust_aggregation,trust_mimicry,no_trust,6,120,400,0.4941408302199979,3.8359453165801307,7.762858444367607,3.5376444080844145,0.5368774144617667,0.0,0.0,1.0,0.0,0.0,0.2862186402168051,0.14285714285714288,4.0,4.0,,,,
robust_aggregation,trust_mimicry,no_trust,7,133,400,0.48891159227078484,3.852986132661138,7.880742026928976,3.6421017902590753,0.45405143048105945,0.0,0.0,1.0,0.0,0.0,0.28737432579738476,0.14285714285714288,4.0,4.0,,,,
robust_aggregation,trust_mimicry,no_trust,8,146,400,0.4960725789650998,3.8941478554898095,7.849955874629737,3.5882600282618147,0.6541895835081264,0.0,0.0,1.0,0.0,0.0,0.28670303503995503,0.6428571428571429,4.0,4.0,,,,
robust_aggregation,trust_mimicry,no_trust,9,159,400,0.4859976087026388,3.8335375282364423,7.887976112619147,3.2877351979181384,0.9901241441744757,0.0,0.0,1.0,0.0,0.0,0.2931237556451848,0.14285714285714288,4.0,4.0,,,,
robust_aggregation,trust_mimicry,no_trust,10,172,400,0.4904654114385458,3.8199256230949348,7.7883690348133,3.4694273086834664,0.6504698211052315,0.0,0.0,1.0,0.0,0.0,0.301812632229335,0.6428571428571429,4.0,4.0,,,,
robust_aggregation,trust_mimicry,no_trust,11,185,400,0.49091502119641295,3.870439635732973,7.8841336455753455,3.599274229640337,0.530204420929834,0.0,0.0,1.0,0.0,0.0,0.28405182856778294,0.6428571428571429,4.0,4.0,,,,
robust_aggregation,trust_mimicry,no_trust,12,198,400,0.48099426064377854,3.8333303531492247,7.969596867992914,3.5220758131429784,0.5575589609041738,0.0,0.0,1.0,0.0,0.0,0.29071592804597607,0.14285714285714288,4.0,4.0,,,,
robust_aggregation,trust_mimicry,no_trust,13,211,400,0.49730695402027153,3.7867397081484944,7.614491769190376,3.4314605588685594,0.9702649770849612,0.0,0.0,1.0,0.0,0.0,0.29132330862932854,0.542631056390008,4.0,4.0,,,,
robust_aggregation,trust_mimicry,no_trust,14,224,400,0.5034926996665011,3.850249428659128,7.647080943198224,3.5665855057713505,0.6168699273596947,0.0,0.0,1.0,0.0,0.0,0.2840924917577677,0.6428571428571429,4.0,4.0,,,,
robust_aggregation,trust_mimicry,no_trust,15,237,400,0.4993103657962577,3.7803129641123383,7.571068463767654,3.3111387757151762,0.8105131922955469,0.0,0.0,1.0,0.0,0.0,0.28397252105501075,0.14285714285714288,4.0,4.0,,,,
robust_aggregation,trust_mimicry,no_trust,16,250,400,0.49760363194627827,3.9023108375540945,7.842207305221983,3.744408467267513,0.5216088686697771,0.0,0.0,1.0,0.0,0.0,0.29218526736221084,0.14285714285714288,4.0,4.0,,,,
robust_aggregation,trust_mimicry,no_trust,17,263,400,0.4789766542609676,3.8519968775843867,8.042139096586634,3.4589782544952197,0.5809025535164585,0.0,0.0,1.0,0.0,0.0,0.2972910210755379,0.6428571428571429,4.0,4.0,,,,
robust_aggregation,trust_mimicry,no_trust,18,276,400,0.4929074977731521,3.9068435479304173,7.92611913103509,3.679608847133832,0.6583596259838056,0.0,0.0,1.0,0.0,0.0,0.2861241408017131,0.14285714285714288,4.0,4.0,,,,
robust_aggregation,trust_mimicry,no_trust,19,289,400,0.47687081975757867,3.7878729456699283,7.943184587380553,3.524601971871788,0.6688715263278056,0.0,0.0,1.0,0.0,0.0,0.30097470973809404,0.14285714285714288,4.0,4.0,,,,
robust_aggregation,trust_mimicry,no_trust,20,302,400,0.48819289116506764,3.750044477142425,7.681481121515268,3.520585683163229,0.4721247429965576,0.0,0.0,1.0,0.0,0.0,0.2977386213952707,0.6428571428571429,4.0,4.0,,,,
robust_aggregation,trust_mimicry,no_trust,21,315,400,0.5035063484807728,3.868631272770015,7.6833813206979755,3.4745774981621604,0.8418793673302742,0.0,0.0,1.0,0.0,0.0,0.2859319446938725,0.6428571428571429,4.0,4.0,,,,
robust_aggregation,trust_mimicry,no_trust,22,328,400,0.4899358409036858,3.9309743000693946,8.02344709629473,3.599680614663832,0.7975575979378986,0.0,0.0,1.0,0.0,0.0,0.2930683220508917,0.6428571428571429,4.0,4.0,,,,
robust_aggregation,trust_mimicry,no_trust,23,341,400,0.4886627294011223,3.8153401117901495,7.807716615642074,3.4604870799533467,0.8624496256339889,0.0,0.0,1.0,0.0,0.0,0.29221745890933026,0.2664419366518414,4.0,4.0,,,,
robust_aggregation,trust_mimicry,no_trust,24,354,400,0.48913045611869743,3.820614359948707,7.811033461841021,3.4962350139567393,0.5330495622028186,0.0,0.0,1.0,0.0,0.0,0.28860769322760343,0.14285714285714288,4.0,4.0,,,,
robust_aggregation,trust_mimicry,oracle,0,42,400,0.655489533948318,5.236352816146178,7.988461363532675,4.754908380976767,1.0764128507608,1.0,0.0,0.0,0.0,0.0,0.0,0.0,0.0,0.0,,,,
robust_aggregation,trust_mimicry,oracle,1,55,400,0.6508760629888666,5.214502343865454,8.011513466819027,4.489449557005258,1.3152675568797862,1.0,0.0,0.0,0.0,0.0,0.0,0.0,0.0,0.0,,,,
robust_aggregation,trust_mimicry,oracle,2,68,400,0.658511400800204,5.113661800649775,7.76548711903211,4.820026952577093,1.1819206146436505,1.0,0.0,0.0,0.0,0.0,0.0,0.0,0.0,0.0,,,,
robust_aggregation,trust_mimicry,oracle,3,81,400,0.6558735594171545,5.074829616385474,7.737512121841362,4.616204228882173,1.0284333742875962,1.0,0.0,0.0,0.0,0.0,0.0,0.0,0.0,0.0,,,,
robust_aggregation,trust_mimicry,oracle,4,94,400,0.6555510436703784,5.153458253401157,7.8612616106098345,4.646301528717591,0.9894129354934522,1.0,0.0,0.0,0.0,0.0,0.0,0.0,0.0,0.0,,,,
robust_aggregation,trust_mimicry,oracle,5,107,400,0.6499696843609941,5.062195397749688,7.788356164220942,4.70776055323842,0.9037433517943967,1.0,0.0,0.0,0.0,0.0,0.0,0.0,0.0,0.0,,,,
robust_aggregation,trust_mimicry,oracle,6,120,400,0.660117493675681,5.12439866005504,7.762858444367607,4.565557544787256,1.042667461634382,1.0,0.0,0.0,0.0,0.0,0.0,0.0,0.0,0.0,,,,
robust_aggregation,trust_mimicry,oracle,7,133,400,0.6558701936255407,5.168743799114844,7.880742026928976,4.748349303801705,0.7216754606416833,1.0,0.0,0.0,0.0,0.0,0.0,0.0,0.0,0.0,,,,
robust_aggregation,trust_mimicry,oracle,8,146,400,0.6502220740469089,5.104214589978464,7.849955874629737,4.791438909684305,0.8369881631910285,1.0,0.0,0.0,0.0,0.0,0.0,0.0,0.0,0.0,,,,
robust_aggregation,trust_mimicry,oracle,9,159,400,0.6498125926323146,5.125706208362814,7.887976112619147,4.501333306914535,1.167257606141833,1.0,0.0,0.0,0.0,0.0,0.0,0.0,0.0,0.0,,,,
robust_aggregation,trust_mimicry,oracle,10,172,400,0.6625878078081717,5.16047836517799,7.7883690348133,4.6152850198321556,0.9749228913994745,1.0,0.0,0.0,0.0,0.0,0.0,0.0,0.0,0.0,,,,
robust_aggregation,trust_mimicry,oracle,11,185,400,0.645728556934077,5.091010241632772,7.8841336455753455,4.556066232300686,1.3312955155525268,1.0,0.0,0.0,0.0,0.0,0.0,0.0,0.0,0.0,,,,
robust_aggregation,trust_mimicry,oracle,12,198,400,0.6481969991714785,5.165868774439421,7.969596867992914,4.733815480264077,0.8283668419042529,1.0,0.0,0.0,0.0,0.0,0.0,0.0,0.0,0.0,,,,
robust_aggregation,trust_mimicry,oracle,13,211,400,0.6560790547634116,4.995708562434199,7.614491769190376,4.547713336782328,1.154064847344257,1.0,0.0,0.0,0.0,0.0,0.0,0.0,0.0,0.0,,,,
robust_aggregation,trust_mimicry,oracle,14,224,400,0.6463002687038183,4.942310468388861,7.647080943198224,4.529953667753586,0.9062307350121506,1.0,0.0,0.0,0.0,0.0,0.0,0.0,0.0,0.0,,,,
robust_aggregation,trust_mimicry,oracle,15,237,400,0.6557240192841981,4.964531443337565,7.571068463767654,4.196314395382014,1.401098339258934,1.0,0.0,0.0,0.0,0.0,0.0,0.0,0.0,0.0,,,,
robust_aggregation,trust_mimicry,oracle,16,250,400,0.6584338910103802,5.163575070087338,7.842207305221983,4.8934553695514795,0.7398860899116526,1.0,0.0,0.0,0.0,0.0,0.0,0.0,0.0,0.0,,,,
robust_aggregation,trust_mimicry,oracle,17,263,400,0.6410207385301849,5.155177943056438,8.042139096586634,4.838081874013884,0.5430812814875425,1.0,0.0,0.0,0.0,0.0,0.0,0.0,0.0,0.0,,,,
robust_aggregation,trust_mimicry,oracle,18,276,400,0.6515255715169127,5.164069296758773,7.92611913103509,4.803902306447951,1.1812162627637965,1.0,0.0,0.0,0.0,0.0,0.0,0.0,0.0,0.0,,,,
robust_aggregation,trust_mimicry,oracle,19,289,400,0.6605602743318187,5.246952190108372,7.943184587380553,4.714691422582575,0.9586936124172469,1.0,0.0,0.0,0.0,0.0,0.0,0.0,0.0,0.0,,,,
robust_aggregation,trust_mimicry,oracle,20,302,400,0.6614181974268665,5.080671396961133,7.681481121515268,4.832996165961136,0.5748426713119148,1.0,0.0,0.0,0.0,0.0,0.0,0.0,0.0,0.0,,,,
robust_aggregation,trust_mimicry,oracle,21,315,400,0.6581868935605932,5.057100883511689,7.6833813206979755,4.596266926060832,1.0160121512448947,1.0,0.0,0.0,0.0,0.0,0.0,0.0,0.0,0.0,,,,
robust_aggregation,trust_mimicry,oracle,22,328,400,0.6454104819588548,5.178416857390955,8.02344709629473,4.673905900143367,0.9725612242128712,1.0,0.0,0.0,0.0,0.0,0.0,0.0,0.0,0.0,,,,
robust_aggregation,trust_mimicry,oracle,23,341,400,0.6596854964520344,5.15063741174664,7.807716615642074,4.784929688088934,0.884948585862861,1.0,0.0,0.0,0.0,0.0,0.0,0.0,0.0,0.0,,,,
robust_aggregation,trust_mimicry,oracle,24,354,400,0.6600492834824402,5.15566703974553,7.811033461841021,4.453281474148558,1.0494040541505205,1.0,0.0,0.0,0.0,0.0,0.0,0.0,0.0,0.0,,,,
robust_aggregation,trust_mimicry,sparse_online,0,42,400,0.6552741652439308,5.234632351572267,7.988461363532675,4.75095614302392,1.080311902765441,1.0,0.0,0.0,0.0,0.0,0.00047077922077922086,0.0,0.0125,0.0,,,,
robust_aggregation,trust_mimicry,sparse_online,1,55,400,0.6482207605231153,5.19322935240261,8.011513466819027,4.460350866826028,1.3194226106458506,1.0,0.0,0.0,0.0,0.0,0.0007094155844155844,0.0,0.0175,0.0,,,,
robust_aggregation,trust_mimicry,sparse_online,2,68,400,0.6569067154216235,5.101200637012309,7.76548711903211,4.815907975842251,1.1823654196445128,1.0,0.0,0.0,0.0,0.0,0.00043560606060606065,0.0,0.01,0.0,,,,
robust_aggregation,trust_mimicry,sparse_online,3,81,400,0.6549014505755536,5.067307912439837,7.737512121841362,4.603013500431426,1.0368959411680292,1.0,0.0,0.0,0.0,0.0,0.0018269230769230771,0.0,0.015,0.0,,,,
robust_aggregation,trust_mimicry,sparse_online,4,94,400,0.6554679444639823,5.1528049888000425,7.8612616106098345,4.645798851569994,0.989699433579732,1.0,0.0,0.0,0.0,0.0,0.0003328857393430471,0.0,0.0075,0.0,,,,
robust_aggregation,trust_mimicry,sparse_online,5,107,400,0.6499379745083104,5.061948430123072,7.788356164220942,4.707056477230785,0.9059590445824561,1.0,0.0,0.0,0.0,0.0,0.00026988636363636364,0.0,0.005,0.0,,,,
robust_aggregation,trust_mimicry,sparse_online,6,120,400,0.6600909337993541,5.124192479494815,7.762858444367607,4.565578176685228,1.0362800972790973,1.0,0.0,0.0,0.0,0.0,0.00023863636363636364,0.0,0.005,0.0,,,,
robust_aggregation,trust_mimicry,sparse_online,7,133,400,0.6547605527964273,5.159999005998054,7.880742026928976,4.743191777211538,0.7209652726462048,1.0,0.0,0.0,0.0,0.0,0.0007599206349206348,0.0,0.0175,0.0,,,,
robust_aggregation,trust_mimicry,sparse_online,8,146,400,0.648370960150501,5.089683427572749,7.849955874629737,4.77298168962732,0.8405674660770623,1.0,0.0,0.0,0.0,0.0,0.0030416666666666665,0.0,0.0125,0.0,,,,
robust_aggregation,trust_mimicry,sparse_online,9,159,400,0.6494784612251475,5.123070587804604,7.887976112619147,4.503815244787797,1.1666134233392027,1.0,0.0,0.0,0.0,0.0,0.001571969696969697,0.0,0.0075,0.0,,,,
robust_aggregation,trust_mimicry,sparse_online,10,172,400,0.6623611408013327,5.158712998880712,7.7883690348133,4.617072863714423,0.9735564034060653,1.0,0.0,0.0,0.0,0.0,0.0004166666666666667,0.0,0.01,0.0,,,,
robust_aggregation,trust_mimicry,sparse_online,11,185,400,0.6449363690836118,5.084764526747303,7.8841336455753455,4.552438507188841,1.329132621049701,1.0,0.0,0.0,0.0,0.0,0.0008018543956043958,0.0,0.02,0.0,,,,
robust_aggregation,trust_mimicry,sparse_online,12,198,400,0.6478387354629064,5.163013557109669,7.969596867992914,4.728731795924382,0.8302115751999155,1.0,0.0,0.0,0.0,0.0,0.0009226190476190477,0.0,0.025,0.0,,,,
robust_aggregation,trust_mimicry,sparse_online,13,211,400,0.6580875174401922,5.011001984955272,7.614491769190376,4.552156010052739,1.1761527315054634,1.0,0.0,0.0,0.0,0.0,0.000602506253612045,0.0,0.015,0.0,,,,
robust_aggregation,trust_mimicry,sparse_online,14,224,400,0.6460491363425294,4.940390038894628,7.647080943198224,4.524864254517417,0.9093645519053579,1.0,0.0,0.0,0.0,0.0,0.0007467948717948719,0.0,0.0175,0.0,,,,
robust_aggregation,trust_mimicry,sparse_online,15,237,400,0.655338469138875,4.961612416791108,7.571068463767654,4.195130146976635,1.3885014753476561,1.0,0.0,0.0,0.0,0.0,0.0015620200572401782,0.0,0.02,0.0,,,,
robust_aggregation,trust_mimicry,sparse_online,16,250,400,0.6575381105980769,5.1565501743940985,7.842207305221983,4.888220769176384,0.7377185154156125,1.0,0.0,0.0,0.0,0.0,0.0014053005389654104,0.0,0.0225,0.0,,,,
robust_aggregation,trust_mimicry,sparse_online,17,263,400,0.640660092022142,5.152277573674059,8.042139096586634,4.834026439871974,0.5450229093973498,1.0,0.0,0.0,0.0,0.0,0.0007583286438337186,0.0,0.0175,0.0,,,,
robust_aggregation,trust_mimicry,sparse_online,18,276,400,0.6505481469770346,5.1563221134141015,7.92611913103509,4.786547270611601,1.1988531362870738,1.0,0.0,0.0,0.0,0.0,0.0021009615384615385,0.0,0.015,0.0,,,,
robust_aggregation,trust_mimicry,sparse_online,19,289,400,0.6600599057996067,5.2429776704952955,7.943184587380553,4.705100693272847,0.9616703194376015,1.0,0.0,0.0,0.0,0.0,0.000986109761650249,0.0,0.015,0.0,,,,
robust_aggregation,trust_mimicry,sparse_online,20,302,400,0.6616106669082232,5.082149847648643,7.681481121515268,4.8411818439784975,0.5684288818513723,1.0,0.0,0.0,0.0,0.0,0.0005397727272727274,0.0,0.0125,0.0,,,,
robust_aggregation,trust_mimicry,sparse_online,21,315,400,0.6576220671978158,5.052761107186487,7.6833813206979755,4.593989627196265,1.0140277879821173,1.0,0.0,0.0,0.0,0.0,0.0013362575950322658,0.0,0.0125,0.0,,,,
robust_aggregation,trust_mimicry,sparse_online,22,328,400,0.6452084381778765,5.1767957698031415,8.02344709629473,4.671647744811731,0.9741023972336205,1.0,0.0,0.0,0.0,0.0,0.0007019230769230771,0.0,0.0175,0.0,,,,
robust_aggregation,trust_mimicry,sparse_online,23,341,400,0.656953334286161,5.129305463807521,7.807716615642074,4.7684174260840715,0.876188678353798,1.0,0.0,0.0,0.0,0.0,0.004622877122877123,0.0,0.0225,0.0,,,,
robust_aggregation,trust_mimicry,sparse_online,24,354,400,0.6584609134253663,5.1432602280799395,7.811033461841021,4.444122317553256,1.0277577448488744,1.0,0.0,0.0,0.0,0.0,0.0026299319092940266,0.0,0.025,0.0,,,,
sample_resolving,burst,algorithm1,0,42,400,0.4979787128542396,3.9780837074978255,7.988461363532675,3.683742125364308,0.6343869053788609,1.0,0.0,0.0,1.0,0.0,0.13034700365097873,0.0,1.285,0.0,,,,
sample_resolving,burst,algorithm1,1,55,400,0.5132157673988338,4.111635031899618,8.011513466819027,3.919961289886013,0.5113355131102146,1.0,0.0,0.0,1.0,0.0,0.09386467127256314,0.0,0.935,0.0,,,,
sample_resolving,burst,algorithm1,2,68,400,0.524700740118798,4.07455683873914,7.76548711903211,3.62031776012318,0.965972692946448,1.0,0.0,0.0,1.0,0.0,0.07720621019245105,0.0,0.7325,0.0,,,,
sample_resolving,burst,algorithm1,3,81,400,0.5363658720445571,4.150137436686773,7.737512121841362,3.8028717652019424,0.5745189935691286,1.0,0.0,0.0,1.0,0.0,0.06650415234255032,0.0,0.635,0.0,,,,
sample_resolving,burst,algorithm1,4,94,400,0.5377931208515456,4.227732415400311,7.8612616106098345,3.95411182385759,0.6095703966714114,1.0,0.0,0.0,1.0,0.0,0.055605451330415445,0.0,0.33,0.0,,,,
sample_resolving,burst,algorithm1,5,107,400,0.501326037322599,3.9045057330659216,7.788356164220942,3.585962052000288,0.6196090417314108,1.0,0.0,0.0,1.0,0.0,0.11671277065195376,0.0,1.12,0.0,,,,
sample_resolving,burst,algorithm1,6,120,400,0.49874370125775147,3.871676752883891,7.762858444367607,3.600625574786387,0.6881680314872605,1.0,0.0,0.0,1.0,0.0,0.11838866666903065,0.0,1.1875,0.0,,,,
sample_resolving,burst,algorithm1,7,133,400,0.5064409302893005,3.9911303234878983,7.880742026928976,3.678028184949096,0.6383742696233452,1.0,0.0,0.0,1.0,0.0,0.11808993487773378,0.0,1.125,0.0,,,,
sample_resolving,burst,algorithm1,8,146,400,0.5111163243485171,4.0122405929388,7.849955874629737,3.6995133805569798,0.6234938826850329,1.0,0.0,0.0,1.0,0.0,0.11270803611316627,0.0,0.8975,0.0,,,,
sample_resolving,burst,algorithm1,9,159,400,0.5330420651321018,4.204623076783199,7.887976112619147,3.9045110315909017,0.876614904527024,1.0,0.0,0.0,1.0,0.0,0.058572922269836125,0.0,0.58,0.0,,,,
sample_resolving,burst,algorithm1,10,172,400,0.5133958157356097,3.9985160738779375,7.7883690348133,3.6660656074099864,0.718054592654513,1.0,0.0,0.0,1.0,0.0,0.10040198767104183,0.0,1.0475,0.0,,,,
sample_resolving,burst,algorithm1,11,185,400,0.5333178345806747,4.204749083402884,7.8841336455753455,3.889699452518117,0.7061042568704807,1.0,0.0,0.0,1.0,0.0,0.061000284084102546,0.0,0.5125,0.0,,,,
sample_resolving,burst,algorithm1,12,198,400,0.5164055770075859,4.11554426913373,7.969596867992914,3.8488034703462843,0.6620234165763068,1.0,0.0,0.0,1.0,0.0,0.09841756394025108,0.0,1.085,0.0,,,,
sample_resolving,burst,algorithm1,13,211,400,0.5332959134413542,4.060777343442055,7.614491769190376,3.6936058361245845,0.6874283025996561,1.0,0.0,0.0,1.0,0.0,0.06147079820869119,0.0,0.45,0.0,,,,
sample_resolving,burst,algorithm1,14,224,400,0.5440791544191971,4.160617333350446,7.647080943198224,3.9363555114169144,0.5030788309182541,1.0,0.0,0.0,1.0,0.0,0.057278558684743214,0.0,0.5075,0.0,,,,
sample_resolving,burst,algorithm1,15,237,400,0.5085181512187468,3.850025737945685,7.571068463767654,3.5188127798846747,0.6533878443463692,1.0,0.0,0.0,1.0,0.0,0.1022997308102851,0.0,0.8525,0.0,,,,
sample_resolving,burst,algorithm1,16,250,400,0.49998521266122253,3.920987687234806,7.842207305221983,3.7086636585004658,0.5143141738475738,1.0,0.0,0.0,1.0,0.0,0.12517705146052582,0.0,1.08,0.0,,,,
sample_resolving,burst,algorithm1,17,263,400,0.5246830876498196,4.219574372506407,8.042139096586634,3.9625539527717426,0.7723667982846947,1.0,0.0,0.0,1.0,0.0,0.07870676170189178,0.0,0.7175,0.0,,,,
sample_resolving,burst,algorithm1,18,276,400,0.5285193052041719,4.1891069761001605,7.92611913103509,3.92084514233496,0.6507895789206111,1.0,0.0,0.0,1.0,0.0,0.07194838892526773,0.0,0.535,0.0,,,,
sample_resolving,burst,algorithm1,19,289,400,0.52389039448933,4.1613581069843635,7.943184587380553,3.880471672838581,0.6231678618543417,1.0,0.0,0.0,1.0,0.0,0.08050297462589284,0.0,0.62,0.0,,,,
sample_resolving,burst,algorithm1,20,302,400,0.5329879187387405,4.094136635787349,7.681481121515268,3.76344534024067,0.6332200508614396,1.0,0.0,0.0,1.0,0.0,0.06540281669678157,0.0,0.52,0.0,,,,
sample_resolving,burst,algorithm1,21,315,400,0.5165912713481595,3.969167724712068,7.6833813206979755,3.5459403001879646,0.7291679223069658,1.0,0.0,0.0,1.0,0.0,0.1037984599031449,0.0,0.9475,0.0,,,,
sample_resolving,burst,algorithm1,22,328,400,0.5285370441371132,4.24068901206612,8.02344709629473,4.028193774591056,0.5004705916232606,1.0,0.0,0.0,1.0,0.0,0.07760609027966828,0.0,0.7825,0.0,,,,
sample_resolving,burst,algorithm1,23,341,400,0.503235087410896,3.929116953552144,7.807716615642074,3.713316956582074,0.5329014878589184,1.0,0.0,0.0,1.0,0.0,0.12452843467471857,0.0,1.32,0.0,,,,
sample_resolving,burst,algorithm1,24,354,400,0.5042027696938403,3.938344705631508,7.811033461841021,3.6895443070281284,0.6517285954786538,1.0,0.0,0.0,1.0,0.0,0.12237585889648844,0.0,1.2625,0.0,,,,
sample_resolving,burst,no_trust,0,42,400,0.38834510758503743,3.1022798876600115,7.988461363532675,2.8852576135721337,0.4243663149851975,0.0,0.0,1.0,1.0,0.0,0.3372117134225756,0.30504037171392834,4.0,4.0,,,,
sample_resolving,burst,no_trust,1,55,400,0.3826861057079337,3.0658948894436406,8.011513466819027,2.8843668239167646,0.41179207046661537,0.0,0.0,1.0,1.0,0.0,0.33702427478172153,0.16230741434373097,4.0,4.0,,,,
sample_resolving,burst,no_trust,2,68,400,0.39122685008302277,3.0380670649392196,7.76548711903211,2.6832023170774164,0.7455004590692811,0.0,0.0,1.0,1.0,0.0,0.33229986838123443,0.1810979216418358,4.0,4.0,,,,
sample_resolving,burst,no_trust,3,81,400,0.39621334819982296,3.0657055845314822,7.737512121841362,2.841839124399216,0.3655558606007294,0.0,0.0,1.0,1.0,0.0,0.3279303742049497,0.34240520844731437,4.0,4.0,,,,
sample_resolving,burst,no_trust,4,94,400,0.39247193775798955,3.0853245775385356,7.8612616106098345,2.884475387551773,0.49608946479766214,0.0,0.0,1.0,1.0,0.0,0.3314145775234552,0.2271264237688992,4.0,4.0,,,,
sample_resolving,burst,no_trust,5,107,400,0.3932714689722179,3.062938269581998,7.788356164220942,2.8124293654126395,0.544309310964104,0.0,0.0,1.0,1.0,0.0,0.32440165920436337,0.3099394991026112,4.0,4.0,,,,
sample_resolving,burst,no_trust,6,120,400,0.3796601604390951,2.94724808245459,7.762858444367607,2.6561721372079004,0.6069705530001595,0.0,0.0,1.0,1.0,0.0,0.3401658492110739,0.17672848584594386,4.0,4.0,,,,
sample_resolving,burst,no_trust,7,133,400,0.3851825747897839,3.0355245051865634,7.880742026928976,2.7565090928340465,0.4978246964702029,0.0,0.0,1.0,1.0,0.0,0.3429407055862715,0.1840648786241535,4.0,4.0,,,,
sample_resolving,burst,no_trust,8,146,400,0.3894879487286468,3.0574632112199267,7.849955874629737,2.844752178355058,0.4163663068847683,0.0,0.0,1.0,1.0,0.0,0.33710509732882715,0.4001105086335107,4.0,4.0,,,,
sample_resolving,burst,no_trust,9,159,400,0.37999700936441577,2.997407332733226,7.887976112619147,2.7894770697799514,0.619915233332395,0.0,0.0,1.0,1.0,0.0,0.34264098778911845,0.2331833517717174,4.0,4.0,,,,
sample_resolving,burst,no_trust,10,172,400,0.3888797334008212,3.0287388738854073,7.7883690348133,2.724151414217951,0.6343722882919791,0.0,0.0,1.0,1.0,0.0,0.3357775481444439,0.40247810109710164,4.0,4.0,,,,
sample_resolving,burst,no_trust,11,185,400,0.3913132114267076,3.0851656561674443,7.8841336455753455,2.8666121447891504,0.4824220355582667,0.0,0.0,1.0,1.0,0.0,0.32920171693310096,0.41050015309733856,4.0,4.0,,,,
sample_resolving,burst,no_trust,12,198,400,0.38542937351251094,3.0717167279777784,7.969596867992914,2.8518209534610333,0.5007216399982672,0.0,0.0,1.0,1.0,0.0,0.3369052586281997,0.179086445825753,4.0,4.0,,,,
sample_resolving,burst,no_trust,13,211,400,0.3898606085655932,2.9685903950542603,7.614491769190376,2.732368311095707,0.457688193348861,0.0,0.0,1.0,1.0,0.0,0.3370356046814939,0.23632202646610787,4.0,4.0,,,,
sample_resolving,burst,no_trust,14,224,400,0.39950275239495225,3.055029884594678,7.647080943198224,2.9301113073401455,0.35350591089762995,0.0,0.0,1.0,1.0,0.0,0.3274003215027053,0.3618111694438235,4.0,4.0,,,,
sample_resolving,burst,no_trust,15,237,400,0.3901343456670929,2.9537338411127556,7.571068463767654,2.7072273662621327,0.5162516378273629,0.0,0.0,1.0,1.0,0.0,0.3327090444809721,0.1647625497530438,4.0,4.0,,,,
sample_resolving,burst,no_trust,16,250,400,0.38357695514420004,3.0080899997466504,7.842207305221983,2.8217789666243567,0.43497507094396326,0.0,0.0,1.0,1.0,0.0,0.3416024216613768,0.20338725086977247,4.0,4.0,,,,
sample_resolving,burst,no_trust,17,263,400,0.38355852091145476,3.0846309768509523,8.042139096586634,2.9083304156969803,0.5510726110317727,0.0,0.0,1.0,1.0,0.0,0.342594337629358,0.3190045489259167,4.0,4.0,,,,
sample_resolving,burst,no_trust,18,276,400,0.3945846074299641,3.127524605762609,7.92611913103509,2.8935610403172674,0.5304909919781959,0.0,0.0,1.0,1.0,0.0,0.3311772022958837,0.1699167843772666,4.0,4.0,,,,
sample_resolving,burst,no_trust,19,289,400,0.3833758114465891,3.0452248366570593,7.943184587380553,2.7958182329851695,0.46198150238496716,0.0,0.0,1.0,1.0,0.0,0.3418021000307017,0.26089782151957014,4.0,4.0,,,,
sample_resolving,burst,no_trust,20,302,400,0.39051606950140527,2.999741815523389,7.681481121515268,2.7596346781011865,0.41823338547609046,0.0,0.0,1.0,1.0,0.0,0.32631915816903934,0.3276813223170093,4.0,4.0,,,,
sample_resolving,burst,no_trust,21,315,400,0.3943550017988346,3.0299798545449823,7.6833813206979755,2.7088237181644086,0.5892774114999004,0.0,0.0,1.0,1.0,0.0,0.3279926619494615,0.2764883766704455,4.0,4.0,,,,
sample_resolving,burst,no_trust,22,328,400,0.38855843220534025,3.1175780246187696,8.02344709629473,2.9769761856579247,0.41570697493957764,0.0,0.0,1.0,1.0,0.0,0.34213051034347575,0.4449695289528227,4.0,4.0,,,,
sample_resolving,burst,no_trust,23,341,400,0.3914187844760208,3.056086947227852,7.807716615642074,2.9179245257751467,0.4293267363491,0.0,0.0,1.0,1.0,0.0,0.33231950600593585,0.21312167675963348,4.0,4.0,,,,
sample_resolving,burst,no_trust,24,354,400,0.3905892191645993,3.0509054607290413,7.811033461841021,2.8699249050525633,0.5297317609823029,0.0,0.0,1.0,1.0,0.0,0.333827692416297,0.13284737349218073,4.0,4.0,,,,
sample_resolving,burst,oracle,0,42,400,0.5701313906702596,4.554472586506523,7.988461363532675,4.236986434273687,0.6895005679398238,1.0,0.0,0.0,1.0,0.0,0.0,0.0,0.0,0.0,,,,
sample_resolving,burst,oracle,1,55,400,0.5655091293275359,4.530584005216657,8.011513466819027,4.337012154896479,0.5191196302779506,1.0,0.0,0.0,1.0,0.0,0.0,0.0,0.0,0.0,,,,
sample_resolving,burst,oracle,2,68,400,0.5669457281241131,4.402609748938081,7.76548711903211,3.939179492842705,0.9846076234739658,1.0,0.0,0.0,1.0,0.0,0.0,0.0,0.0,0.0,,,,
sample_resolving,burst,oracle,3,81,400,0.5725470241720683,4.430089539855577,7.737512121841362,4.088277880582324,0.5779913422587217,1.0,0.0,0.0,1.0,0.0,0.0,0.0,0.0,0.0,,,,
sample_resolving,burst,oracle,4,94,400,0.5677778154704577,4.463449944113823,7.8612616106098345,4.193975783833906,0.6155079162386379,1.0,0.0,0.0,1.0,0.0,0.0,0.0,0.0,0.0,,,,
sample_resolving,burst,oracle,5,107,400,0.566053805167174,4.408628642754479,7.788356164220942,4.039609249400234,0.6821621796232247,1.0,0.0,0.0,1.0,0.0,0.0,0.0,0.0,0.0,,,,
sample_resolving,burst,oracle,6,120,400,0.5641599270060524,4.379493653332747,7.762858444367607,4.072937187909269,0.7699917427338647,1.0,0.0,0.0,1.0,0.0,0.0,0.0,0.0,0.0,,,,
sample_resolving,burst,oracle,7,133,400,0.570188043596254,4.49350487842141,7.880742026928976,4.140087218531655,0.6749077022267569,1.0,0.0,0.0,1.0,0.0,0.0,0.0,0.0,0.0,,,,
sample_resolving,burst,oracle,8,146,400,0.5690419757392327,4.466954400365101,7.849955874629737,4.129991315189836,0.6405068616531349,1.0,0.0,0.0,1.0,0.0,0.0,0.0,0.0,0.0,,,,
sample_resolving,burst,oracle,9,159,400,0.5658459060423702,4.4633789902855545,7.887976112619147,4.159456055606995,0.9092942750682376,1.0,0.0,0.0,1.0,0.0,0.0,0.0,0.0,0.0,,,,
sample_resolving,burst,oracle,10,172,400,0.5669908046247296,4.415933625763122,7.7883690348133,4.067361989571905,0.7447099510394306,1.0,0.0,0.0,1.0,0.0,0.0,0.0,0.0,0.0,,,,
sample_resolving,burst,oracle,11,185,400,0.5665929228764665,4.467094326595226,7.8841336455753455,4.134127684119065,0.7303786031836168,1.0,0.0,0.0,1.0,0.0,0.0,0.0,0.0,0.0,,,,
sample_resolving,burst,oracle,12,198,400,0.5654956182121332,4.506772107767134,7.969596867992914,4.233611961980486,0.7058178509129069,1.0,0.0,0.0,1.0,0.0,0.0,0.0,0.0,0.0,,,,
sample_resolving,burst,oracle,13,211,400,0.569799459172329,4.338733291956827,7.614491769190376,3.959817364187955,0.7146797247351819,1.0,0.0,0.0,1.0,0.0,0.0,0.0,0.0,0.0,,,,
sample_resolving,burst,oracle,14,224,400,0.5738558449233016,4.388322095855894,7.647080943198224,4.160393950882205,0.5092243588815224,1.0,0.0,0.0,1.0,0.0,0.0,0.0,0.0,0.0,,,,
sample_resolving,burst,oracle,15,237,400,0.5678458274986982,4.299199636857441,7.571068463767654,3.939939891255982,0.682029611111123,1.0,0.0,0.0,1.0,0.0,0.0,0.0,0.0,0.0,,,,
sample_resolving,burst,oracle,16,250,400,0.5672526662968359,4.448513003539694,7.842207305221983,4.2183873011507185,0.5342246733607325,1.0,0.0,0.0,1.0,0.0,0.0,0.0,0.0,0.0,,,,
sample_resolving,burst,oracle,17,263,400,0.5690760608574602,4.576588837953295,8.042139096586634,4.3197203374414155,0.7871592065213635,1.0,0.0,0.0,1.0,0.0,0.0,0.0,0.0,0.0,,,,
sample_resolving,burst,oracle,18,276,400,0.5716499243700028,4.530965401803842,7.92611913103509,4.234575482676596,0.6839286932183652,1.0,0.0,0.0,1.0,0.0,0.0,0.0,0.0,0.0,,,,
sample_resolving,burst,oracle,19,289,400,0.5662339954378655,4.497701145412963,7.943184587380553,4.186342484119317,0.6685265114894463,1.0,0.0,0.0,1.0,0.0,0.0,0.0,0.0,0.0,,,,
sample_resolving,burst,oracle,20,302,400,0.5638371329129125,4.331104292079832,7.681481121515268,3.9903025218397494,0.648879123066505,1.0,0.0,0.0,1.0,0.0,0.0,0.0,0.0,0.0,,,,
sample_resolving,burst,oracle,21,315,400,0.5720103177474885,4.394973390627566,7.6833813206979755,3.949237279680274,0.7458039149616078,1.0,0.0,0.0,1.0,0.0,0.0,0.0,0.0,0.0,,,,
sample_resolving,burst,oracle,22,328,400,0.5676647024058874,4.554627708187529,8.02344709629473,4.330951809240908,0.5423493571603997,1.0,0.0,0.0,1.0,0.0,0.0,0.0,0.0,0.0,,,,
sample_resolving,burst,oracle,23,341,400,0.5702751391398639,4.452546679349911,7.807716615642074,4.223237819633658,0.5508345532295245,1.0,0.0,0.0,1.0,0.0,0.0,0.0,0.0,0.0,,,,
sample_resolving,burst,oracle,24,354,400,0.5686509991867147,4.4417519827567595,7.811033461841021,4.188957051130806,0.7102744889278121,1.0,0.0,0.0,1.0,0.0,0.0,0.0,0.0,0.0,,,,
sample_resolving,burst,sparse_online,0,42,400,0.5700593714140665,4.5538972634609935,7.988461363532675,4.2375320369383624,0.6882307672567842,1.0,0.0,0.0,1.0,0.0,0.0024999954379602927,0.0,0.0025,0.0,,,,
sample_resolving,burst,sparse_online,1,55,400,0.5634101424530905,4.513767943605361,8.011513466819027,4.321102138369485,0.5179162152969337,1.0,0.0,0.0,1.0,0.0,0.0018285633813844037,0.0,0.01,0.0,,,,
sample_resolving,burst,sparse_online,2,68,400,0.5633625968640773,4.374784989292472,7.76548711903211,3.911899192593376,0.9829251741338334,1.0,0.0,0.0,1.0,0.0,0.0041691636304583566,0.0,0.0125,0.0,,,,
sample_resolving,burst,sparse_online,3,81,400,0.5714281363583648,4.421432131834066,7.737512121841362,4.079433517004056,0.5779820019139992,1.0,0.0,0.0,1.0,0.0,0.0,0.0,0.0,0.0,,,,
sample_resolving,burst,sparse_online,4,94,400,0.5666075324622402,4.454250043227774,7.8612616106098345,4.1848574762413815,0.6149233630940412,1.0,0.0,0.0,1.0,0.0,0.0,0.0,0.0,0.0,,,,
sample_resolving,burst,sparse_online,5,107,400,0.565167419473256,4.401725155271376,7.788356164220942,4.033518906284955,0.6811875927360704,1.0,0.0,0.0,1.0,0.0,0.0,0.0,0.0,0.0,,,,
sample_resolving,burst,sparse_online,6,120,400,0.564741639201484,4.384009402761245,7.762858444367607,4.077166977469997,0.7706641939321903,1.0,0.0,0.0,1.0,0.0,0.0,0.0,0.0,0.0,,,,
sample_resolving,burst,sparse_online,7,133,400,0.5685654433813608,4.480717584714998,7.880742026928976,4.128305334120078,0.6740937534456837,1.0,0.0,0.0,1.0,0.0,0.0,0.0,0.0,0.0,,,,
sample_resolving,burst,sparse_online,8,146,400,0.5703435529046582,4.477171723681118,7.849955874629737,4.1397170348176875,0.6408396654310033,1.0,0.0,0.0,1.0,0.0,0.004054953750073871,0.0,0.01,0.0,,,,
sample_resolving,burst,sparse_online,9,159,400,0.5654932729167671,4.460597428614279,7.887976112619147,4.156648275637806,0.9090007347125812,1.0,0.0,0.0,1.0,0.0,0.0,0.0,0.0,0.0,,,,
sample_resolving,burst,sparse_online,10,172,400,0.5667065515466804,4.413719757891993,7.7883690348133,4.06521220881406,0.7445802104611046,1.0,0.0,0.0,1.0,0.0,0.004337813130445213,0.0,0.01,0.0,,,,
sample_resolving,burst,sparse_online,11,185,400,0.5638139322105991,4.445184392785721,7.8841336455753455,4.113037683418715,0.7290188652213461,1.0,0.0,0.0,1.0,0.0,0.0,0.0,0.0,0.0,,,,
sample_resolving,burst,sparse_online,12,198,400,0.5640247351036872,4.4950497623528785,7.969596867992914,4.2218613327151635,0.7048268098797186,1.0,0.0,0.0,1.0,0.0,0.003462987885000093,0.0,0.0175,0.0,,,,
sample_resolving,burst,sparse_online,13,211,400,0.565785286521576,4.308167407347559,7.614491769190376,3.9306530772485404,0.7116338708288223,1.0,0.0,0.0,1.0,0.0,0.0026397152145895943,0.0,0.01,0.0,,,,
sample_resolving,burst,sparse_online,14,224,400,0.5745337511172701,4.3935060993930675,7.647080943198224,4.165479237015624,0.5094253172440562,1.0,0.0,0.0,1.0,0.0,0.0010791893160652006,0.0,0.0025,0.0,,,,
sample_resolving,burst,sparse_online,15,237,400,0.5659885565095499,4.28513811104283,7.571068463767654,3.9267898013543636,0.6802347025540856,1.0,0.0,0.0,1.0,0.0,0.0,0.0,0.0,0.0,,,,
sample_resolving,burst,sparse_online,16,250,400,0.5650261016136621,4.4310518217157595,7.842207305221983,4.20106775418969,0.5342308145866426,1.0,0.0,0.0,1.0,0.0,0.004397941754064778,0.0,0.0175,0.0,,,,
sample_resolving,burst,sparse_online,17,263,400,0.5663170225808618,4.554400268360085,8.042139096586634,4.298130108539772,0.7857110947661567,1.0,0.0,0.0,1.0,0.0,0.0015786093481082986,0.0,0.0125,0.0,,,,
sample_resolving,burst,sparse_online,18,276,400,0.5681787836209475,4.503452726706239,7.92611913103509,4.209260851592502,0.6805739871951157,1.0,0.0,0.0,1.0,0.0,0.0024999998685166416,0.0,0.0025,0.0,,,,
sample_resolving,burst,sparse_online,19,289,400,0.565644397375375,4.493017859170239,7.943184587380553,4.182037759696354,0.6679211818314812,1.0,0.0,0.0,1.0,0.0,0.004313849590568151,0.0,0.01,0.0,,,,
sample_resolving,burst,sparse_online,20,302,400,0.5634970447926625,4.32849191160448,7.681481121515268,3.9876895714350002,0.6487618478611905,1.0,0.0,0.0,1.0,0.0,0.0,0.0,0.0,0.0,,,,
sample_resolving,burst,sparse_online,21,315,400,0.5689866877378426,4.371741688290752,7.6833813206979755,3.927307149460059,0.7449537236356378,1.0,0.0,0.0,1.0,0.0,0.0045566153675921485,0.0,0.0075,0.0,,,,
sample_resolving,burst,sparse_online,22,328,400,0.5678062965381521,4.555763781216901,8.02344709629473,4.331988016172716,0.5425595492056177,1.0,0.0,0.0,1.0,0.0,0.0008716260948946555,0.0,0.005,0.0,,,,
sample_resolving,burst,sparse_online,23,341,400,0.5679498338448562,4.434391354561639,7.807716615642074,4.205602860159928,0.5500389224993505,1.0,0.0,0.0,1.0,0.0,0.0022256591629025426,0.0,0.01,0.0,,,,
sample_resolving,burst,sparse_online,24,354,400,0.5638177682024429,4.4039994538098055,7.811033461841021,4.150974603976037,0.7063839679176906,1.0,0.0,0.0,1.0,0.0,0.004999845547656677,0.0,0.01,0.0,,,,
sample_resolving,byzantine,algorithm1,0,42,400,0.5599215708884739,4.472911835651096,7.988461363532675,4.158161682225967,0.6814399945787732,1.0,0.0,0.0,1.0,0.0,0.019452494332825792,0.0,0.0925,0.0,,,,
sample_resolving,byzantine,algorithm1,1,55,400,0.5575953984790684,4.467183043951378,8.011513466819027,4.274543251318207,0.5170362399246455,1.0,0.0,0.0,1.0,0.0,0.013439287782715543,0.0,0.0825,0.0,,,,
sample_resolving,byzantine,algorithm1,2,68,400,0.5610253654992423,4.356635249234648,7.76548711903211,3.894168751033312,0.9818975264384258,1.0,0.0,0.0,1.0,0.0,0.004098630193053091,0.0,0.01,0.0,,,,
sample_resolving,byzantine,algorithm1,3,81,400,0.5650984462622282,4.372456077987709,7.737512121841362,4.0291541370269925,0.5780319372204481,1.0,0.0,0.0,1.0,0.0,0.010156772478613107,0.0,0.0175,0.0,,,,
sample_resolving,byzantine,algorithm1,4,94,400,0.5636211310498866,4.430773160450968,7.8612616106098345,4.16177612789144,0.61320522997827,1.0,0.0,0.0,1.0,0.0,0.007499996468045274,0.0,0.0075,0.0,,,,
sample_resolving,byzantine,algorithm1,5,107,400,0.5604327541668548,4.364849895546743,7.788356164220942,4.001088991918501,0.6758099224811254,1.0,0.0,0.0,1.0,0.0,0.007976620524034852,0.0,0.04,0.0,,,,
sample_resolving,byzantine,algorithm1,6,120,400,0.5612615280899241,4.356993792831535,7.762858444367607,4.051750421481446,0.7668537868200875,1.0,0.0,0.0,1.0,0.0,0.006898237255699947,0.0,0.035,0.0,,,,
sample_resolving,byzantine,algorithm1,7,133,400,0.5615519156947202,4.425445782317858,7.880742026928976,4.077602666130944,0.6703966006826052,1.0,0.0,0.0,1.0,0.0,0.010882606580259937,0.0,0.065,0.0,,,,
sample_resolving,byzantine,algorithm1,8,146,400,0.5623166775670381,4.414161106469646,7.849955874629737,4.079542546506172,0.6393374765758244,1.0,0.0,0.0,1.0,0.0,0.010660602056086382,0.0,0.055,0.0,,,,
sample_resolving,byzantine,algorithm1,9,159,400,0.5590634702390355,4.409879298683477,7.887976112619147,4.106647259871871,0.9029383066265888,1.0,0.0,0.0,1.0,0.0,0.012352977289362781,0.0,0.06,0.0,,,,
sample_resolving,byzantine,algorithm1,10,172,400,0.5614335148926228,4.372651402496095,7.7883690348133,4.026096783573215,0.7418267502424802,1.0,0.0,0.0,1.0,0.0,0.013563914391477189,0.0,0.0575,0.0,,,,
sample_resolving,byzantine,algorithm1,11,185,400,0.5596983313174647,4.412736445312401,7.8841336455753455,4.081487202842921,0.7273034914642604,1.0,0.0,0.0,1.0,0.0,0.009334484645351008,0.0,0.04,0.0,,,,
sample_resolving,byzantine,algorithm1,12,198,400,0.560925754703543,4.4703521378619175,7.969596867992914,4.197521752038757,0.7022899093369563,1.0,0.0,0.0,1.0,0.0,0.009643765122896653,0.0,0.08,0.0,,,,
sample_resolving,byzantine,algorithm1,13,211,400,0.5603758651068119,4.266977412508756,7.614491769190376,3.8913716290118647,0.7071827748692905,1.0,0.0,0.0,1.0,0.0,0.013285788089925542,0.0,0.03,0.0,,,,
sample_resolving,byzantine,algorithm1,14,224,400,0.5722733402861094,4.3762205548023,7.647080943198224,4.148476646627333,0.5088717759068144,1.0,0.0,0.0,1.0,0.0,0.006958441525167213,0.0,0.045,0.0,,,,
sample_resolving,byzantine,algorithm1,15,237,400,0.5622095427544691,4.2565269391775935,7.571068463767654,3.900004960923434,0.6777240375657811,1.0,0.0,0.0,1.0,0.0,0.007174769417609438,0.0,0.045,0.0,,,,
sample_resolving,byzantine,algorithm1,16,250,400,0.5625984685479978,4.412013819953808,7.842207305221983,4.182155979259711,0.5343145415922601,1.0,0.0,0.0,1.0,0.0,0.011594933541046572,0.0,0.06,0.0,,,,
sample_resolving,byzantine,algorithm1,17,263,400,0.5604101172013762,4.506896113667886,8.042139096586634,4.251942321218086,0.7825521465316418,1.0,0.0,0.0,1.0,0.0,0.014856431498913622,0.0,0.1,0.0,,,,
sample_resolving,byzantine,algorithm1,18,276,400,0.5633179818424219,4.464925432737298,7.92611913103509,4.17384549996281,0.6758532301543108,1.0,0.0,0.0,1.0,0.0,0.013301083518590287,0.0,0.0625,0.0,,,,
sample_resolving,byzantine,algorithm1,19,289,400,0.5633531592457721,4.4748181317731595,7.943184587380553,4.165317460871888,0.6655085836576866,1.0,0.0,0.0,1.0,0.0,0.0072870622920614995,0.0,0.025,0.0,,,,
sample_resolving,byzantine,algorithm1,20,302,400,0.5625888034625823,4.32151527297369,7.681481121515268,3.980836993089369,0.6484217373995325,1.0,0.0,0.0,1.0,0.0,0.005274311406811637,0.0,0.0175,0.0,,,,
sample_resolving,byzantine,algorithm1,21,315,400,0.5689737361070972,4.37164217597301,7.6833813206979755,3.927212046947904,0.7449500744577797,1.0,0.0,0.0,1.0,0.0,0.005031553767290252,0.0,0.0075,0.0,,,,
sample_resolving,byzantine,algorithm1,22,328,400,0.5655215848655248,4.537432517981289,8.02344709629473,4.314520333321128,0.5398254054104674,1.0,0.0,0.0,1.0,0.0,0.0077674540660546375,0.0,0.0325,0.0,,,,
sample_resolving,byzantine,algorithm1,23,341,400,0.5630424634078444,4.396075996861471,7.807716615642074,4.168597346435109,0.5481010774565602,1.0,0.0,0.0,1.0,0.0,0.010658161152205928,0.0,0.0875,0.0,,,,
sample_resolving,byzantine,algorithm1,24,354,400,0.5614798367348215,4.385737792884724,7.811033461841021,4.132541702458392,0.7048287774855622,1.0,0.0,0.0,1.0,0.0,0.009518863770390119,0.0,0.0725,0.0,,,,
sample_resolving,byzantine,no_trust,0,42,400,0.34840203526711866,2.7831961977075257,7.988461363532675,2.606087129921634,0.4186370476327528,0.0,0.0,1.0,1.0,0.0,0.41206216259044465,0.6097837211045817,4.0,4.0,,,,
sample_resolving,byzantine,no_trust,1,55,400,0.34229348428664697,2.7422888589668792,8.011513466819027,2.581625469603198,0.4075486548077021,0.0,0.0,1.0,1.0,0.0,0.4183407379724049,0.42979381138176737,4.0,4.0,,,,
sample_resolving,byzantine,no_trust,2,68,400,0.3513255503652884,2.728214035948514,7.76548711903211,2.4243088331315543,0.631170419229298,0.0,0.0,1.0,1.0,0.0,0.4033753637306606,0.34687915962898963,4.0,4.0,,,,
sample_resolving,byzantine,no_trust,3,81,400,0.3574161824696626,2.7655120444012784,7.737512121841362,2.5475963679938287,0.35819256011354517,0.0,0.0,1.0,1.0,0.0,0.39724638790737854,0.610023474124255,4.0,4.0,,,,
sample_resolving,byzantine,no_trust,4,94,400,0.3526385574021603,2.7721839537264357,7.8612616106098345,2.598754461030596,0.4153973585130606,0.0,0.0,1.0,1.0,0.0,0.4059371871957348,0.48255453692904227,4.0,4.0,,,,
sample_resolving,byzantine,no_trust,5,107,400,0.354069988409726,2.757623176796527,7.788356164220942,2.520932740231127,0.4765427304593932,0.0,0.0,1.0,1.0,0.0,0.39931848693100236,0.6684294238728992,4.0,4.0,,,,
sample_resolving,byzantine,no_trust,6,120,400,0.3445470906703141,2.674670292292339,7.762858444367607,2.4722711956457477,0.4818759470086782,0.0,0.0,1.0,1.0,0.0,0.40978657147936987,0.3064649708038438,4.0,4.0,,,,
sample_resolving,byzantine,no_trust,7,133,400,0.3418536731652559,2.6940606091734742,7.880742026928976,2.457811349654476,0.41285421971894154,0.0,0.0,1.0,1.0,0.0,0.4227658198797173,0.18966613367655297,4.0,4.0,,,,
sample_resolving,byzantine,no_trust,8,146,400,0.34757522263650337,2.728450160811158,7.849955874629737,2.4826270410886706,0.4545477208110609,0.0,0.0,1.0,1.0,0.0,0.4102340114935296,0.3822322576455099,4.0,4.0,,,,
sample_resolving,byzantine,no_trust,9,159,400,0.33904032645313525,2.6743419962769286,7.887976112619147,2.4455912592490057,0.6590539488097771,0.0,0.0,1.0,1.0,0.0,0.4228877134099864,0.4820159842812475,4.0,4.0,,,,
sample_resolving,byzantine,no_trust,10,172,400,0.3476071884110708,2.7072930624992964,7.7883690348133,2.4628713511236464,0.5386280559335992,0.0,0.0,1.0,1.0,0.0,0.4097069745445079,0.7098698265299206,4.0,4.0,,,,
sample_resolving,byzantine,no_trust,11,185,400,0.3513015699626552,2.769708527486011,7.8841336455753455,2.554184788473385,0.4826872543963203,0.0,0.0,1.0,1.0,0.0,0.4032521870498218,0.7666723009503793,4.0,4.0,,,,
sample_resolving,byzantine,no_trust,12,198,400,0.34680059907216765,2.7638609681836135,7.969596867992914,2.581985566208426,0.4510054168976927,0.0,0.0,1.0,1.0,0.0,0.41248330741438954,0.4795951652615378,4.0,4.0,,,,
sample_resolving,byzantine,no_trust,13,211,400,0.340297269178009,2.5911907552339115,7.614491769190376,2.352742880552812,0.4359884493662034,0.0,0.0,1.0,1.0,0.0,0.4245076388947014,0.5722791205167437,4.0,4.0,,,,
sample_resolving,byzantine,no_trust,14,224,400,0.36658690253874565,2.8033197164301065,7.647080943198224,2.674632754263521,0.3427752081287512,0.0,0.0,1.0,1.0,0.0,0.3920754291891149,0.6010380242192854,4.0,4.0,,,,
sample_resolving,byzantine,no_trust,15,237,400,0.3518267580788124,2.6637044728001085,7.571068463767654,2.440227340904418,0.4616595811182851,0.0,0.0,1.0,1.0,0.0,0.40623705272105926,0.403175030757578,4.0,4.0,,,,
sample_resolving,byzantine,no_trust,16,250,400,0.3470299297294726,2.7214806500551414,7.842207305221983,2.5865748268939597,0.3185972259509344,0.0,0.0,1.0,1.0,0.0,0.4089637214075097,0.24226027184050564,4.0,4.0,,,,
sample_resolving,byzantine,no_trust,17,263,400,0.34734667927055785,2.7934103094312914,8.042139096586634,2.642224339271243,0.4350040929938488,0.0,0.0,1.0,1.0,0.0,0.4129403201311446,0.5204611295640595,4.0,4.0,,,,
sample_resolving,byzantine,no_trust,18,276,400,0.3565300455988135,2.825899615209569,7.92611913103509,2.5902194558483194,0.515989133272551,0.0,0.0,1.0,1.0,0.0,0.40104525331240937,0.4321498312219679,4.0,4.0,,,,
sample_resolving,byzantine,no_trust,19,289,400,0.33994812117933315,2.7002706766606557,7.943184587380553,2.509833757771325,0.42057507896477686,0.0,0.0,1.0,1.0,0.0,0.4174014481698471,0.26611241891252907,4.0,4.0,,,,
sample_resolving,byzantine,no_trust,20,302,400,0.35158764674175985,2.7007138710048073,7.681481121515268,2.498586686523202,0.3896132109050101,0.0,0.0,1.0,1.0,0.0,0.3969595308475896,0.5711081209523727,4.0,4.0,,,,
sample_resolving,byzantine,no_trust,21,315,400,0.3549680655005655,2.7273550039113403,7.6833813206979755,2.4189978654489557,0.5467510114517586,0.0,0.0,1.0,1.0,0.0,0.40173159163302996,0.6020977033276648,4.0,4.0,,,,
sample_resolving,byzantine,no_trust,22,328,400,0.3474733622042414,2.7879341390173877,8.02344709629473,2.6437276184886827,0.352393773890741,0.0,0.0,1.0,1.0,0.0,0.4140951636893394,0.4096954651424638,4.0,4.0,,,,
sample_resolving,byzantine,no_trust,23,341,400,0.35308877123192184,2.7568170659441193,7.807716615642074,2.6065755948133966,0.3743375383457077,0.0,0.0,1.0,1.0,0.0,0.4002480665862687,0.5440889142502401,4.0,4.0,,,,
sample_resolving,byzantine,no_trust,24,354,400,0.35116671376626596,2.7429749519130513,7.811033461841021,2.5969956063280875,0.4374819197561859,0.0,0.0,1.0,1.0,0.0,0.409546341626521,0.13179935246178903,4.0,4.0,,,,
sample_resolving,byzantine,oracle,0,42,400,0.5701313906702596,4.554472586506523,7.988461363532675,4.236986434273687,0.6895005679398238,1.0,0.0,0.0,1.0,0.0,0.0,0.0,0.0,0.0,,,,
sample_resolving,byzantine,oracle,1,55,400,0.5655091293275359,4.530584005216657,8.011513466819027,4.337012154896479,0.5191196302779506,1.0,0.0,0.0,1.0,0.0,0.0,0.0,0.0,0.0,,,,
sample_resolving,byzantine,oracle,2,68,400,0.5669457281241131,4.402609748938081,7.76548711903211,3.939179492842705,0.9846076234739658,1.0,0.0,0.0,1.0,0.0,0.0,0.0,0.0,0.0,,,,
sample_resolving,byzantine,oracle,3,81,400,0.5725470241720683,4.430089539855577,7.737512121841362,4.088277880582324,0.5779913422587217,1.0,0.0,0.0,1.0,0.0,0.0,0.0,0.0,0.0,,,,
sample_resolving,byzantine,oracle,4,94,400,0.5677778154704577,4.463449944113823,7.8612616106098345,4.193975783833906,0.6155079162386379,1.0,0.0,0.0,1.0,0.0,0.0,0.0,0.0,0.0,,,,
sample_resolving,byzantine,oracle,5,107,400,0.566053805167174,4.408628642754479,7.788356164220942,4.039609249400234,0.6821621796232247,1.0,0.0,0.0,1.0,0.0,0.0,0.0,0.0,0.0,,,,
sample_resolving,byzantine,oracle,6,120,400,0.5641599270060524,4.379493653332747,7.762858444367607,4.072937187909269,0.7699917427338647,1.0,0.0,0.0,1.0,0.0,0.0,0.0,0.0,0.0,,,,
sample_resolving,byzantine,oracle,7,133,400,0.570188043596254,4.49350487842141,7.880742026928976,4.140087218531655,0.6749077022267569,1.0,0.0,0.0,1.0,0.0,0.0,0.0,0.0,0.0,,,,
sample_resolving,byzantine,oracle,8,146,400,0.5690419757392327,4.466954400365101,7.849955874629737,4.129991315189836,0.6405068616531349,1.0,0.0,0.0,1.0,0.0,0.0,0.0,0.0,0.0,,,,
sample_resolving,byzantine,oracle,9,159,400,0.5658459060423702,4.4633789902855545,7.887976112619147,4.159456055606995,0.9092942750682376,1.0,0.0,0.0,1.0,0.0,0.0,0.0,0.0,0.0,,,,
sample_resolving,byzantine,oracle,10,172,400,0.5669908046247296,4.415933625763122,7.7883690348133,4.067361989571905,0.7447099510394306,1.0,0.0,0.0,1.0,0.0,0.0,0.0,0.0,0.0,,,,
sample_resolving,byzantine,oracle,11,185,400,0.5665929228764665,4.467094326595226,7.8841336455753455,4.134127684119065,0.7303786031836168,1.0,0.0,0.0,1.0,0.0,0.0,0.0,0.0,0.0,,,,
sample_resolving,byzantine,oracle,12,198,400,0.5654956182121332,4.506772107767134,7.969596867992914,4.233611961980486,0.7058178509129069,1.0,0.0,0.0,1.0,0.0,0.0,0.0,0.0,0.0,,,,
sample_resolving,byzantine,oracle,13,211,400,0.569799459172329,4.338733291956827,7.614491769190376,3.959817364187955,0.7146797247351819,1.0,0.0,0.0,1.0,0.0,0.0,0.0,0.0,0.0,,,,
sample_resolving,byzantine,oracle,14,224,400,0.5738558449233016,4.388322095855894,7.647080943198224,4.160393950882205,0.5092243588815224,1.0,0.0,0.0,1.0,0.0,0.0,0.0,0.0,0.0,,,,
sample_resolving,byzantine,oracle,15,237,400,0.5678458274986982,4.299199636857441,7.571068463767654,3.939939891255982,0.682029611111123,1.0,0.0,0.0,1.0,0.0,0.0,0.0,0.0,0.0,,,,
sample_resolving,byzantine,oracle,16,250,400,0.5672526662968359,4.448513003539694,7.842207305221983,4.2183873011507185,0.5342246733607325,1.0,0.0,0.0,1.0,0.0,0.0,0.0,0.0,0.0,,,,
sample_resolving,byzantine,oracle,17,263,400,0.5690760608574602,4.576588837953295,8.042139096586634,4.3197203374414155,0.7871592065213635,1.0,0.0,0.0,1.0,0.0,0.0,0.0,0.0,0.0,,,,
sample_resolving,byzantine,oracle,18,276,400,0.5716499243700028,4.530965401803842,7.92611913103509,4.234575482676596,0.6839286932183652,1.0,0.0,0.0,1.0,0.0,0.0,0.0,0.0,0.0,,,,
sample_resolving,byzantine,oracle,19,289,400,0.5662339954378655,4.497701145412963,7.943184587380553,4.186342484119317,0.6685265114894463,1.0,0.0,0.0,1.0,0.0,0.0,0.0,0.0,0.0,,,,
sample_resolving,byzantine,oracle,20,302,400,0.5638371329129125,4.331104292079832,7.681481121515268,3.9903025218397494,0.648879123066505,1.0,0.0,0.0,1.0,0.0,0.0,0.0,0.0,0.0,,,,
sample_resolving,byzantine,oracle,21,315,400,0.5720103177474885,4.394973390627566,7.6833813206979755,3.949237279680274,0.7458039149616078,1.0,0.0,0.0,1.0,0.0,0.0,0.0,0.0,0.0,,,,
sample_resolving,byzantine,oracle,22,328,400,0.5676647024058874,4.554627708187529,8.02344709629473,4.330951809240908,0.5423493571603997,1.0,0.0,0.0,1.0,0.0,0.0,0.0,0.0,0.0,,,,
sample_resolving,byzantine,oracle,23,341,400,0.5702751391398639,4.452546679349911,7.807716615642074,4.223237819633658,0.5508345532295245,1.0,0.0,0.0,1.0,0.0,0.0,0.0,0.0,0.0,,,,
sample_resolving,byzantine,oracle,24,354,400,0.5686509991867147,4.4417519827567595,7.811033461841021,4.188957051130806,0.7102744889278121,1.0,0.0,0.0,1.0,0.0,0.0,0.0,0.0,0.0,,,,
sample_resolving,byzantine,sparse_online,0,42,400,0.5700589952166152,4.553894258222188,7.988461363532675,4.237529094624135,0.6882305115025877,1.0,0.0,0.0,1.0,0.0,0.002501707314426451,0.0,0.0075,0.0,,,,
sample_resolving,byzantine,sparse_online,1,55,400,0.5634064957661101,4.513738728123508,8.011513466819027,4.321055382609521,0.5179212950269934,1.0,0.0,0.0,1.0,0.0,0.002099547054574642,0.0,0.0075,0.0,,,,
sample_resolving,byzantine,sparse_online,2,68,400,0.5635441781450371,4.376195056390822,7.76548711903211,3.9132690244598334,0.983017521732966,1.0,0.0,0.0,1.0,0.0,0.004087742130259055,0.0,0.0075,0.0,,,,
sample_resolving,byzantine,sparse_online,3,81,400,0.5688806249030919,4.401720731068362,7.737512121841362,4.059222465052444,0.5779626705281489,1.0,0.0,0.0,1.0,0.0,0.0024999978478892886,0.0,0.0025,0.0,,,,
sample_resolving,byzantine,sparse_online,4,94,400,0.5652520296465289,4.443594080979549,7.8612616106098345,4.174458211340496,0.6140431379976272,1.0,0.0,0.0,1.0,0.0,0.0025162374616039514,0.0,0.005,0.0,,,,
sample_resolving,byzantine,sparse_online,5,107,400,0.5648785079038066,4.3994750090685395,7.788356164220942,4.03153702084423,0.6808631593427776,1.0,0.0,0.0,1.0,0.0,0.0001325175256782703,0.0,0.0025,0.0,,,,
sample_resolving,byzantine,sparse_online,6,120,400,0.564741639201484,4.384009402761245,7.762858444367607,4.077166977469997,0.7706641939321903,1.0,0.0,0.0,1.0,0.0,0.0,0.0,0.0,0.0,,,,
sample_resolving,byzantine,sparse_online,7,133,400,0.5682638722719766,4.478340980599166,7.880742026928976,4.126232329834349,0.6737968543583026,1.0,0.0,0.0,1.0,0.0,0.001246344089168868,0.0,0.01,0.0,,,,
sample_resolving,byzantine,sparse_online,8,146,400,0.5707525327829875,4.4803821976796145,7.849955874629737,4.142801489996403,0.6407937425733525,1.0,0.0,0.0,1.0,0.0,0.0025846516577909488,0.0,0.01,0.0,,,,
sample_resolving,byzantine,sparse_online,9,159,400,0.5636734885391557,4.446243012913563,7.887976112619147,4.142501983686228,0.9072695948106215,1.0,0.0,0.0,1.0,0.0,0.002499811289052163,0.0,0.0025,0.0,,,,
sample_resolving,byzantine,sparse_online,10,172,400,0.5665560509648119,4.412547603820447,7.7883690348133,4.0641197730886445,0.7445009833284644,1.0,0.0,0.0,1.0,0.0,0.0010011196241418948,0.0,0.005,0.0,,,,
sample_resolving,byzantine,sparse_online,11,185,400,0.5625282984154284,4.435048284125327,7.8841336455753455,4.103307756214114,0.7283628200502061,1.0,0.0,0.0,1.0,0.0,0.0027277359808511995,0.0,0.0075,0.0,,,,
sample_resolving,byzantine,sparse_online,12,198,400,0.5640858385425895,4.495536732128178,7.969596867992914,4.222437768364237,0.7047547691138938,1.0,0.0,0.0,1.0,0.0,0.0035334541293524403,0.0,0.0275,0.0,,,,
sample_resolving,byzantine,sparse_online,13,211,400,0.5656070474974978,4.306810207765767,7.614491769190376,3.929331667217028,0.7115140898500569,1.0,0.0,0.0,1.0,0.0,0.004010818196964294,0.0,0.0075,0.0,,,,
sample_resolving,byzantine,sparse_online,14,224,400,0.5745357525537107,4.393521404539531,7.647080943198224,4.165494248463084,0.5094260232712635,1.0,0.0,0.0,1.0,0.0,0.0010822336579617274,0.0,0.0075,0.0,,,,
sample_resolving,byzantine,sparse_online,15,237,400,0.5629569423244016,4.262185552491343,7.571068463767654,3.9053192511271826,0.6780414139083311,1.0,0.0,0.0,1.0,0.0,0.005456592369630499,0.0,0.0175,0.0,,,,
sample_resolving,byzantine,sparse_online,16,250,400,0.5656617986549209,4.436037089696628,7.842207305221983,4.206014415245756,0.5342267392488305,1.0,0.0,0.0,1.0,0.0,0.005263229585954556,0.0,0.0175,0.0,,,,
sample_resolving,byzantine,sparse_online,17,263,400,0.5662366605895436,4.553753986047825,8.042139096586634,4.2975013477295585,0.7856682870076943,1.0,0.0,0.0,1.0,0.0,0.0016945155026185333,0.0,0.0125,0.0,,,,
sample_resolving,byzantine,sparse_online,18,276,400,0.5697775285003733,4.5161245690807,7.92611913103509,4.220934466882199,0.6821273165150012,1.0,0.0,0.0,1.0,0.0,0.0021824525835230663,0.0,0.0075,0.0,,,,
sample_resolving,byzantine,sparse_online,19,289,400,0.5664481501227017,4.499402215604869,7.943184587380553,4.187904536152492,0.6687462400561177,1.0,0.0,0.0,1.0,0.0,0.0018671503123842926,0.0,0.005,0.0,,,,
sample_resolving,byzantine,sparse_online,20,302,400,0.5634970447926625,4.32849191160448,7.681481121515268,3.9876895714350002,0.6487618478611905,1.0,0.0,0.0,1.0,0.0,0.0,0.0,0.0,0.0,,,,
sample_resolving,byzantine,sparse_online,21,315,400,0.5701191348164554,4.380442711021244,7.6833813206979755,3.935495849130008,0.7453021514572478,1.0,0.0,0.0,1.0,0.0,0.0019870615486574828,0.0,0.0025,0.0,,,,
sample_resolving,byzantine,sparse_online,22,328,400,0.5678617055171399,4.556208352228468,8.02344709629473,4.332414889490396,0.5426225102084015,1.0,0.0,0.0,1.0,0.0,0.0008039634275967411,0.0,0.005,0.0,,,,
sample_resolving,byzantine,sparse_online,23,341,400,0.5668576015219164,4.425863514105681,7.807716615642074,4.19745182139309,0.5495280080132376,1.0,0.0,0.0,1.0,0.0,0.004393614368672688,0.0,0.02,0.0,,,,
sample_resolving,byzantine,sparse_online,24,354,400,0.5658482943605226,4.41985996157571,7.811033461841021,4.166872077902647,0.7084045280428386,1.0,0.0,0.0,1.0,0.0,0.003142960741369641,0.0,0.02,0.0,,,,
sample_resolving,compound,algorithm1,0,42,400,0.46695334544502903,3.730238758659941,7.988461363532675,3.4630965882670828,0.5202000482169553,0.5,0.0,0.5,0.5,0.0,0.19790517337971403,0.1931973189864429,2.04,2.0,,,,
sample_resolving,compound,algorithm1,1,55,400,0.40100227531179466,3.212635128885514,8.011513466819027,3.0372298321087605,0.4532373073405709,0.25,0.0,0.75,0.25,0.0,0.3058669986900437,0.12940037182736186,3.75,3.0,,,,
sample_resolving,compound,algorithm1,2,68,400,0.5047360834486659,3.919521554531331,7.76548711903211,3.4794082782883966,0.8885993984263476,0.75,0.0,0.25,0.75,0.0,0.11419884669807873,0.03892892383468115,1.1375,1.0,,,,
sample_resolving,compound,algorithm1,3,81,400,0.5100629473614323,3.9466182381112147,7.737512121841362,3.656211232878692,0.48779858451854086,0.75,0.0,0.25,0.75,0.0,0.1172645463348431,0.18106495707696596,1.1225,1.0,,,,
sample_resolving,compound,algorithm1,4,94,400,0.46345718864814434,3.643358205280817,7.8612616106098345,3.4253334282958803,0.5227897711906411,0.5,0.0,0.5,0.5,0.0,0.2027724593547232,0.1540618230454271,2.0475,2.0,,,,
sample_resolving,compound,algorithm1,5,107,400,0.49873212349917745,3.884303408349819,7.788356164220942,3.5669753748227566,0.6331778018414913,0.75,0.0,0.25,0.75,0.0,0.12927894107453514,0.04622834041688206,1.0725,1.0,,,,
sample_resolving,compound,algorithm1,6,120,400,0.5355651820856374,4.157516696262766,7.762858444367607,3.844241664774912,0.768773226100512,1.0,0.0,0.0,1.0,0.0,0.05101217111185111,0.0,0.3775,0.0,,,,
sample_resolving,compound,algorithm1,7,133,400,0.4927576937458704,3.8832962661956785,7.880742026928976,3.5581291108519575,0.6249927928157715,1.0,0.0,0.0,1.0,0.0,0.14272983899961977,0.0,1.3525,0.0,,,,
sample_resolving,compound,algorithm1,8,146,400,0.48858543186114084,3.8353740810968695,7.849955874629737,3.5188770574560784,0.5832250835642436,0.75,0.0,0.25,0.75,0.0,0.15705974046614635,0.25293189909180014,1.3375,1.0,,,,
sample_resolving,compound,algorithm1,9,159,400,0.4856669153512125,3.8309290269797893,7.887976112619147,3.5770436248478927,0.6860613561402737,0.75,0.0,0.25,0.75,0.0,0.14669445393346722,0.08519403124803869,1.42,1.0,,,,
sample_resolving,compound,algorithm1,10,172,400,0.4797939549456846,3.7368123817895778,7.7883690348133,3.401251566144847,0.7185373858060897,0.75,0.0,0.25,0.75,0.0,0.16656086991898886,0.056203771976346316,1.6975,1.0,,,,
sample_resolving,compound,algorithm1,11,185,400,0.4617435436042062,3.6404478077571087,7.8841336455753455,3.3572717417109983,0.633670014575658,0.5,0.0,0.5,0.5,0.0,0.19736413144925874,0.2110475737937581,2.1475,2.0,,,,
sample_resolving,compound,algorithm1,12,198,400,0.4833165987030317,3.8518384512726693,7.969596867992914,3.5476625565927726,0.6933004056840382,0.75,0.0,0.25,0.75,0.0,0.15857629563765932,0.022646595906278332,1.5275,1.0,,,,
sample_resolving,compound,algorithm1,13,211,400,0.5477419598515206,4.170776644929609,7.614491769190376,3.7952711577304625,0.713880432395666,1.0,0.0,0.0,1.0,0.0,0.03535255737446237,0.0,0.1425,0.0,,,,
sample_resolving,compound,algorithm1,14,224,400,0.5182410343831494,3.963031138014718,7.647080943198224,3.739012712426414,0.47123643255735415,0.75,0.0,0.25,0.75,0.0,0.11662694808021346,0.15171312386923907,1.1225,1.0,,,,
sample_resolving,compound,algorithm1,15,237,400,0.49035739438925635,3.712529404635777,7.571068463767654,3.414916325732424,0.6087651965098058,0.75,0.0,0.25,0.75,0.0,0.14298073967801844,0.030192743643039567,1.1775,1.0,,,,
sample_resolving,compound,algorithm1,16,250,400,0.47292347524453693,3.708763932373675,7.842207305221983,3.5109890582065995,0.46875311480040294,0.75,0.0,0.25,0.75,0.0,0.17710678618988815,0.05529469469122703,1.58,1.0,,,,
sample_resolving,compound,algorithm1,17,263,400,0.45474740610979586,3.657141893746949,8.042139096586634,3.4401240900934553,0.6339842139488336,0.5,0.0,0.5,0.5,0.0,0.20669835915885484,0.06284711675677865,2.1675,2.0,,,,
sample_resolving,compound,algorithm1,18,276,400,0.5073195060773654,4.021074842667079,7.92611913103509,3.7673014531315965,0.6019434016664467,0.75,0.0,0.25,0.75,0.0,0.12023329364958774,0.08135999135671926,1.125,1.0,,,,
sample_resolving,compound,algorithm1,19,289,400,0.47322449702606867,3.7589095311483827,7.943184587380553,3.521619729639796,0.5628147998905417,0.75,0.0,0.25,0.75,0.0,0.17652826946980607,0.07567576166911198,1.5525,1.0,,,,
sample_resolving,compound,algorithm1,20,302,400,0.4971585833956701,3.818914272753114,7.681481121515268,3.5178449931875417,0.5647803422647963,0.75,0.0,0.25,0.75,0.0,0.1270286341607337,0.1844946166825875,1.1875,1.0,,,,
sample_resolving,compound,algorithm1,21,315,400,0.4648594833919687,3.571692671443163,7.6833813206979755,3.1980870018692635,0.6591036942889974,0.5,0.0,0.5,0.5,0.0,0.20041385210342255,0.08416981286224097,2.14,2.0,,,,
sample_resolving,compound,algorithm1,22,328,400,0.48504266724712175,3.8917141801029698,8.02344709629473,3.7103657450702507,0.4587080597600939,0.75,0.0,0.25,0.75,0.0,0.16038478414340196,0.04994261545597942,1.4525,1.0,,,,
sample_resolving,compound,algorithm1,23,341,400,0.5234717434243266,4.087119028953239,7.807716615642074,3.8618225798915624,0.5537532917665366,1.0,0.0,0.0,1.0,0.0,0.08420766002653851,0.0,0.7725,0.0,,,,
sample_resolving,compound,algorithm1,24,354,400,0.4884365938262126,3.815194578364198,7.811033461841021,3.586399556118471,0.6496072667580921,0.75,0.0,0.25,0.75,0.0,0.15092191533300528,0.041792924817876415,1.385,1.0,,,,
sample_resolving,compound,no_trust,0,42,400,0.36972686514880926,2.9535487773013185,7.988461363532675,2.757060744949357,0.4219201436657065,0.0,0.0,1.0,0.5,0.0,0.3755859372850904,0.37319888981619365,4.0,4.0,,,,
sample_resolving,compound,no_trust,1,55,400,0.39389802611808966,3.155719340798508,8.011513466819027,3.0007792414835848,0.4273612469747645,0.0,0.0,1.0,0.25,0.0,0.3177626205556405,0.1790301247235679,4.0,4.0,,,,
sample_resolving,compound,no_trust,2,68,400,0.3643283729072955,2.82918728690953,7.76548711903211,2.512778319603927,0.6745005815770493,0.0,0.0,1.0,0.75,0.0,0.37995638243104396,0.3056346188936352,4.0,4.0,,,,
sample_resolving,compound,no_trust,3,81,400,0.3715051909997496,2.874525918687553,7.737512121841362,2.6692673669895317,0.3659476338135095,0.0,0.0,1.0,0.75,0.0,0.36958666540091156,0.3788487283919433,4.0,4.0,,,,
sample_resolving,compound,no_trust,4,94,400,0.3970665316346583,3.1214438819975348,7.8612616106098345,2.9170475576478214,0.5019389531686045,0.0,0.0,1.0,0.5,0.0,0.32422558359373044,0.23803205362234187,4.0,4.0,,,,
sample_resolving,compound,no_trust,5,107,400,0.3704350493687383,2.885080100194502,7.788356164220942,2.6553231220791558,0.4953658660018925,0.0,0.0,1.0,0.75,0.0,0.3704275925413076,0.6851107789163566,4.0,4.0,,,,
sample_resolving,compound,no_trust,6,120,400,0.33953636730681214,2.6357727561175883,7.762858444367607,2.3806298696192907,0.5133402598519226,0.0,0.0,1.0,1.0,0.0,0.4158935454860017,0.29684885576007836,4.0,4.0,,,,
sample_resolving,compound,no_trust,7,133,400,0.3698783725891675,2.914916035715547,7.880742026928976,2.6620490791836744,0.4428884128992503,0.0,0.0,1.0,1.0,0.0,0.3697637655461976,0.16611146327474705,4.0,4.0,,,,
sample_resolving,compound,no_trust,8,146,400,0.3871906985412602,3.039429898615957,7.849955874629737,2.799176842229743,0.44421832435332353,0.0,0.0,1.0,0.75,0.0,0.3391701287240649,0.40731047506711804,4.0,4.0,,,,
sample_resolving,compound,no_trust,9,159,400,0.37520828852613075,2.959634017150832,7.887976112619147,2.750176006642739,0.5477428315297299,0.0,0.0,1.0,0.75,0.0,0.34669156772925064,0.23190802000800909,4.0,4.0,,,,
sample_resolving,compound,no_trust,10,172,400,0.3892291476613462,3.0314602410924025,7.7883690348133,2.7363578804815116,0.6265201840651335,0.0,0.0,1.0,0.75,0.0,0.334383357194722,0.3935912504722044,4.0,4.0,,,,
sample_resolving,compound,no_trust,11,185,400,0.3794721365684528,2.991809039477701,7.8841336455753455,2.75785472189964,0.5134715322620051,0.0,0.0,1.0,0.5,0.0,0.3481908121998072,0.6519371769029971,4.0,4.0,,,,
sample_resolving,compound,no_trust,12,198,400,0.3703231211952615,2.9513259868231163,7.969596867992914,2.7043627458835298,0.5318778883794586,0.0,0.0,1.0,0.75,0.0,0.36487542463578515,0.39786711423315235,4.0,4.0,,,,
sample_resolving,compound,no_trust,13,211,400,0.3557347603952778,2.7087394050447533,7.614491769190376,2.4828337914116534,0.4241156592251065,0.0,0.0,1.0,1.0,0.0,0.39675041551676293,0.323645765601899,4.0,4.0,,,,
sample_resolving,compound,no_trust,14,224,400,0.3768436241943834,2.8817536971426225,7.647080943198224,2.7292318534306292,0.3683663613190631,0.0,0.0,1.0,0.75,0.0,0.37184305909493337,0.55645614783682,4.0,4.0,,,,
sample_resolving,compound,no_trust,15,237,400,0.3672726781965409,2.780646591497317,7.571068463767654,2.5522891087183286,0.5145162217685892,0.0,0.0,1.0,0.75,0.0,0.37853312929144295,0.27184512651327325,4.0,4.0,,,,
sample_resolving,compound,no_trust,16,250,400,0.3700897447712443,2.902320500032791,7.842207305221983,2.7327744917265298,0.4025922809158766,0.0,0.0,1.0,0.75,0.0,0.36681736168593093,0.2721234013457186,4.0,4.0,,,,
sample_resolving,compound,no_trust,17,263,400,0.3715563379156337,2.9881077517358725,8.042139096586634,2.815186614221599,0.5378314266668869,0.0,0.0,1.0,0.5,0.0,0.36317490257147145,0.5287062625885831,4.0,4.0,,,,
sample_resolving,compound,no_trust,18,276,400,0.366369983751271,2.903892137247964,7.92611913103509,2.71604552131495,0.4549035863553912,0.0,0.0,1.0,0.75,0.0,0.38273519105776943,0.2567595843468976,4.0,4.0,,,,
sample_resolving,compound,no_trust,19,289,400,0.38129993922874594,3.028735800450916,7.943184587380553,2.7974108543377394,0.44992491803761014,0.0,0.0,1.0,0.75,0.0,0.3472016261023662,0.2529526869504028,4.0,4.0,,,,
sample_resolving,compound,no_trust,20,302,400,0.3757676487465406,2.886452099922732,7.681481121515268,2.6174984680706985,0.4424180322813771,0.0,0.0,1.0,0.75,0.0,0.3509557175795328,0.3260932292704575,4.0,4.0,,,,
sample_resolving,compound,no_trust,21,315,400,0.38417387211163057,2.9517543528827153,7.6833813206979755,2.643062727870626,0.577964993749081,0.0,0.0,1.0,0.5,0.0,0.34965467969084835,0.5804855275136834,4.0,4.0,,,,
sample_resolving,compound,no_trust,22,328,400,0.37665167263923505,3.0220447691518233,8.02344709629473,2.883885920124734,0.3689632135001668,0.0,0.0,1.0,0.75,0.0,0.3618123291025522,0.7174210101733662,4.0,4.0,,,,
sample_resolving,compound,no_trust,23,341,400,0.36353016555220347,2.838340513869053,7.807716615642074,2.6693875483391305,0.41780176212652753,0.0,0.0,1.0,1.0,0.0,0.3816454856207194,0.4206413725569218,4.0,4.0,,,,
sample_resolving,compound,no_trust,24,354,400,0.3765553834573863,2.941286700422021,7.811033461841021,2.7584402650459445,0.5463213130069353,0.0,0.0,1.0,0.75,0.0,0.3614047195967258,0.1584983961445221,4.0,4.0,,,,
sample_resolving,compound,oracle,0,42,400,0.569925415227124,4.552827159637197,7.988461363532675,4.252727672183863,0.6121209456302772,1.0,0.0,0.0,0.5,0.0,0.0,0.0,0.0,0.0,,,,
sample_resolving,compound,oracle,1,55,400,0.5651951909193833,4.52806888343199,8.011513466819027,4.331477167376912,0.5210242183531681,1.0,0.0,0.0,0.25,0.0,0.0,0.0,0.0,0.0,,,,
sample_resolving,compound,oracle,2,68,400,0.566024124781799,4.395453050054484,7.76548711903211,3.9196536570400853,0.9874114005572925,1.0,0.0,0.0,0.75,0.0,0.0,0.0,0.0,0.0,,,,
sample_resolving,compound,oracle,3,81,400,0.5719846174575733,4.425737911084767,7.737512121841362,4.086672948889772,0.5661364172666525,1.0,0.0,0.0,0.75,0.0,0.0,0.0,0.0,0.0,,,,
sample_resolving,compound,oracle,4,94,400,0.5683503889172311,4.467951093770198,7.8612616106098345,4.1956434807001415,0.6091860394588613,1.0,0.0,0.0,0.5,0.0,0.0,0.0,0.0,0.0,,,,
sample_resolving,compound,oracle,5,107,400,0.5674273386901437,4.419326211034865,7.788356164220942,4.044583310478096,0.6986092725209385,1.0,0.0,0.0,0.75,0.0,0.0,0.0,0.0,0.0,,,,
sample_resolving,compound,oracle,6,120,400,0.5639431637049054,4.377810950510009,7.762858444367607,4.047459653606098,0.8078056054911524,1.0,0.0,0.0,1.0,0.0,0.0,0.0,0.0,0.0,,,,
sample_resolving,compound,oracle,7,133,400,0.5689477183922121,4.483730195458858,7.880742026928976,4.137578789793629,0.6729898278576671,1.0,0.0,0.0,1.0,0.0,0.0,0.0,0.0,0.0,,,,
sample_resolving,compound,oracle,8,146,400,0.568594925556862,4.463445076159747,7.849955874629737,4.126900903595491,0.6377012501851782,1.0,0.0,0.0,0.75,0.0,0.0,0.0,0.0,0.0,,,,
sample_resolving,compound,oracle,9,159,400,0.5626339221370776,4.43804293796649,7.887976112619147,4.164933264812031,0.7682927746564987,1.0,0.0,0.0,0.75,0.0,0.0,0.0,0.0,0.0,,,,
sample_resolving,compound,oracle,10,172,400,0.5668991539122328,4.415219816191893,7.7883690348133,4.076592265736455,0.7572787124283868,1.0,0.0,0.0,0.75,0.0,0.0,0.0,0.0,0.0,,,,
sample_resolving,compound,oracle,11,185,400,0.5651840155704728,4.455986313100545,7.8841336455753455,4.115942266206654,0.7404107524610017,1.0,0.0,0.0,0.5,0.0,0.0,0.0,0.0,0.0,,,,
sample_resolving,compound,oracle,12,198,400,0.5646678611175487,4.500175217418675,7.969596867992914,4.149399790142526,0.7759388641247273,1.0,0.0,0.0,0.75,0.0,0.0,0.0,0.0,0.0,,,,
sample_resolving,compound,oracle,13,211,400,0.5691893157235438,4.334087359688027,7.614491769190376,3.952024711023786,0.7302888036859385,1.0,0.0,0.0,1.0,0.0,0.0,0.0,0.0,0.0,,,,
sample_resolving,compound,oracle,14,224,400,0.5735971313535924,4.386343692247225,7.647080943198224,4.129178693258487,0.5574247946824977,1.0,0.0,0.0,0.75,0.0,0.0,0.0,0.0,0.0,,,,
sample_resolving,compound,oracle,15,237,400,0.5712639471248326,4.325078454564253,7.571068463767654,3.9788839922875336,0.6762457462846916,1.0,0.0,0.0,0.75,0.0,0.0,0.0,0.0,0.0,,,,
sample_resolving,compound,oracle,16,250,400,0.5669981194974161,4.446516794769763,7.842207305221983,4.209681252874784,0.548767553499836,1.0,0.0,0.0,0.75,0.0,0.0,0.0,0.0,0.0,,,,
sample_resolving,compound,oracle,17,263,400,0.5667260800361253,4.55768996531381,8.042139096586634,4.297929005160263,0.7640567917678363,1.0,0.0,0.0,0.5,0.0,0.0,0.0,0.0,0.0,,,,
sample_resolving,compound,oracle,18,276,400,0.5686032989376846,4.506817485679646,7.92611913103509,4.22410445955291,0.6611296379535272,1.0,0.0,0.0,0.75,0.0,0.0,0.0,0.0,0.0,,,,
sample_resolving,compound,oracle,19,289,400,0.5652687831613804,4.490034286134836,7.943184587380553,4.2032561396246715,0.6208565242858901,1.0,0.0,0.0,0.75,0.0,0.0,0.0,0.0,0.0,,,,
sample_resolving,compound,oracle,20,302,400,0.5644927648508202,4.336140516433533,7.681481121515268,3.9873087863190344,0.6578011326432502,1.0,0.0,0.0,0.75,0.0,0.0,0.0,0.0,0.0,,,,
sample_resolving,compound,oracle,21,315,400,0.5714616255224547,4.39075757903493,7.6833813206979755,3.9677769438924124,0.7443644269321212,1.0,0.0,0.0,0.5,0.0,0.0,0.0,0.0,0.0,,,,
sample_resolving,compound,oracle,22,328,400,0.5682312166688533,4.5591731054057325,8.02344709629473,4.339622891426653,0.5346235046386285,1.0,0.0,0.0,0.75,0.0,0.0,0.0,0.0,0.0,,,,
sample_resolving,compound,oracle,23,341,400,0.5707536228379554,4.456282544469814,7.807716615642074,4.226004137643126,0.5613592615106144,1.0,0.0,0.0,1.0,0.0,0.0,0.0,0.0,0.0,,,,
sample_resolving,compound,oracle,24,354,400,0.5680220990251634,4.436839622550726,7.811033461841021,4.192819798874849,0.7071511989479209,1.0,0.0,0.0,0.75,0.0,0.0,0.0,0.0,0.0,,,,
sample_resolving,compound,sparse_online,0,42,400,0.5665743373441373,4.526057203442769,7.988461363532675,4.22651971062186,0.6100809050075293,1.0,0.0,0.0,0.5,0.0,0.00396988052973387,0.0,0.0175,0.0,,,,
sample_resolving,compound,sparse_online,1,55,400,0.5614672807252664,4.498202680708731,8.011513466819027,4.302203525779366,0.5197772196967048,1.0,0.0,0.0,0.25,0.0,0.007645113986937856,0.0,0.0375,0.0,,,,
sample_resolving,compound,sparse_online,2,68,400,0.5639890322273807,4.37964956503711,7.76548711903211,3.9042228263426138,0.9864408791396082,1.0,0.0,0.0,0.75,0.0,0.0009341830392139376,0.0,0.005,0.0,,,,
sample_resolving,compound,sparse_online,3,81,400,0.5679225562678318,4.3943076633894815,7.737512121841362,4.054397629483765,0.5661496607996579,1.0,0.0,0.0,0.75,0.0,0.007331341715571717,0.0,0.0075,0.0,,,,
sample_resolving,compound,sparse_online,4,94,400,0.5675771466351726,4.461872433902551,7.8612616106098345,4.18986495385585,0.6082024190169966,1.0,0.0,0.0,0.5,0.0,0.0024999907249081492,0.0,0.005,0.0,,,,
sample_resolving,compound,sparse_online,5,107,400,0.5661789588284728,4.4096033840439315,7.788356164220942,4.0360109316921715,0.6972051342451504,1.0,0.0,0.0,0.75,0.0,0.0,0.0,0.0,0.0,,,,
sample_resolving,compound,sparse_online,6,120,400,0.5605925703558603,4.351800768636732,7.762858444367607,4.023097534081117,0.8035425861687937,1.0,0.0,0.0,1.0,0.0,0.004999996157111139,0.0,0.005,0.0,,,,
sample_resolving,compound,sparse_online,7,133,400,0.5695169436975059,4.488216113245079,7.880742026928976,4.141713938695269,0.6732755516257463,1.0,0.0,0.0,1.0,0.0,0.0015663296108258526,0.0,0.005,0.0,,,,
sample_resolving,compound,sparse_online,8,146,400,0.5694950434553914,4.470510961945167,7.849955874629737,4.133652942173061,0.637739892507966,1.0,0.0,0.0,0.75,0.0,0.004905962802741577,0.0,0.01,0.0,,,,
sample_resolving,compound,sparse_online,9,159,400,0.5602670631735107,4.419373210999935,7.887976112619147,4.14645960355084,0.7663233060188679,1.0,0.0,0.0,0.75,0.0,0.0025031887339163027,0.0,0.005,0.0,,,,
sample_resolving,compound,sparse_online,10,172,400,0.5676894343253737,4.421374811690419,7.7883690348133,4.082455272581238,0.757683609379824,1.0,0.0,0.0,0.75,0.0,0.002646046500726897,0.0,0.0125,0.0,,,,
sample_resolving,compound,sparse_online,11,185,400,0.5640880701797932,4.447345733172175,7.8841336455753455,4.107644759559411,0.7398453473104691,1.0,0.0,0.0,0.5,0.0,0.0018350106227535564,0.0,0.0075,0.0,,,,
sample_resolving,compound,sparse_online,12,198,400,0.5613705554788729,4.473897020727868,7.969596867992914,4.123862790510972,0.7729772972075573,1.0,0.0,0.0,0.75,0.0,0.0058754708200938225,0.0,0.02,0.0,,,,
sample_resolving,compound,sparse_online,13,211,400,0.5641508009730831,4.295721630591699,7.614491769190376,3.9152616097123123,0.726539783995213,1.0,0.0,0.0,1.0,0.0,0.004465515584493277,0.0,0.01,0.0,,,,
sample_resolving,compound,sparse_online,14,224,400,0.5720709774270006,4.374673069638798,7.647080943198224,4.117732700523107,0.5571184538242706,1.0,0.0,0.0,0.75,0.0,0.006411260502712466,0.0,0.015,0.0,,,,
sample_resolving,compound,sparse_online,15,237,400,0.5681322761666652,4.301368359333974,7.571068463767654,3.9561160147548855,0.6755283758087418,1.0,0.0,0.0,0.75,0.0,0.0006093651269995756,0.0,0.005,0.0,,,,
sample_resolving,compound,sparse_online,16,250,400,0.5662989824144369,4.441034016830272,7.842207305221983,4.204271957735819,0.5487414330194236,1.0,0.0,0.0,0.75,0.0,0.0010122404398766798,0.0,0.01,0.0,,,,
sample_resolving,compound,sparse_online,17,263,400,0.5624403064529127,4.523223178021137,8.042139096586634,4.264468530337867,0.7618196357257867,1.0,0.0,0.0,0.5,0.0,0.007223242347602135,0.0,0.015,0.0,,,,
sample_resolving,compound,sparse_online,18,276,400,0.5644605275394556,4.473981386044639,7.92611913103509,4.193861651492811,0.6570472576254067,1.0,0.0,0.0,0.75,0.0,0.006710113078448421,0.0,0.01,0.0,,,,
sample_resolving,compound,sparse_online,19,289,400,0.5624116529481018,4.467339573460583,7.943184587380553,4.182343954987086,0.6180222893501872,1.0,0.0,0.0,0.75,0.0,0.005844817245979128,0.0,0.0125,0.0,,,,
sample_resolving,compound,sparse_online,20,302,400,0.5616337584632721,4.31417911284129,7.681481121515268,3.9660104013333037,0.6564927807159742,1.0,0.0,0.0,0.75,0.0,0.002499816863069142,0.0,0.005,0.0,,,,
sample_resolving,compound,sparse_online,21,315,400,0.5683049715148688,4.366503802597138,7.6833813206979755,3.9448160155333984,0.7434811353640307,1.0,0.0,0.0,0.5,0.0,0.002418349672981439,0.0,0.0125,0.0,,,,
sample_resolving,compound,sparse_online,22,328,400,0.5668508963956085,4.548098178717409,8.02344709629473,4.329027885551249,0.5330170445306202,1.0,0.0,0.0,0.75,0.0,0.0026128934437593004,0.0,0.01,0.0,,,,
sample_resolving,compound,sparse_online,23,341,400,0.5667263170867829,4.424838482440114,7.807716615642074,4.195759792100373,0.5596687555314404,1.0,0.0,0.0,1.0,0.0,0.004729594186197672,0.0,0.0125,0.0,,,,
sample_resolving,compound,sparse_online,24,354,400,0.5630218004594647,4.397782123134857,7.811033461841021,4.153533528689195,0.7026372006877679,1.0,0.0,0.0,0.75,0.0,0.005040945263660989,0.0,0.0125,0.0,,,,
sample_resolving,reputation_poison,algorithm1,0,42,400,0.4124370310420871,3.2947372873698395,7.988461363532675,3.067672440989227,0.49665686537094356,0.0,0.0,1.0,0.0,0.0,0.3000445861911306,0.33654374958671607,3.995,4.0,,,,
sample_resolving,reputation_poison,algorithm1,1,55,400,0.4052702085535916,3.2468277335276547,8.011513466819027,3.0747978826909197,0.4273139633289835,0.0,0.0,1.0,0.0,0.0,0.30008088473712236,0.20316740875994527,3.99,4.0,,,,
sample_resolving,reputation_poison,algorithm1,2,68,400,0.41352273069806755,3.2112054386628275,7.76548711903211,2.858169229994119,0.7502786693183117,0.0,0.0,1.0,0.0,0.0,0.2888201686879794,0.2138426539127044,3.9875,4.0,,,,
sample_resolving,reputation_poison,algorithm1,3,81,400,0.4211857148084423,3.258929573876741,7.737512121841362,3.000783546848982,0.41420557064718055,0.0,0.0,1.0,0.0,0.0,0.28144483780317114,0.3904279915033796,3.995,4.0,,,,
sample_resolving,reputation_poison,algorithm1,4,94,400,0.4155621177961108,3.266842523454288,7.8612616106098345,3.050053553122877,0.4938925156575693,0.0,0.0,1.0,0.0,0.0,0.28878424831115623,0.376267452454402,3.9925,4.0,,,,
sample_resolving,reputation_poison,algorithm1,5,107,400,0.412933222226931,3.2160710067427343,7.788356164220942,2.935693251648899,0.5428909164085476,0.0,0.0,1.0,0.0,0.0,0.2883406567974045,0.3371716414258283,3.9875,4.0,,,,
sample_resolving,reputation_poison,algorithm1,6,120,400,0.40977053498389493,3.1809906577527607,7.762858444367607,2.9502249572376185,0.5559388779438805,0.0,0.0,1.0,0.0,0.0,0.29467123322779654,0.19890185064766747,3.9875,4.0,,,,
sample_resolving,reputation_poison,algorithm1,7,133,400,0.4117498648590305,3.244894464576888,7.880742026928976,2.984425137047344,0.4730085151837149,0.0,0.0,1.0,0.0,0.0,0.2972210524548436,0.2014524499176893,3.99,4.0,,,,
sample_resolving,reputation_poison,algorithm1,8,146,400,0.41504829954117617,3.2581108372383385,7.849955874629737,3.00947835892097,0.49766148379852027,0.0,0.0,1.0,0.0,0.0,0.2903957811172053,0.4524284798730671,3.9975,4.0,,,,
sample_resolving,reputation_poison,algorithm1,9,159,400,0.405365599946163,3.1975141692528632,7.887976112619147,2.954046984573987,0.7002857658353436,0.0,0.0,1.0,0.0,0.0,0.3028087173177802,0.24262249564326255,3.9825,4.0,,,,
sample_resolving,reputation_poison,algorithm1,10,172,400,0.4119640443937362,3.2085280068126267,7.7883690348133,2.9296591720669065,0.5977774593850884,0.0,0.0,1.0,0.0,0.0,0.292220859325552,0.46375278501047573,3.995,4.0,,,,
sample_resolving,reputation_poison,algorithm1,11,185,400,0.41549717613902987,3.275835266039271,7.8841336455753455,3.031032802325044,0.5383842831718724,0.0,0.0,1.0,0.0,0.0,0.2851122201682169,0.4744380221096579,3.9925,4.0,,,,
sample_resolving,reputation_poison,algorithm1,12,198,400,0.4124888658915322,3.287369973691104,7.969596867992914,3.0723003689134463,0.5503832214259341,0.0,0.0,1.0,0.0,0.0,0.29332043588040063,0.21567793073365005,3.995,4.0,,,,
sample_resolving,reputation_poison,algorithm1,13,211,400,0.4125523651019549,3.1413765884288587,7.614491769190376,2.858346451147,0.5249741118388056,0.0,0.0,1.0,0.0,0.0,0.29189739239795587,0.2858834284432561,3.9925,4.0,,,,
sample_resolving,reputation_poison,algorithm1,14,224,400,0.424355817011814,3.2450832814063557,7.647080943198224,3.09611648353002,0.36844653764398183,0.0,0.0,1.0,0.0,0.0,0.284183311515379,0.4350248730511923,3.9925,4.0,,,,
sample_resolving,reputation_poison,algorithm1,15,237,400,0.4137396794514443,3.132451439304168,7.571068463767654,2.8648131219925124,0.525280571954299,0.0,0.0,1.0,0.0,0.0,0.2928450729736969,0.19533794012991965,3.99,4.0,,,,
sample_resolving,reputation_poison,algorithm1,16,250,400,0.40690641739367495,3.191044479026383,7.842207305221983,3.034673946403343,0.3883844729224051,0.0,0.0,1.0,0.0,0.0,0.3020523805084374,0.24421904653628249,3.9925,4.0,,,,
sample_resolving,reputation_poison,algorithm1,17,263,400,0.4084746349997771,3.2850098320956627,8.042139096586634,3.108518608148475,0.5533632552096033,0.0,0.0,1.0,0.0,0.0,0.3014441467132386,0.38045782359040803,4.0,4.0,,,,
sample_resolving,reputation_poison,algorithm1,18,276,400,0.4200143739869014,3.3290839649673063,7.92611913103509,3.0867084992332594,0.5408037803347097,0.0,0.0,1.0,0.0,0.0,0.28832215103972786,0.2259065489857138,3.99,4.0,,,,
sample_resolving,reputation_poison,algorithm1,19,289,400,0.40766452288464394,3.2381545549991504,7.943184587380553,3.0249352904046503,0.4880370577589934,0.0,0.0,1.0,0.0,0.0,0.298426538381181,0.28992059518273844,3.99,4.0,,,,
sample_resolving,reputation_poison,algorithm1,20,302,400,0.4126937947723654,3.1700995935104213,7.681481121515268,2.9234617656972794,0.447955953651356,0.0,0.0,1.0,0.0,0.0,0.2858532247994609,0.3824228527615795,3.995,4.0,,,,
sample_resolving,reputation_poison,algorithm1,21,315,400,0.42071299186159156,3.232498343044312,7.6833813206979755,2.8761063632349955,0.6100496611185426,0.0,0.0,1.0,0.0,0.0,0.2831071745749997,0.33749838347263644,3.995,4.0,,,,
sample_resolving,reputation_poison,algorithm1,22,328,400,0.4093278295978258,3.2842201858192994,8.02344709629473,3.1237264317572184,0.37370930105747524,0.0,0.0,1.0,0.0,0.0,0.3032686055667447,0.707020765316048,4.0,4.0,,,,
sample_resolving,reputation_poison,algorithm1,23,341,400,0.41677742646674026,3.2540800376489107,7.807716615642074,3.076634401497812,0.44654059212952246,0.0,0.0,1.0,0.0,0.0,0.28653060326474145,0.2543519896283731,3.9975,4.0,,,,
sample_resolving,reputation_poison,algorithm1,24,354,400,0.4160908736960591,3.2500997376065834,7.811033461841021,3.076444625502141,0.5297561233379628,0.0,0.0,1.0,0.0,0.0,0.2889546666906166,0.17723427021346794,4.0,4.0,,,,
sample_resolving,reputation_poison,no_trust,0,42,400,0.41204624492128544,3.2916155075424105,7.988461363532675,3.063895724298449,0.49713835647161186,0.0,0.0,1.0,0.0,0.0,0.2988605541934809,0.33653966219773895,4.0,4.0,,,,
sample_resolving,reputation_poison,no_trust,1,55,400,0.4067486455887687,3.2586722517448203,8.011513466819027,3.0865543765648074,0.42753101489758505,0.0,0.0,1.0,0.0,0.0,0.30023313387001166,0.20317667124833613,4.0,4.0,,,,
sample_resolving,reputation_poison,no_trust,2,68,400,0.4152523000155709,3.224636386919373,7.76548711903211,2.871212891386994,0.7512345062508858,0.0,0.0,1.0,0.0,0.0,0.2877999819602377,0.2137869745220253,4.0,4.0,,,,
sample_resolving,reputation_poison,no_trust,3,81,400,0.42285862641647376,3.2718737477226534,7.737512121841362,3.0139998308215388,0.4141843992793284,0.0,0.0,1.0,0.0,0.0,0.2814087215029771,0.390331266680525,4.0,4.0,,,,
sample_resolving,reputation_poison,no_trust,4,94,400,0.41719061767855903,3.2796445870630606,7.8612616106098345,3.062593439137175,0.4949999569468564,0.0,0.0,1.0,0.0,0.0,0.28675211290551555,0.37631676131937386,4.0,4.0,,,,
sample_resolving,reputation_poison,no_trust,5,107,400,0.414738788578911,3.2301334005700877,7.788356164220942,2.9480147220060298,0.5450290097905457,0.0,0.0,1.0,0.0,0.0,0.28729849441838284,0.3371716143062729,4.0,4.0,,,,
sample_resolving,reputation_poison,no_trust,6,120,400,0.4086055894198654,3.171947350243806,7.762858444367607,2.941402180970923,0.5553249202789798,0.0,0.0,1.0,0.0,0.0,0.29304482919821173,0.19890185524535597,4.0,4.0,,,,
sample_resolving,reputation_poison,no_trust,7,133,400,0.41010765416827316,3.2319526257691646,7.880742026928976,2.972496580523689,0.47204771129443834,0.0,0.0,1.0,0.0,0.0,0.3005167704715545,0.20140857779093643,4.0,4.0,,,,
sample_resolving,reputation_poison,no_trust,8,146,400,0.4150233759954252,3.2579151885039543,7.849955874629737,3.009307788199721,0.49755064910116786,0.0,0.0,1.0,0.0,0.0,0.29180691244305995,0.4524279631289661,4.0,4.0,,,,
sample_resolving,reputation_poison,no_trust,9,159,400,0.40617736892454476,3.2039173835633035,7.887976112619147,2.9603817712046903,0.7011267201061089,0.0,0.0,1.0,0.0,0.0,0.30230720289305885,0.24263650492127609,4.0,4.0,,,,
sample_resolving,reputation_poison,no_trust,10,172,400,0.4119360884963866,3.2083102759673685,7.7883690348133,2.929462867661673,0.5977519902287796,0.0,0.0,1.0,0.0,0.0,0.29269539656988314,0.46375325651179033,4.0,4.0,,,,
sample_resolving,reputation_poison,no_trust,11,185,400,0.41696472824605735,3.2874056429829213,7.8841336455753455,3.0421149463186903,0.5392539205019071,0.0,0.0,1.0,0.0,0.0,0.2860662519665146,0.47440256073556114,4.0,4.0,,,,
sample_resolving,reputation_poison,no_trust,12,198,400,0.4119898596636836,3.283393095220533,7.969596867992914,3.0681913333067223,0.5502261164057756,0.0,0.0,1.0,0.0,0.0,0.29343024874434803,0.21567228424924495,4.0,4.0,,,,
sample_resolving,reputation_poison,no_trust,13,211,400,0.4134446978170121,3.148171248543041,7.614491769190376,2.864745656631084,0.5257204393266792,0.0,0.0,1.0,0.0,0.0,0.2932836522471421,0.28593357466376573,4.0,4.0,,,,
sample_resolving,reputation_poison,no_trust,14,224,400,0.4247178692480571,3.2478519241625725,7.647080943198224,3.0988437996926157,0.3684978076404004,0.0,0.0,1.0,0.0,0.0,0.28441914016528763,0.4350242172584823,4.0,4.0,,,,
sample_resolving,reputation_poison,no_trust,15,237,400,0.4140622939750222,3.134893975949582,7.571068463767654,2.867095104895174,0.525302116698239,0.0,0.0,1.0,0.0,0.0,0.2909776620153547,0.1953421712056599,4.0,4.0,,,,
sample_resolving,reputation_poison,no_trust,16,250,400,0.4072140436980185,3.1934569482775843,7.842207305221983,3.037064075052201,0.3883600711718951,0.0,0.0,1.0,0.0,0.0,0.3008848665162585,0.24421978287697219,4.0,4.0,,,,
sample_resolving,reputation_poison,no_trust,17,263,400,0.4085238797475283,3.285405865206854,8.042139096586634,3.1089054913047396,0.5533874396889145,0.0,0.0,1.0,0.0,0.0,0.3018964364274586,0.38045775429908035,4.0,4.0,,,,
sample_resolving,reputation_poison,no_trust,18,276,400,0.41896904484454245,3.3207985616538265,7.92611913103509,3.0792001947268837,0.5397233220391522,0.0,0.0,1.0,0.0,0.0,0.28719852817425356,0.22590393583508994,4.0,4.0,,,,
sample_resolving,reputation_poison,no_trust,19,289,400,0.40712196561670894,3.2338449224707175,7.943184587380553,3.0209561748988865,0.4874875687970772,0.0,0.0,1.0,0.0,0.0,0.29934551539003346,0.28990160156396205,4.0,4.0,,,,
sample_resolving,reputation_poison,no_trust,20,302,400,0.41286091294464616,3.171383308595858,7.681481121515268,2.9248030689009674,0.4480019376473581,0.0,0.0,1.0,0.0,0.0,0.2852967705001629,0.38240741852065274,4.0,4.0,,,,
sample_resolving,reputation_poison,no_trust,21,315,400,0.4207178698556511,3.2325358225327516,7.6833813206979755,2.876188246709135,0.6099838095698606,0.0,0.0,1.0,0.0,0.0,0.28441592109544644,0.33750230536415904,4.0,4.0,,,,
sample_resolving,reputation_poison,no_trust,22,328,400,0.40889087402931745,3.2807142959319413,8.02344709629473,3.1204085844343736,0.37318430655189294,0.0,0.0,1.0,0.0,0.0,0.30277460170079395,0.707023846064659,4.0,4.0,,,,
sample_resolving,reputation_poison,no_trust,23,341,400,0.4173686016946108,3.258695766298312,7.807716615642074,3.0811355586693785,0.44676707185304654,0.0,0.0,1.0,0.0,0.0,0.28753585512162333,0.2543505957557246,4.0,4.0,,,,
sample_resolving,reputation_poison,no_trust,24,354,400,0.4160652572572175,3.2498996467456185,7.811033461841021,3.07624133515689,0.5297382640954571,0.0,0.0,1.0,0.0,0.0,0.28894025500639225,0.17723456670714982,4.0,4.0,,,,
sample_resolving,reputation_poison,oracle,0,42,400,0.5701313906702596,4.554472586506523,7.988461363532675,4.236986434273687,0.6895005679398238,1.0,0.0,0.0,0.0,0.0,0.0,0.0,0.0,0.0,,,,
sample_resolving,reputation_poison,oracle,1,55,400,0.5655091293275359,4.530584005216657,8.011513466819027,4.337012154896479,0.5191196302779506,1.0,0.0,0.0,0.0,0.0,0.0,0.0,0.0,0.0,,,,
sample_resolving,reputation_poison,oracle,2,68,400,0.5669457281241131,4.402609748938081,7.76548711903211,3.939179492842705,0.9846076234739658,1.0,0.0,0.0,0.0,0.0,0.0,0.0,0.0,0.0,,,,
sample_resolving,reputation_poison,oracle,3,81,400,0.5725470241720683,4.430089539855577,7.737512121841362,4.088277880582324,0.5779913422587217,1.0,0.0,0.0,0.0,0.0,0.0,0.0,0.0,0.0,,,,
sample_resolving,reputation_poison,oracle,4,94,400,0.5677778154704577,4.463449944113823,7.8612616106098345,4.193975783833906,0.6155079162386379,1.0,0.0,0.0,0.0,0.0,0.0,0.0,0.0,0.0,,,,
sample_resolving,reputation_poison,oracle,5,107,400,0.566053805167174,4.408628642754479,7.788356164220942,4.039609249400234,0.6821621796232247,1.0,0.0,0.0,0.0,0.0,0.0,0.0,0.0,0.0,,,,
sample_resolving,reputation_poison,oracle,6,120,400,0.5641599270060524,4.379493653332747,7.762858444367607,4.072937187909269,0.7699917427338647,1.0,0.0,0.0,0.0,0.0,0.0,0.0,0.0,0.0,,,,
sample_resolving,reputation_poison,oracle,7,133,400,0.570188043596254,4.49350487842141,7.880742026928976,4.140087218531655,0.6749077022267569,1.0,0.0,0.0,0.0,0.0,0.0,0.0,0.0,0.0,,,,
sample_resolving,reputation_poison,oracle,8,146,400,0.5690419757392327,4.466954400365101,7.849955874629737,4.129991315189836,0.6405068616531349,1.0,0.0,0.0,0.0,0.0,0.0,0.0,0.0,0.0,,,,
sample_resolving,reputation_poison,oracle,9,159,400,0.5658459060423702,4.4633789902855545,7.887976112619147,4.159456055606995,0.9092942750682376,1.0,0.0,0.0,0.0,0.0,0.0,0.0,0.0,0.0,,,,
sample_resolving,reputation_poison,oracle,10,172,400,0.5669908046247296,4.415933625763122,7.7883690348133,4.067361989571905,0.7447099510394306,1.0,0.0,0.0,0.0,0.0,0.0,0.0,0.0,0.0,,,,
sample_resolving,reputation_poison,oracle,11,185,400,0.5665929228764665,4.467094326595226,7.8841336455753455,4.134127684119065,0.7303786031836168,1.0,0.0,0.0,0.0,0.0,0.0,0.0,0.0,0.0,,,,
sample_resolving,reputation_poison,oracle,12,198,400,0.5654956182121332,4.506772107767134,7.969596867992914,4.233611961980486,0.7058178509129069,1.0,0.0,0.0,0.0,0.0,0.0,0.0,0.0,0.0,,,,
sample_resolving,reputation_poison,oracle,13,211,400,0.569799459172329,4.338733291956827,7.614491769190376,3.959817364187955,0.7146797247351819,1.0,0.0,0.0,0.0,0.0,0.0,0.0,0.0,0.0,,,,
sample_resolving,reputation_poison,oracle,14,224,400,0.5738558449233016,4.388322095855894,7.647080943198224,4.160393950882205,0.5092243588815224,1.0,0.0,0.0,0.0,0.0,0.0,0.0,0.0,0.0,,,,
sample_resolving,reputation_poison,oracle,15,237,400,0.5678458274986982,4.299199636857441,7.571068463767654,3.939939891255982,0.682029611111123,1.0,0.0,0.0,0.0,0.0,0.0,0.0,0.0,0.0,,,,
sample_resolving,reputation_poison,oracle,16,250,400,0.5672526662968359,4.448513003539694,7.842207305221983,4.2183873011507185,0.5342246733607325,1.0,0.0,0.0,0.0,0.0,0.0,0.0,0.0,0.0,,,,
sample_resolving,reputation_poison,oracle,17,263,400,0.5690760608574602,4.576588837953295,8.042139096586634,4.3197203374414155,0.7871592065213635,1.0,0.0,0.0,0.0,0.0,0.0,0.0,0.0,0.0,,,,
sample_resolving,reputation_poison,oracle,18,276,400,0.5716499243700028,4.530965401803842,7.92611913103509,4.234575482676596,0.6839286932183652,1.0,0.0,0.0,0.0,0.0,0.0,0.0,0.0,0.0,,,,
sample_resolving,reputation_poison,oracle,19,289,400,0.5662339954378655,4.497701145412963,7.943184587380553,4.186342484119317,0.6685265114894463,1.0,0.0,0.0,0.0,0.0,0.0,0.0,0.0,0.0,,,,
sample_resolving,reputation_poison,oracle,20,302,400,0.5638371329129125,4.331104292079832,7.681481121515268,3.9903025218397494,0.648879123066505,1.0,0.0,0.0,0.0,0.0,0.0,0.0,0.0,0.0,,,,
sample_resolving,reputation_poison,oracle,21,315,400,0.5720103177474885,4.394973390627566,7.6833813206979755,3.949237279680274,0.7458039149616078,1.0,0.0,0.0,0.0,0.0,0.0,0.0,0.0,0.0,,,,
sample_resolving,reputation_poison,oracle,22,328,400,0.5676647024058874,4.554627708187529,8.02344709629473,4.330951809240908,0.5423493571603997,1.0,0.0,0.0,0.0,0.0,0.0,0.0,0.0,0.0,,,,
sample_resolving,reputation_poison,oracle,23,341,400,0.5702751391398639,4.452546679349911,7.807716615642074,4.223237819633658,0.5508345532295245,1.0,0.0,0.0,0.0,0.0,0.0,0.0,0.0,0.0,,,,
sample_resolving,reputation_poison,oracle,24,354,400,0.5686509991867147,4.4417519827567595,7.811033461841021,4.188957051130806,0.7102744889278121,1.0,0.0,0.0,0.0,0.0,0.0,0.0,0.0,0.0,,,,
sample_resolving,reputation_poison,sparse_online,0,42,400,0.5702738129304309,4.555610321229207,7.988461363532675,4.23858829604896,0.6891223325426417,1.0,0.0,0.0,0.0,0.0,0.0012110387601713775,0.0,0.025,0.0,,,,
sample_resolving,reputation_poison,sparse_online,1,55,400,0.5633826038954536,4.513547318079996,8.011513466819027,4.320885775014433,0.5179021483353692,1.0,0.0,0.0,0.0,0.0,0.0023717437041177064,0.0,0.02,0.0,,,,
sample_resolving,reputation_poison,sparse_online,2,68,400,0.5656966526331023,4.392910069301938,7.76548711903211,3.929663304040799,0.9840221775511586,1.0,0.0,0.0,0.0,0.0,0.0022460316909755766,0.0,0.0225,0.0,,,,
sample_resolving,reputation_poison,sparse_online,3,81,400,0.5699793698479102,4.410222283397706,7.737512121841362,4.067955046642927,0.577978479854174,1.0,0.0,0.0,0.0,0.0,0.0018870703339103415,0.0,0.0275,0.0,,,,
sample_resolving,reputation_poison,sparse_online,4,94,400,0.5648250507977249,4.440237488546905,7.8612616106098345,4.171123319410175,0.6138397663126272,1.0,0.0,0.0,0.0,0.0,0.003371808518434186,0.0,0.0225,0.0,,,,
sample_resolving,reputation_poison,sparse_online,5,107,400,0.5635935055791883,4.389466953292561,7.788356164220942,4.02275108140621,0.6794107655611059,1.0,0.0,0.0,0.0,0.0,0.0015079716972108174,0.0,0.0175,0.0,,,,
sample_resolving,reputation_poison,sparse_online,6,120,400,0.5643938818242643,4.3813098114689035,7.762858444367607,4.074993069962451,0.7697552557469614,1.0,0.0,0.0,0.0,0.0,0.0030118482407293316,0.0,0.02,0.0,,,,
sample_resolving,reputation_poison,sparse_online,7,133,400,0.5680290641843251,4.476490518634548,7.880742026928976,4.12455247377377,0.6736600480902215,1.0,0.0,0.0,0.0,0.0,0.0025291663446420647,0.0,0.02,0.0,,,,
sample_resolving,reputation_poison,sparse_online,8,146,400,0.5672104548417666,4.4525770421365305,7.849955874629737,4.116274799380265,0.6400889429174628,1.0,0.0,0.0,0.0,0.0,0.001678373238005958,0.0,0.0275,0.0,,,,
sample_resolving,reputation_poison,sparse_online,9,159,400,0.5634671729516173,4.444615600487399,7.887976112619147,4.140905131807562,0.907070098770995,1.0,0.0,0.0,0.0,0.0,0.0027282011263470634,0.0,0.0125,0.0,,,,
sample_resolving,reputation_poison,sparse_online,10,172,400,0.5654263965465389,4.40374943832913,7.7883690348133,4.055757574549363,0.7439076471844093,1.0,0.0,0.0,0.0,0.0,0.0023563537201830805,0.0,0.025,0.0,,,,
sample_resolving,reputation_poison,sparse_online,11,185,400,0.5636575620938055,4.443951549886746,7.8841336455753455,4.111845369946152,0.7289469270663451,1.0,0.0,0.0,0.0,0.0,0.0020374091807468207,0.0,0.0225,0.0,,,,
sample_resolving,reputation_poison,sparse_online,12,198,400,0.5644776730676664,4.498659495332002,7.969596867992914,4.225545400699261,0.7050417925663117,1.0,0.0,0.0,0.0,0.0,0.003274155074309885,0.0,0.025,0.0,,,,
sample_resolving,reputation_poison,sparse_online,13,211,400,0.5663968168243355,4.312823899804532,7.614491769190376,3.935097977868499,0.7120916840426572,1.0,0.0,0.0,0.0,0.0,0.0018993211545408485,0.0,0.025,0.0,,,,
sample_resolving,reputation_poison,sparse_online,14,224,400,0.5716424498985493,4.371396084942342,7.647080943198224,4.143752857312895,0.5087013064586747,1.0,0.0,0.0,0.0,0.0,0.003575116127479092,0.0,0.0225,0.0,,,,
sample_resolving,reputation_poison,sparse_online,15,237,400,0.5670525331360194,4.29319355092568,7.571068463767654,3.9343078606087944,0.681393224248958,1.0,0.0,0.0,0.0,0.0,0.0033867294450862216,0.0,0.0225,0.0,,,,
sample_resolving,reputation_poison,sparse_online,16,250,400,0.5663602986204553,4.441514871229039,7.842207305221983,4.2114498860757275,0.5342483394035478,1.0,0.0,0.0,0.0,0.0,0.003279511198378279,0.0,0.0225,0.0,,,,
sample_resolving,reputation_poison,sparse_online,17,263,400,0.5662038293237026,4.553489952441215,8.042139096586634,4.297242443649659,0.785651884873336,1.0,0.0,0.0,0.0,0.0,0.0022600964149222104,0.0,0.03,0.0,,,,
sample_resolving,reputation_poison,sparse_online,18,276,400,0.5695106536424941,4.514009287164072,7.92611913103509,4.218990068631082,0.6818754992809053,1.0,0.0,0.0,0.0,0.0,0.0029441223104134245,0.0,0.02,0.0,,,,
sample_resolving,reputation_poison,sparse_online,19,289,400,0.5649207029051665,4.487269420408507,7.943184587380553,4.176754366680604,0.6671862051495339,1.0,0.0,0.0,0.0,0.0,0.004359635487756949,0.0,0.025,0.0,,,,
sample_resolving,reputation_poison,sparse_online,20,302,400,0.5624956197120456,4.32079948375311,7.681481121515268,3.980257489085609,0.6482873381807335,1.0,0.0,0.0,0.0,0.0,0.001158604153981445,0.0,0.025,0.0,,,,
sample_resolving,reputation_poison,sparse_online,21,315,400,0.5701607240185618,4.380762256719851,7.6833813206979755,3.9357956719334033,0.7453144949431914,1.0,0.0,0.0,0.0,0.0,0.0027925445052647845,0.0,0.025,0.0,,,,
sample_resolving,reputation_poison,sparse_online,22,328,400,0.567353816063867,4.552133328069368,8.02344709629473,4.328536089980173,0.5420047408023674,1.0,0.0,0.0,0.0,0.0,0.001682808567583947,0.0,0.03,0.0,,,,
sample_resolving,reputation_poison,sparse_online,23,341,400,0.5680201231850193,4.434940153810733,7.807716615642074,4.206191967962162,0.5499957569690794,1.0,0.0,0.0,0.0,0.0,0.0031459678386286574,0.0,0.0275,0.0,,,,
sample_resolving,reputation_poison,sparse_online,24,354,400,0.5674373968766048,4.432272494503123,7.811033461841021,4.179397474989017,0.7093601828845033,1.0,0.0,0.0,0.0,0.0,0.00201745479228192,0.0,0.03,0.0,,,,
sample_resolving,trust_mimicry,algorithm1,0,42,400,0.4121418373549496,3.2923791440053827,7.988461363532675,3.065810005899471,0.49626317804829734,0.0,0.0,1.0,0.0,0.0,0.2995708837170256,0.321292903714261,3.9825,4.0,,,,
sample_resolving,trust_mimicry,algorithm1,1,55,400,0.4051746987094025,3.2460625551247198,8.011513466819027,3.0742209849291675,0.42739590934987737,0.0,0.0,1.0,0.0,0.0,0.30088587568665265,0.20279100061991195,3.985,4.0,,,,
sample_resolving,trust_mimicry,algorithm1,2,68,400,0.4135589403333854,3.2114866241194733,7.76548711903211,2.856987475845055,0.7518770193786386,0.0,0.0,1.0,0.0,0.0,0.2878806365809286,0.21391464906649493,3.9725,4.0,,,,
sample_resolving,trust_mimicry,algorithm1,3,81,400,0.42064469964026796,3.254743462454892,7.737512121841362,2.99828192305291,0.4108399381022898,0.0,0.0,1.0,0.0,0.0,0.2822062171567161,0.3918820121244583,3.9775,4.0,,,,
sample_resolving,trust_mimicry,algorithm1,4,94,400,0.4148917973291858,3.261572958900844,7.8612616106098345,3.0451020809155187,0.4935346990965632,0.0,0.0,1.0,0.0,0.0,0.28977344166849284,0.37764816366028825,3.9775,4.0,,,,
sample_resolving,trust_mimicry,algorithm1,5,107,400,0.4136844058020181,3.2219214919702255,7.788356164220942,2.940893460562358,0.5434949552405768,0.0,0.0,1.0,0.0,0.0,0.28758129878859734,0.33723247634349607,3.975,4.0,,,,
sample_resolving,trust_mimicry,algorithm1,6,120,400,0.40686442216448937,3.1584309153123535,7.762858444367607,2.9289371104165514,0.5544836002026998,0.0,0.0,1.0,0.0,0.0,0.2960930146033113,0.19875985792970152,3.965,4.0,,,,
sample_resolving,trust_mimicry,algorithm1,7,133,400,0.4113800519835392,3.2419800647069046,7.880742026928976,2.9841828020136094,0.47124494531712324,0.0,0.0,1.0,0.0,0.0,0.2978014713819781,0.2024452255034705,3.9875,4.0,,,,
sample_resolving,trust_mimicry,algorithm1,8,146,400,0.41630514299915783,3.2679770029248116,7.849955874629737,3.017558901182277,0.496573739333106,0.0,0.0,1.0,0.0,0.0,0.28822694264024046,0.4534392415992439,3.9825,4.0,,,,
sample_resolving,trust_mimicry,algorithm1,9,159,400,0.40673186709418946,3.208291251879952,7.887976112619147,2.963776832227493,0.7033520739618253,0.0,0.0,1.0,0.0,0.0,0.3021720526623452,0.24257057717919317,3.97,4.0,,,,
sample_resolving,trust_mimicry,algorithm1,10,172,400,0.4128437152325146,3.215379207934197,7.7883690348133,2.9355024251666335,0.5990208800458694,0.0,0.0,1.0,0.0,0.0,0.2936588657230476,0.4637361547500241,3.98,4.0,,,,
sample_resolving,trust_mimicry,algorithm1,11,185,400,0.4162322423949686,3.2816306266394446,7.8841336455753455,3.0363209561703135,0.5403222314720844,0.0,0.0,1.0,0.0,0.0,0.2842424839988555,0.47400534954161505,3.99,4.0,,,,
sample_resolving,trust_mimicry,algorithm1,12,198,400,0.4125884978283875,3.2881640000630186,7.969596867992914,3.0724027696492096,0.5484497948236098,0.0,0.0,1.0,0.0,0.0,0.2930401286571209,0.2167764506953623,3.995,4.0,,,,
sample_resolving,trust_mimicry,algorithm1,13,211,400,0.41256539706385037,3.1414758201954482,7.614491769190376,2.8562918173712415,0.5339370066020996,0.0,0.0,1.0,0.0,0.0,0.2919378243200271,0.28683622771760164,3.985,4.0,,,,
sample_resolving,trust_mimicry,algorithm1,14,224,400,0.42219407509611573,3.2285522659987067,7.647080943198224,3.078905124524236,0.36850231065082184,0.0,0.0,1.0,0.0,0.0,0.2877626216659012,0.43459842805190785,3.9875,4.0,,,,
sample_resolving,trust_mimicry,algorithm1,15,237,400,0.41378672319458115,3.132807610704249,7.571068463767654,2.864303338607627,0.526903026949098,0.0,0.0,1.0,0.0,0.0,0.28982012687372716,0.19495397117050553,3.99,4.0,,,,
sample_resolving,trust_mimicry,algorithm1,16,250,400,0.4070054124743926,3.1918208189715678,7.842207305221983,3.0342503951683435,0.3905729175202137,0.0,0.0,1.0,0.0,0.0,0.30232713879070283,0.24587615480581615,3.9925,4.0,,,,
sample_resolving,trust_mimicry,algorithm1,17,263,400,0.4092600048614364,3.2913258857653935,8.042139096586634,3.1131938092392497,0.5551296719590106,0.0,0.0,1.0,0.0,0.0,0.3006592846436017,0.38224979326173075,3.98,4.0,,,,
sample_resolving,trust_mimicry,algorithm1,18,276,400,0.41715984928788336,3.306458662140407,7.92611913103509,3.0653963856345867,0.5418673557770801,0.0,0.0,1.0,0.0,0.0,0.2918389612019475,0.22607549872163496,3.9775,4.0,,,,
sample_resolving,trust_mimicry,algorithm1,19,289,400,0.40906746447171033,3.2492983789905314,7.943184587380553,3.035883521335051,0.48829105758956537,0.0,0.0,1.0,0.0,0.0,0.2973118294161042,0.29006526221493,3.975,4.0,,,,
sample_resolving,trust_mimicry,algorithm1,20,302,400,0.4116067498366359,3.1617494783583764,7.681481121515268,2.9149517122437447,0.44720328173662693,0.0,0.0,1.0,0.0,0.0,0.2834672416482889,0.3826820035498956,3.9825,4.0,,,,
sample_resolving,trust_mimicry,algorithm1,21,315,400,0.4198596869712518,3.2259420761890154,7.6833813206979755,2.8693316490949905,0.6092254056904332,0.0,0.0,1.0,0.0,0.0,0.28285693607461787,0.33677589016825293,3.9825,4.0,,,,
sample_resolving,trust_mimicry,algorithm1,22,328,400,0.4097916449653597,3.287941583883156,8.02344709629473,3.128104963414411,0.3718406626932165,0.0,0.0,1.0,0.0,0.0,0.30290396852980256,0.7070568569272255,3.9825,4.0,,,,
sample_resolving,trust_mimicry,algorithm1,23,341,400,0.4169678286081973,3.255566643612419,7.807716615642074,3.077408865745662,0.4467055510597313,0.0,0.0,1.0,0.0,0.0,0.28676937578260037,0.2526535483098026,3.9925,4.0,,,,
sample_resolving,trust_mimicry,algorithm1,24,354,400,0.41607867507301854,3.2500044537538253,7.811033461841021,3.0749782000645163,0.5293675194261809,0.0,0.0,1.0,0.0,0.0,0.2879100059482464,0.1773499735491663,3.995,4.0,,,,
sample_resolving,trust_mimicry,no_trust,0,42,400,0.4125903479078328,3.2959620532282266,7.988461363532675,3.0680443710480296,0.49794460829537845,0.0,0.0,1.0,0.0,0.0,0.29786932165017804,0.3212645148009032,4.0,4.0,,,,
sample_resolving,trust_mimicry,no_trust,1,55,400,0.40630133009087444,3.255088577609523,8.011513466819027,3.0831774171504502,0.42754647604177265,0.0,0.0,1.0,0.0,0.0,0.3010742022149784,0.20279712160368743,4.0,4.0,,,,
sample_resolving,trust_mimicry,no_trust,2,68,400,0.4157233268309934,3.228294139587255,7.76548711903211,2.873290934569924,0.7530660337821997,0.0,0.0,1.0,0.0,0.0,0.2868102268774477,0.2138503301803396,4.0,4.0,,,,
sample_resolving,trust_mimicry,no_trust,3,81,400,0.4223562475621061,3.267986585247227,7.737512121841362,3.011798026520371,0.41083254835353733,0.0,0.0,1.0,0.0,0.0,0.28218319021605004,0.3918048638994628,4.0,4.0,,,,
sample_resolving,trust_mimicry,no_trust,4,94,400,0.4166876412404707,3.2756905576992756,7.8612616106098345,3.0589264749685263,0.49479105736661255,0.0,0.0,1.0,0.0,0.0,0.28725850314048146,0.37770939158307615,4.0,4.0,,,,
sample_resolving,trust_mimicry,no_trust,5,107,400,0.4146899834597393,3.229753288919341,7.788356164220942,2.947771681982882,0.5446861260759075,0.0,0.0,1.0,0.0,0.0,0.28712603256174923,0.33723504740495563,4.0,4.0,,,,
sample_resolving,trust_mimicry,no_trust,6,120,400,0.4077416938198684,3.165241050990317,7.762858444367607,2.935204123467253,0.5558184617617425,0.0,0.0,1.0,0.0,0.0,0.29470708610661484,0.19876735543740914,4.0,4.0,,,,
sample_resolving,trust_mimicry,no_trust,7,133,400,0.4093817336919212,3.2262318337629696,7.880742026928976,2.9696752001982625,0.47039765635173003,0.0,0.0,1.0,0.0,0.0,0.30122417132180246,0.20238635825634807,4.0,4.0,,,,
sample_resolving,trust_mimicry,no_trust,8,146,400,0.414609506113543,3.254666328193341,7.849955874629737,3.0047320124046237,0.4965692594519808,0.0,0.0,1.0,0.0,0.0,0.29206193647687606,0.4534889578550385,4.0,4.0,,,,
sample_resolving,trust_mimicry,no_trust,9,159,400,0.4062940340449442,3.2048376352461903,7.887976112619147,2.9605404150766166,0.7027374933036077,0.0,0.0,1.0,0.0,0.0,0.30222306685269257,0.2425592871533466,4.0,4.0,,,,
sample_resolving,trust_mimicry,no_trust,10,172,400,0.411448058588186,3.2045093189422764,7.7883690348133,2.925227438503747,0.598275654768528,0.0,0.0,1.0,0.0,0.0,0.2932142794175313,0.4637367835202253,4.0,4.0,,,,
sample_resolving,trust_mimicry,no_trust,11,185,400,0.41763093497129167,3.2926581058402498,7.8841336455753455,3.0468946965620547,0.5411493899734805,0.0,0.0,1.0,0.0,0.0,0.28481952311170033,0.4739769984157993,4.0,4.0,,,,
sample_resolving,trust_mimicry,no_trust,12,198,400,0.4120597678497128,3.2839502352809586,7.969596867992914,3.068052575728551,0.5482908988728106,0.0,0.0,1.0,0.0,0.0,0.2926159358812936,0.21676915533612287,4.0,4.0,,,,
sample_resolving,trust_mimicry,no_trust,13,211,400,0.4134889267593592,3.148508029460503,7.614491769190376,2.862913785736981,0.5347290231938344,0.0,0.0,1.0,0.0,0.0,0.2931390203184287,0.28688751206283175,4.0,4.0,,,,
sample_resolving,trust_mimicry,no_trust,14,224,400,0.4241927140018242,3.243836019486884,7.647080943198224,3.0939558494486143,0.3688307465689151,0.0,0.0,1.0,0.0,0.0,0.28516971705377353,0.43454945780026083,4.0,4.0,,,,
sample_resolving,trust_mimicry,no_trust,15,237,400,0.41446189819637197,3.1379194068678316,7.571068463767654,2.8690522594706036,0.5271844284193974,0.0,0.0,1.0,0.0,0.0,0.289915876849597,0.19496594308719023,4.0,4.0,,,,
sample_resolving,trust_mimicry,no_trust,16,250,400,0.4079521831417208,3.1992455908152593,7.842207305221983,3.041608307316354,0.3905790326349696,0.0,0.0,1.0,0.0,0.0,0.29998162302839504,0.2458724603637763,4.0,4.0,,,,
sample_resolving,trust_mimicry,no_trust,17,263,400,0.40854374410048677,3.28556561709641,8.042139096586634,3.107593713590232,0.5547532300701428,0.0,0.0,1.0,0.0,0.0,0.3017464889533818,0.38223545541454573,4.0,4.0,,,,
sample_resolving,trust_mimicry,no_trust,18,276,400,0.41936823522690586,3.3239625921804024,7.92611913103509,3.0814295369938276,0.5441243968356351,0.0,0.0,1.0,0.0,0.0,0.2867593063331886,0.2260358175246969,4.0,4.0,,,,
sample_resolving,trust_mimicry,no_trust,19,289,400,0.4073298061287649,3.235495838022714,7.943184587380553,3.0231303213520393,0.4865310743194766,0.0,0.0,1.0,0.0,0.0,0.2991858548701769,0.2900144613148361,4.0,4.0,,,,
sample_resolving,trust_mimicry,no_trust,20,302,400,0.4127863734790786,3.170810735098293,7.681481121515268,2.923681102468679,0.4477219493630904,0.0,0.0,1.0,0.0,0.0,0.28488605669080463,0.3826246540788481,4.0,4.0,,,,
sample_resolving,trust_mimicry,no_trust,21,315,400,0.4217886844096389,3.2407632990747928,7.6833813206979755,2.8833405000834036,0.609733256912881,0.0,0.0,1.0,0.0,0.0,0.2825368288776083,0.3365717640887493,4.0,4.0,,,,
sample_resolving,trust_mimicry,no_trust,22,328,400,0.40900009194821924,3.281590600126217,8.02344709629473,3.1220643302303137,0.37091175646863483,0.0,0.0,1.0,0.0,0.0,0.3024880366033776,0.7070633540038949,4.0,4.0,,,,
sample_resolving,trust_mimicry,no_trust,23,341,400,0.4183217048337505,3.266137325514193,7.807716615642074,3.087698299977163,0.4472425190053162,0.0,0.0,1.0,0.0,0.0,0.28530358936652056,0.25259162181910755,4.0,4.0,,,,
sample_resolving,trust_mimicry,no_trust,24,354,400,0.41631318270413875,3.251836200707562,7.811033461841021,3.076721268643685,0.5296104915763489,0.0,0.0,1.0,0.0,0.0,0.2890335348806844,0.17734601558238064,4.0,4.0,,,,
sample_resolving,trust_mimicry,oracle,0,42,400,0.5701313906702596,4.554472586506523,7.988461363532675,4.236986434273687,0.6895005679398238,1.0,0.0,0.0,0.0,0.0,0.0,0.0,0.0,0.0,,,,
sample_resolving,trust_mimicry,oracle,1,55,400,0.5655091293275359,4.530584005216657,8.011513466819027,4.337012154896479,0.5191196302779506,1.0,0.0,0.0,0.0,0.0,0.0,0.0,0.0,0.0,,,,
sample_resolving,trust_mimicry,oracle,2,68,400,0.5669457281241131,4.402609748938081,7.76548711903211,3.939179492842705,0.9846076234739658,1.0,0.0,0.0,0.0,0.0,0.0,0.0,0.0,0.0,,,,
sample_resolving,trust_mimicry,oracle,3,81,400,0.5725470241720683,4.430089539855577,7.737512121841362,4.088277880582324,0.5779913422587217,1.0,0.0,0.0,0.0,0.0,0.0,0.0,0.0,0.0,,,,
sample_resolving,trust_mimicry,oracle,4,94,400,0.5677778154704577,4.463449944113823,7.8612616106098345,4.193975783833906,0.6155079162386379,1.0,0.0,0.0,0.0,0.0,0.0,0.0,0.0,0.0,,,,
sample_resolving,trust_mimicry,oracle,5,107,400,0.566053805167174,4.408628642754479,7.788356164220942,4.039609249400234,0.6821621796232247,1.0,0.0,0.0,0.0,0.0,0.0,0.0,0.0,0.0,,,,
sample_resolving,trust_mimicry,oracle,6,120,400,0.5641599270060524,4.379493653332747,7.762858444367607,4.072937187909269,0.7699917427338647,1.0,0.0,0.0,0.0,0.0,0.0,0.0,0.0,0.0,,,,
sample_resolving,trust_mimicry,oracle,7,133,400,0.570188043596254,4.49350487842141,7.880742026928976,4.140087218531655,0.6749077022267569,1.0,0.0,0.0,0.0,0.0,0.0,0.0,0.0,0.0,,,,
sample_resolving,trust_mimicry,oracle,8,146,400,0.5690419757392327,4.466954400365101,7.849955874629737,4.129991315189836,0.6405068616531349,1.0,0.0,0.0,0.0,0.0,0.0,0.0,0.0,0.0,,,,
sample_resolving,trust_mimicry,oracle,9,159,400,0.5658459060423702,4.4633789902855545,7.887976112619147,4.159456055606995,0.9092942750682376,1.0,0.0,0.0,0.0,0.0,0.0,0.0,0.0,0.0,,,,
sample_resolving,trust_mimicry,oracle,10,172,400,0.5669908046247296,4.415933625763122,7.7883690348133,4.067361989571905,0.7447099510394306,1.0,0.0,0.0,0.0,0.0,0.0,0.0,0.0,0.0,,,,
sample_resolving,trust_mimicry,oracle,11,185,400,0.5665929228764665,4.467094326595226,7.8841336455753455,4.134127684119065,0.7303786031836168,1.0,0.0,0.0,0.0,0.0,0.0,0.0,0.0,0.0,,,,
sample_resolving,trust_mimicry,oracle,12,198,400,0.5654956182121332,4.506772107767134,7.969596867992914,4.233611961980486,0.7058178509129069,1.0,0.0,0.0,0.0,0.0,0.0,0.0,0.0,0.0,,,,
sample_resolving,trust_mimicry,oracle,13,211,400,0.569799459172329,4.338733291956827,7.614491769190376,3.959817364187955,0.7146797247351819,1.0,0.0,0.0,0.0,0.0,0.0,0.0,0.0,0.0,,,,
sample_resolving,trust_mimicry,oracle,14,224,400,0.5738558449233016,4.388322095855894,7.647080943198224,4.160393950882205,0.5092243588815224,1.0,0.0,0.0,0.0,0.0,0.0,0.0,0.0,0.0,,,,
sample_resolving,trust_mimicry,oracle,15,237,400,0.5678458274986982,4.299199636857441,7.571068463767654,3.939939891255982,0.682029611111123,1.0,0.0,0.0,0.0,0.0,0.0,0.0,0.0,0.0,,,,
sample_resolving,trust_mimicry,oracle,16,250,400,0.5672526662968359,4.448513003539694,7.842207305221983,4.2183873011507185,0.5342246733607325,1.0,0.0,0.0,0.0,0.0,0.0,0.0,0.0,0.0,,,,
sample_resolving,trust_mimicry,oracle,17,263,400,0.5690760608574602,4.576588837953295,8.042139096586634,4.3197203374414155,0.7871592065213635,1.0,0.0,0.0,0.0,0.0,0.0,0.0,0.0,0.0,,,,
sample_resolving,trust_mimicry,oracle,18,276,400,0.5716499243700028,4.530965401803842,7.92611913103509,4.234575482676596,0.6839286932183652,1.0,0.0,0.0,0.0,0.0,0.0,0.0,0.0,0.0,,,,
sample_resolving,trust_mimicry,oracle,19,289,400,0.5662339954378655,4.497701145412963,7.943184587380553,4.186342484119317,0.6685265114894463,1.0,0.0,0.0,0.0,0.0,0.0,0.0,0.0,0.0,,,,
sample_resolving,trust_mimicry,oracle,20,302,400,0.5638371329129125,4.331104292079832,7.681481121515268,3.9903025218397494,0.648879123066505,1.0,0.0,0.0,0.0,0.0,0.0,0.0,0.0,0.0,,,,
sample_resolving,trust_mimicry,oracle,21,315,400,0.5720103177474885,4.394973390627566,7.6833813206979755,3.949237279680274,0.7458039149616078,1.0,0.0,0.0,0.0,0.0,0.0,0.0,0.0,0.0,,,,
sample_resolving,trust_mimicry,oracle,22,328,400,0.5676647024058874,4.554627708187529,8.02344709629473,4.330951809240908,0.5423493571603997,1.0,0.0,0.0,0.0,0.0,0.0,0.0,0.0,0.0,,,,
sample_resolving,trust_mimicry,oracle,23,341,400,0.5702751391398639,4.452546679349911,7.807716615642074,4.223237819633658,0.5508345532295245,1.0,0.0,0.0,0.0,0.0,0.0,0.0,0.0,0.0,,,,
sample_resolving,trust_mimicry,oracle,24,354,400,0.5686509991867147,4.4417519827567595,7.811033461841021,4.188957051130806,0.7102744889278121,1.0,0.0,0.0,0.0,0.0,0.0,0.0,0.0,0.0,,,,
sample_resolving,trust_mimicry,sparse_online,0,42,400,0.5697388165404061,4.5513365232378655,7.988461363532675,4.234762821905805,0.6883136240454588,1.0,0.0,0.0,0.0,0.0,0.0027262922807581654,0.0,0.0125,0.0,,,,
sample_resolving,trust_mimicry,sparse_online,1,55,400,0.5620814225105194,4.5031228858918215,8.011513466819027,4.310609040780215,0.5175754650627491,1.0,0.0,0.0,0.0,0.0,0.003645682598385261,0.0,0.0175,0.0,,,,
sample_resolving,trust_mimicry,sparse_online,2,68,400,0.5648144663400237,4.3860594630064496,7.76548711903211,3.922946784550387,0.9836064194821557,1.0,0.0,0.0,0.0,0.0,0.0030273280745005543,0.0,0.01,0.0,,,,
sample_resolving,trust_mimicry,sparse_online,3,81,400,0.5683000637683638,4.397228632250934,7.737512121841362,4.054600026215638,0.577969911354768,1.0,0.0,0.0,0.0,0.0,0.004742665457011918,0.0,0.015,0.0,,,,
sample_resolving,trust_mimicry,sparse_online,4,94,400,0.5649379797801698,4.441125252821323,7.8612616106098345,4.171983296002786,0.6139212402273531,1.0,0.0,0.0,0.0,0.0,0.0031390290359315067,0.0,0.0075,0.0,,,,
sample_resolving,trust_mimicry,sparse_online,5,107,400,0.5648785075628415,4.399475006412983,7.788356164220942,4.031537018512101,0.6808631589574095,1.0,0.0,0.0,0.0,0.0,0.0001325183318195101,0.0,0.005,0.0,,,,
sample_resolving,trust_mimicry,sparse_online,6,120,400,0.5645940305540015,4.382863537725673,7.762858444367607,4.076099242551382,0.7704373348283307,1.0,0.0,0.0,0.0,0.0,0.0002472037089385762,0.0,0.005,0.0,,,,
sample_resolving,trust_mimicry,sparse_online,7,133,400,0.5678565546061252,4.47513101515158,7.880742026928976,4.123297721152752,0.6735878322571338,1.0,0.0,0.0,0.0,0.0,0.002153878573959703,0.0,0.0175,0.0,,,,
sample_resolving,trust_mimicry,sparse_online,8,146,400,0.5663262830088773,4.44563633226276,7.849955874629737,4.109635729682118,0.6400272078886955,1.0,0.0,0.0,0.0,0.0,0.004542148627584033,0.0,0.0125,0.0,,,,
sample_resolving,trust_mimicry,sparse_online,9,159,400,0.5635428810460159,4.445212784127547,7.887976112619147,4.141491244566985,0.9071432714684686,1.0,0.0,0.0,0.0,0.0,0.0026440247890879135,0.0,0.0075,0.0,,,,
sample_resolving,trust_mimicry,sparse_online,10,172,400,0.5663969567186952,4.411308519120374,7.7883690348133,4.062938812366543,0.744428201808403,1.0,0.0,0.0,0.0,0.0,0.0015956137053121456,0.0,0.01,0.0,,,,
sample_resolving,trust_mimicry,sparse_online,11,185,400,0.5637439592283057,4.44463271644174,7.8841336455753455,4.112499837515901,0.7289903733896859,1.0,0.0,0.0,0.0,0.0,0.0020979403990368808,0.0,0.02,0.0,,,,
sample_resolving,trust_mimicry,sparse_online,12,198,400,0.5644418644457797,4.498374115051167,7.969596867992914,4.225259488078875,0.7050183320885139,1.0,0.0,0.0,0.0,0.0,0.0033983584524465136,0.0,0.025,0.0,,,,
sample_resolving,trust_mimicry,sparse_online,13,211,400,0.5656216828750834,4.306921648727932,7.614491769190376,3.9294390391961462,0.7115242238049486,1.0,0.0,0.0,0.0,0.0,0.00390605181790223,0.0,0.015,0.0,,,,
sample_resolving,trust_mimicry,sparse_online,14,224,400,0.5721520395963666,4.375292958609371,7.647080943198224,4.147583268112484,0.5088206082721678,1.0,0.0,0.0,0.0,0.0,0.002986694123430278,0.0,0.0175,0.0,,,,
sample_resolving,trust_mimicry,sparse_online,15,237,400,0.5663657010745985,4.287993498365551,7.571068463767654,3.929447223361395,0.6808023314048981,1.0,0.0,0.0,0.0,0.0,0.0012836907768641712,0.0,0.02,0.0,,,,
sample_resolving,trust_mimicry,sparse_online,16,250,400,0.5653078152808516,4.433261078694573,7.842207305221983,4.203259883531195,0.5342416327619421,1.0,0.0,0.0,0.0,0.0,0.00518350104335715,0.0,0.0225,0.0,,,,
sample_resolving,trust_mimicry,sparse_online,17,263,400,0.565416471983182,4.54715791519003,8.042139096586634,4.2910805329121695,0.7852371221340659,1.0,0.0,0.0,0.0,0.0,0.004221356436309921,0.0,0.0175,0.0,,,,
sample_resolving,trust_mimicry,sparse_online,18,276,400,0.5700223973830005,4.518065429015887,7.92611913103509,4.222729356526894,0.6823674288492949,1.0,0.0,0.0,0.0,0.0,0.0011589430450681896,0.0,0.015,0.0,,,,
sample_resolving,trust_mimicry,sparse_online,19,289,400,0.5653553521897186,4.490721919906477,7.943184587380553,4.179928055915998,0.6676321406951029,1.0,0.0,0.0,0.0,0.0,0.00396837774517805,0.0,0.015,0.0,,,,
sample_resolving,trust_mimicry,sparse_online,20,302,400,0.5594573081110816,4.297460750549024,7.681481121515268,3.9577151536068533,0.6469063912481894,1.0,0.0,0.0,0.0,0.0,0.0030968691594524377,0.0,0.0125,0.0,,,,
sample_resolving,trust_mimicry,sparse_online,21,315,400,0.5700660668137271,4.380034969320355,7.6833813206979755,3.935112115963873,0.7452858759947616,1.0,0.0,0.0,0.0,0.0,0.002102300635487959,0.0,0.0125,0.0,,,,
sample_resolving,trust_mimicry,sparse_online,22,328,400,0.5679661247781339,4.557046154644889,8.02344709629473,4.333240042576687,0.542715710023506,1.0,0.0,0.0,0.0,0.0,0.0018569887322141543,0.0,0.0175,0.0,,,,
sample_resolving,trust_mimicry,sparse_online,23,341,400,0.5681753049334762,4.436151768926605,7.807716615642074,4.207362067763192,0.5500574636009503,1.0,0.0,0.0,0.0,0.0,0.0037022420424738588,0.0,0.0225,0.0,,,,
sample_resolving,trust_mimicry,sparse_online,24,354,400,0.565843069844749,4.41981915270818,7.811033461841021,4.166831791245624,0.7083847594307304,1.0,0.0,0.0,0.0,0.0,0.003145075123619417,0.0,0.025,0.0,,,,
