approach,attack_type,trial,seed,final_nsw_legit,final_nsw_ratio,final_dr,final_fpr,final_min_util,final_fairness_gap,conv_round,spectral_f1,sparse_f1,alg1_f1,offline_nsw
baseline_fixed_alpha,byzantine,0,42,5.276135546724011,0.6604695581065922,1.0,0.0,4.522785877706623,1.6001195025956898,0,0.4,1.0,1.0,7.988461363532675
baseline_fixed_alpha,byzantine,1,55,5.303595181349054,0.66199666309178,1.0,0.0,4.7555491533722405,0.9602273049343628,0,0.6666666666666666,1.0,1.0,8.011513466819027
baseline_fixed_alpha,byzantine,2,68,5.256940111850135,0.6769620541853864,1.0,0.0,4.850432614712434,1.3750504269674906,0,0.6666666666666666,1.0,1.0,7.76548711903211
baseline_fixed_alpha,byzantine,3,81,5.2497115006114115,0.6784753830359225,1.0,0.0,4.87973740340546,1.1182076897208377,0,0.6666666666666666,1.0,1.0,7.737512121841362
baseline_fixed_alpha,byzantine,4,94,5.322820325478485,0.6770949230712052,1.0,0.0,4.8890427103491225,1.155327695531783,0,0.6666666666666666,1.0,1.0,7.8612616106098345
baseline_fixed_alpha,byzantine,5,107,5.22734641566732,0.6711745463928978,1.0,0.0,4.531809488623413,1.3770916809748126,1,0.4,1.0,1.0,7.788356164220942
baseline_fixed_alpha,byzantine,6,120,5.25465224767005,0.6768965691346075,1.0,0.0,4.671657205823355,1.1980859578667662,0,0.6666666666666666,1.0,1.0,7.762858444367607
baseline_fixed_alpha,byzantine,7,133,5.302281143919155,0.672814961560845,1.0,0.0,4.756991655117831,1.222445348157068,9,0.4,1.0,1.0,7.880742026928976
baseline_fixed_alpha,byzantine,8,146,5.241996011248916,0.6677739461173937,1.0,0.0,4.839292830954511,1.2202937548935928,4,0.4,1.0,1.0,7.849955874629737
baseline_fixed_alpha,byzantine,9,159,5.2566988615452255,0.6664192166017825,1.0,0.0,4.592445266219906,1.9783584831743335,0,0.4,1.0,1.0,7.887976112619147
baseline_fixed_alpha,byzantine,10,172,5.221344129619219,0.6704027642090772,1.0,0.0,4.45869124352312,1.4705075159520309,0,0.4,1.0,1.0,7.7883690348133
baseline_fixed_alpha,byzantine,11,185,5.298094879813996,0.6719945548852205,1.0,0.0,4.551716684444033,1.4059882017778724,9,0.4,1.0,1.0,7.8841336455753455
baseline_fixed_alpha,byzantine,12,198,5.269930023221181,0.6612542780408384,1.0,0.0,4.755022192051933,1.1204272523117949,15,0.4,1.0,1.0,7.969596867992914
baseline_fixed_alpha,byzantine,13,211,5.176546198529957,0.6798281954253609,1.0,0.0,4.481252220130525,1.85792752786754,0,0.6666666666666666,1.0,1.0,7.614491769190376
baseline_fixed_alpha,byzantine,14,224,5.158839804034863,0.6746155614611935,1.0,0.0,4.729450412081147,0.9275355828407186,1,0.4,1.0,1.0,7.647080943198224
baseline_fixed_alpha,byzantine,15,237,5.123967624460746,0.676782629688553,1.0,0.0,4.263109680608963,1.6485088880337324,0,0.6666666666666666,1.0,1.0,7.571068463767654
baseline_fixed_alpha,byzantine,16,250,5.2694957555487685,0.671940379851972,1.0,0.0,4.886181312585519,0.8702378123111965,9,0.4,1.0,1.0,7.842207305221983
baseline_fixed_alpha,byzantine,17,263,5.266585588239257,0.6548737251354656,1.0,0.0,4.630246323576933,1.2285989727145896,32,0.4,1.0,1.0,8.042139096586634
baseline_fixed_alpha,byzantine,18,276,5.305657243451987,0.6693890358873661,1.0,0.0,4.594984527554636,1.1861139102274763,14,0.6666666666666666,1.0,1.0,7.92611913103509
baseline_fixed_alpha,byzantine,19,289,5.370627354184277,0.6761302466414626,1.0,0.0,4.59905217466607,1.3778064458614638,0,0.6666666666666666,1.0,1.0,7.943184587380553
baseline_fixed_alpha,byzantine,20,302,5.217347970662825,0.6792111948370757,1.0,0.0,4.824231763594228,0.6590130718598566,0,0.4,1.0,1.0,7.681481121515268
baseline_fixed_alpha,byzantine,21,315,5.246620147016381,0.682853021088867,1.0,0.0,4.724723998752567,0.9837861920437492,0,0.6666666666666666,1.0,1.0,7.6833813206979755
baseline_fixed_alpha,byzantine,22,328,5.377665521181678,0.6702437813374643,1.0,0.0,4.62766978823017,1.369102807733392,2,0.4,1.0,1.0,8.02344709629473
baseline_fixed_alpha,byzantine,23,341,5.223661741245779,0.6690383371215897,1.0,0.0,4.5892078695753575,1.0854883152060886,18,0.4,1.0,1.0,7.807716615642074
baseline_fixed_alpha,byzantine,24,354,5.233814113232326,0.6700539869405121,1.0,0.0,4.207316910972381,1.6049625824348164,12,0.4,1.0,1.0,7.811033461841021
baseline_fixed_alpha,burst,0,42,4.707408596166331,0.5892760047204647,1.0,0.0,4.019253937905813,1.4551857747874921,0,0.4,1.0,1.0,7.988461363532675
baseline_fixed_alpha,burst,1,55,4.929406253681546,0.6152902662021946,1.0,0.0,4.270831904706467,1.0983835247151896,0,0.6666666666666666,1.0,1.0,8.011513466819027
baseline_fixed_alpha,burst,2,68,4.864290104994577,0.6263985800804293,1.0,0.0,4.481423072102437,1.3270964950617907,0,0.6666666666666666,1.0,1.0,7.76548711903211
baseline_fixed_alpha,burst,3,81,4.919090706515337,0.6357457835354834,1.0,0.0,4.607167563952896,1.0361356182775117,0,0.6666666666666666,1.0,1.0,7.737512121841362
baseline_fixed_alpha,burst,4,94,5.091725384731079,0.647698249586187,1.0,0.0,4.665313099951651,1.1144716154020893,0,0.4,1.0,1.0,7.8612616106098345
baseline_fixed_alpha,burst,5,107,4.615886949967392,0.5926651083539799,1.0,0.0,3.99721909701918,1.2406209085663211,0,0.6666666666666666,1.0,1.0,7.788356164220942
baseline_fixed_alpha,burst,6,120,4.691128974669029,0.6043043304586738,1.0,0.0,4.185638309635613,1.0383704139924834,0,0.4,1.0,1.0,7.762858444367607
baseline_fixed_alpha,burst,7,133,4.862285230923312,0.6169831742123505,1.0,0.0,4.284227205289976,1.2318140765154082,0,0.6666666666666666,1.0,1.0,7.880742026928976
baseline_fixed_alpha,burst,8,146,4.756909503573146,0.6059791391881573,1.0,0.0,4.364995603523856,1.1259801500413564,121,0.4,1.0,1.0,7.849955874629737
baseline_fixed_alpha,burst,9,159,5.032778395220069,0.6380316475817737,1.0,0.0,4.375687034608262,1.8946558877266133,0,0.4,1.0,1.0,7.887976112619147
baseline_fixed_alpha,burst,10,172,4.768315227348722,0.6122353994828427,1.0,0.0,4.008637525965542,1.4285624478626024,0,0.6666666666666666,1.0,1.0,7.7883690348133
baseline_fixed_alpha,burst,11,185,5.085657142979529,0.6450495858645992,1.0,0.0,4.3553012605168355,1.3775081551668933,0,0.4,1.0,1.0,7.8841336455753455
baseline_fixed_alpha,burst,12,198,4.865703081499125,0.6105331501823525,1.0,0.0,4.355549733741418,1.0926692446882633,130,0.6666666666666666,1.0,1.0,7.969596867992914
baseline_fixed_alpha,burst,13,211,4.90894248996076,0.6446841941340375,1.0,0.0,4.205226060398202,1.812439351807524,0,0.6666666666666666,1.0,1.0,7.614491769190376
baseline_fixed_alpha,burst,14,224,4.890280870599208,0.6394964179042617,1.0,0.0,4.470089872276472,0.8846453285155338,1,0.4,1.0,1.0,7.647080943198224
baseline_fixed_alpha,burst,15,237,4.678164773861031,0.617900207381429,1.0,0.0,3.8523718082776983,1.513582600690421,0,0.4,1.0,1.0,7.571068463767654
baseline_fixed_alpha,burst,16,250,4.6628088338027895,0.594578624655575,1.0,0.0,4.335255622220968,0.792808963932095,191,0.6666666666666666,1.0,1.0,7.842207305221983
baseline_fixed_alpha,burst,17,263,4.971600302593884,0.6181937719411003,1.0,0.0,4.385435279293965,1.227665635993442,104,0.4,1.0,1.0,8.042139096586634
baseline_fixed_alpha,burst,18,276,5.044139944512493,0.6363946669388209,1.0,0.0,4.435024884824223,1.1308903421586036,0,0.4,1.0,1.0,7.92611913103509
baseline_fixed_alpha,burst,19,289,4.935894967780199,0.621400008206019,1.0,0.0,4.227692002755948,1.2874387389857258,0,0.4,1.0,1.0,7.943184587380553
baseline_fixed_alpha,burst,20,302,4.891648677745983,0.636810609876373,1.0,0.0,4.419693150199974,0.7917799640697529,0,0.4,1.0,1.0,7.681481121515268
baseline_fixed_alpha,burst,21,315,4.659878656564906,0.6064880112108757,1.0,0.0,4.175945687982161,1.012526586265862,0,0.4,1.0,1.0,7.6833813206979755
baseline_fixed_alpha,burst,22,328,5.052660956107044,0.6297369317036301,1.0,0.0,4.348533394460938,1.3282257454077007,2,0.6666666666666666,1.0,1.0,8.02344709629473
baseline_fixed_alpha,burst,23,341,4.620105946584805,0.5917358651732862,1.0,0.0,3.9693400516623827,0.9477614177225222,152,0.4,1.0,1.0,7.807716615642074
baseline_fixed_alpha,burst,24,354,4.597692951802477,0.5886151908404224,1.0,0.0,3.589266460615646,1.5088364989784249,0,0.4,1.0,1.0,7.811033461841021
baseline_fixed_alpha,reputation_poison,0,42,4.1198969460118455,0.5157309722769862,0.0,0.0,3.678113048892124,1.0482975916698587,400,0.4,1.0,0.0,7.988461363532675
baseline_fixed_alpha,reputation_poison,1,55,4.186389295844173,0.5225466215818995,0.0,0.0,3.7375042399378873,0.8874054427719309,400,0.6666666666666666,1.0,0.0,8.011513466819027
baseline_fixed_alpha,reputation_poison,2,68,3.9838748098511094,0.5130231688991147,0.0,0.0,3.4386613249082307,1.3938704110805116,400,0.4,1.0,0.0,7.76548711903211
baseline_fixed_alpha,reputation_poison,3,81,4.095573326775825,0.5293139787419379,0.0,0.0,3.676237004563764,1.0574923296111178,400,0.6666666666666666,1.0,0.0,7.737512121841362
baseline_fixed_alpha,reputation_poison,4,94,4.102387396451557,0.5218484767018605,0.0,0.0,3.6551848989022218,1.2184711961061265,400,0.4,1.0,0.0,7.8612616106098345
baseline_fixed_alpha,reputation_poison,5,107,4.000438383108794,0.5136434824958923,0.0,0.0,3.2602048107952353,1.311594862272277,400,0.4,1.0,0.0,7.788356164220942
baseline_fixed_alpha,reputation_poison,6,120,4.0887736968999056,0.5267098100785983,0.0,0.0,3.7826685650481533,0.6716668617037262,400,0.4,1.0,0.0,7.762858444367607
baseline_fixed_alpha,reputation_poison,7,133,4.10923462586363,0.5214273747094024,0.0,0.0,3.5140073451364,0.9957545187278098,400,0.6666666666666666,1.0,0.0,7.880742026928976
baseline_fixed_alpha,reputation_poison,8,146,4.103890090236395,0.5227914851725157,0.0,0.0,3.7735253903364474,1.090885056377768,400,0.4,1.0,0.0,7.849955874629737
baseline_fixed_alpha,reputation_poison,9,159,4.092163786179309,0.5187850124993006,0.0,0.0,3.275329168165159,1.8650034934450859,0,0.4,1.0,0.0,7.887976112619147
baseline_fixed_alpha,reputation_poison,10,172,3.95992242567893,0.5084405230387052,0.0,0.0,3.1939046603553907,1.4346307565847285,400,0.4,1.0,0.0,7.7883690348133
baseline_fixed_alpha,reputation_poison,11,185,4.164427932606765,0.5282036200570857,0.0,0.0,3.616150247242681,1.1133271675337917,400,0.4,1.0,0.0,7.8841336455753455
baseline_fixed_alpha,reputation_poison,12,198,4.135684017658188,0.5189326494377288,0.0,0.0,3.5686150765304445,1.03570433254795,400,0.4,1.0,0.0,7.969596867992914
baseline_fixed_alpha,reputation_poison,13,211,3.9069060526420047,0.5130882232285101,0.0,0.0,3.250145897752282,1.5554918003840283,400,0.4,1.0,0.0,7.614491769190376
baseline_fixed_alpha,reputation_poison,14,224,4.053215591252891,0.5300343518474282,0.0,0.0,3.7651853206354997,0.8795916379124651,400,0.4,1.0,0.0,7.647080943198224
baseline_fixed_alpha,reputation_poison,15,237,3.9611471890216867,0.5231952673494209,0.0,0.0,3.247064466875179,1.3540456070546791,400,0.4,1.0,0.0,7.571068463767654
baseline_fixed_alpha,reputation_poison,16,250,4.083028303350372,0.5206478411545634,0.0,0.0,3.7412490583889935,0.7514144091930368,400,0.4,1.0,0.0,7.842207305221983
baseline_fixed_alpha,reputation_poison,17,263,4.147661209706483,0.5157410435075532,0.0,0.0,3.6874973567875093,1.1341197615587735,400,0.6666666666666666,1.0,0.0,8.042139096586634
baseline_fixed_alpha,reputation_poison,18,276,4.185490062375003,0.528062976745646,0.0,0.0,3.6954534455384587,1.0253285280667668,400,0.4,1.0,0.0,7.92611913103509
baseline_fixed_alpha,reputation_poison,19,289,4.091009586343385,0.5150339314590308,0.0,0.0,3.4627121548325634,1.2680419084750465,400,0.4,1.0,0.0,7.943184587380553
baseline_fixed_alpha,reputation_poison,20,302,3.93250721771386,0.5119464795271311,0.0,0.0,3.4079754029238107,0.9195548715636597,400,0.6666666666666666,1.0,0.0,7.681481121515268
baseline_fixed_alpha,reputation_poison,21,315,4.045862500785295,0.5265731755218624,0.0,0.0,3.6399841154297534,0.8626659293792591,400,0.4,1.0,0.0,7.6833813206979755
baseline_fixed_alpha,reputation_poison,22,328,4.187562793037513,0.5219156732486404,0.0,0.0,3.6123567567948536,1.0614420359988053,400,0.4,1.0,0.0,8.02344709629473
baseline_fixed_alpha,reputation_poison,23,341,4.092059709290122,0.5241045379505757,0.0,0.0,3.564075410196907,0.8440348066039971,400,0.4,1.0,0.0,7.807716615642074
baseline_fixed_alpha,reputation_poison,24,354,4.062295926293377,0.5200715047680662,0.0,0.0,3.099127159333487,1.4530425442706392,400,0.4,1.0,0.0,7.811033461841021
baseline_fixed_alpha,trust_mimicry,0,42,4.12616480178379,0.5165155859199284,0.0,0.0,3.694078640935615,0.9975152488413848,0,0.4,1.0,0.0,7.988461363532675
baseline_fixed_alpha,trust_mimicry,1,55,4.176763119746668,0.5213450788100656,0.0,0.0,3.7272508248834773,0.8644223701911176,0,0.6666666666666666,1.0,0.0,8.011513466819027
baseline_fixed_alpha,trust_mimicry,2,68,3.983864255698375,0.5130218097889169,0.0,0.0,3.4691269831453475,1.3154003737361872,0,0.4,1.0,0.0,7.76548711903211
baseline_fixed_alpha,trust_mimicry,3,81,4.071891981579878,0.5262533896503745,0.0,0.0,3.6779791336512244,1.0769059937509406,0,0.6666666666666666,1.0,0.0,7.737512121841362
baseline_fixed_alpha,trust_mimicry,4,94,4.09683213708849,0.5211418141280607,0.0,0.0,3.6532206264178555,1.2350838685831258,0,0.4,1.0,0.0,7.8612616106098345
baseline_fixed_alpha,trust_mimicry,5,107,4.005466412355398,0.5142890653558162,0.0,0.0,3.269467105873807,1.2859916225007701,2,0.4,1.0,0.0,7.788356164220942
baseline_fixed_alpha,trust_mimicry,6,120,4.103001193120564,0.5285425752027623,0.0,0.0,3.791767416611261,0.6448514531554146,0,0.6666666666666666,1.0,0.0,7.762858444367607
baseline_fixed_alpha,trust_mimicry,7,133,4.095270747463825,0.5196554757750013,0.0,0.0,3.5139085792055065,1.0009367082581937,400,0.6666666666666666,1.0,0.0,7.880742026928976
baseline_fixed_alpha,trust_mimicry,8,146,4.11356104717759,0.5240234611346292,0.0,0.0,3.767800681891788,1.076521188475224,400,0.6666666666666666,1.0,0.0,7.849955874629737
baseline_fixed_alpha,trust_mimicry,9,159,4.099591466250913,0.5197266583620107,0.0,0.0,3.267012157076632,1.9329928082593035,0,0.4,1.0,0.0,7.887976112619147
baseline_fixed_alpha,trust_mimicry,10,172,3.9442996319011745,0.5064346096429836,0.0,0.0,3.184883841523636,1.4417897941824958,0,0.4,1.0,0.0,7.7883690348133
baseline_fixed_alpha,trust_mimicry,11,185,4.164175908426784,0.5281716540616687,0.0,0.0,3.696021982234774,1.0208460791747966,400,0.4,1.0,0.0,7.8841336455753455
baseline_fixed_alpha,trust_mimicry,12,198,4.1439835712636715,0.5199740513734799,0.0,0.0,3.5262640738749056,1.0593743793720032,400,0.4,1.0,0.0,7.969596867992914
baseline_fixed_alpha,trust_mimicry,13,211,3.9329528122745994,0.5165089058455673,0.0,0.0,3.2503249020400404,1.610223641198933,0,0.4,1.0,0.0,7.614491769190376
baseline_fixed_alpha,trust_mimicry,14,224,4.042276467117413,0.5286038551367576,0.0,0.0,3.7656247117993513,0.8847669718391065,400,0.4,1.0,0.0,7.647080943198224
baseline_fixed_alpha,trust_mimicry,15,237,3.9581968756333676,0.5228055847831572,0.0,0.0,3.2336565981925647,1.398419270559609,0,0.4,1.0,0.0,7.571068463767654
baseline_fixed_alpha,trust_mimicry,16,250,4.079368073770123,0.5201811065430196,0.0,0.0,3.7045415799477177,0.8591645659364482,400,0.4,1.0,0.0,7.842207305221983
baseline_fixed_alpha,trust_mimicry,17,263,4.166448470051977,0.5180771458952212,0.0,0.0,3.7559330652885072,1.0314000004349277,400,0.6666666666666666,1.0,0.0,8.042139096586634
baseline_fixed_alpha,trust_mimicry,18,276,4.176701128608945,0.5269541196087851,0.0,0.0,3.666562285491858,1.0178226142347158,400,0.4,1.0,0.0,7.92611913103509
baseline_fixed_alpha,trust_mimicry,19,289,4.092452946154445,0.5152156419298353,0.0,0.0,3.4437929272334107,1.2683181982198106,0,0.4,1.0,0.0,7.943184587380553
baseline_fixed_alpha,trust_mimicry,20,302,3.9327185377449463,0.5119739898506929,0.0,0.0,3.42277161163142,0.9219444182645775,0,0.6666666666666666,1.0,0.0,7.681481121515268
baseline_fixed_alpha,trust_mimicry,21,315,4.052393058887835,0.5274231343915269,0.0,0.0,3.6565184764525154,0.8498234535145648,0,0.6666666666666666,1.0,0.0,7.6833813206979755
baseline_fixed_alpha,trust_mimicry,22,328,4.200523697987198,0.5235310518750753,0.0,0.0,3.624481224530391,1.079654836801999,400,0.4,1.0,0.0,8.02344709629473
baseline_fixed_alpha,trust_mimicry,23,341,4.0685563221397425,0.5210942612836059,0.0,0.0,3.5571291997139136,0.8292817315047589,400,0.4,1.0,0.0,7.807716615642074
baseline_fixed_alpha,trust_mimicry,24,354,4.0717714911379135,0.5212846047875229,0.0,0.0,3.0832356610009706,1.4999523437429394,400,0.4,1.0,0.0,7.811033461841021
adaptive_alpha,byzantine,0,42,6.3762232357827635,0.798179141842035,1.0,0.0,5.64821388337074,1.5871180073245714,0,0.4,1.0,1.0,7.988461363532675
adaptive_alpha,byzantine,1,55,6.436074162597382,0.8033530979200646,1.0,0.0,5.887684898898244,1.0924752218019638,0,0.6666666666666666,1.0,1.0,8.011513466819027
adaptive_alpha,byzantine,2,68,6.282071500498682,0.8089732690563884,1.0,0.0,5.621303203344028,1.7705965873101013,0,0.6666666666666666,1.0,1.0,7.76548711903211
adaptive_alpha,byzantine,3,81,6.24700536304387,0.8073661487921802,1.0,0.0,5.746308311475734,1.1327403804432237,0,0.6666666666666666,1.0,1.0,7.737512121841362
adaptive_alpha,byzantine,4,94,6.3751633580801315,0.8109593184732572,1.0,0.0,5.813381249285799,1.3814023759436225,0,0.6666666666666666,1.0,1.0,7.8612616106098345
adaptive_alpha,byzantine,5,107,6.272087554755986,0.8053159643070039,1.0,0.0,5.536727416995945,1.5423802756191414,1,0.4,1.0,1.0,7.788356164220942
adaptive_alpha,byzantine,6,120,6.306158668073037,0.8123500786811991,1.0,0.0,5.77258046724578,1.162723591637124,0,0.6666666666666666,1.0,1.0,7.762858444367607
adaptive_alpha,byzantine,7,133,6.371953957214297,0.8085474610691407,1.0,0.0,5.632327674906706,1.6586262168134756,9,0.4,1.0,1.0,7.880742026928976
adaptive_alpha,byzantine,8,146,6.315813673653411,0.8045667739439761,1.0,0.0,5.775800359027693,1.2832446050845903,4,0.4,1.0,1.0,7.849955874629737
adaptive_alpha,byzantine,9,159,6.29228879243531,0.797706370125657,1.0,0.0,5.475068724240597,2.331380760464069,0,0.4,1.0,1.0,7.887976112619147
adaptive_alpha,byzantine,10,172,6.2534070600194624,0.8029161217280926,1.0,0.0,5.295667240251166,1.7765151235585686,0,0.4,1.0,1.0,7.7883690348133
adaptive_alpha,byzantine,11,185,6.361533241679373,0.8068779053801972,1.0,0.0,5.642209008164752,1.5231098830825678,9,0.4,1.0,1.0,7.8841336455753455
adaptive_alpha,byzantine,12,198,6.342727796015139,0.795865575269996,1.0,0.0,5.587880406709761,1.5646925270359047,15,0.4,1.0,1.0,7.969596867992914
adaptive_alpha,byzantine,13,211,6.2072413223971035,0.8151878694665788,1.0,0.0,5.2101928153248265,2.1651306879660455,0,0.6666666666666666,1.0,1.0,7.614491769190376
adaptive_alpha,byzantine,14,224,6.177482035310341,0.8078222371642302,1.0,0.0,5.675106195996258,1.0184167448763581,1,0.4,1.0,1.0,7.647080943198224
adaptive_alpha,byzantine,15,237,6.054372929338496,0.7996721939991027,1.0,0.0,5.126864536809483,1.7977306091423495,0,0.6666666666666666,1.0,1.0,7.571068463767654
adaptive_alpha,byzantine,16,250,6.331839976463662,0.8074053299059571,1.0,0.0,5.857865523612839,0.9107021020142421,9,0.4,1.0,1.0,7.842207305221983
adaptive_alpha,byzantine,17,263,6.352921379708543,0.7899541780376499,1.0,0.0,5.691021174035409,1.4856016584274494,32,0.4,1.0,1.0,8.042139096586634
adaptive_alpha,byzantine,18,276,6.394883919225543,0.8068114815718673,1.0,0.0,5.690078681926816,1.4841552167329661,14,0.6666666666666666,1.0,1.0,7.92611913103509
adaptive_alpha,byzantine,19,289,6.357405792012002,0.8003598206835204,1.0,0.0,5.521106810236544,1.6216199199281505,0,0.6666666666666666,1.0,1.0,7.943184587380553
adaptive_alpha,byzantine,20,302,6.17616830655341,0.804033520209327,1.0,0.0,5.447651811418182,1.1645984586716969,0,0.4,1.0,1.0,7.681481121515268
adaptive_alpha,byzantine,21,315,6.291142725380472,0.8187987115038786,1.0,0.0,5.718947105295151,1.1759712489472083,0,0.6666666666666666,1.0,1.0,7.6833813206979755
adaptive_alpha,byzantine,22,328,6.416586228540781,0.7997293621470993,1.0,0.0,5.685402468827985,1.5492064685195182,2,0.4,1.0,1.0,8.02344709629473
adaptive_alpha,byzantine,23,341,6.301916026814914,0.8071394412791032,1.0,0.0,5.6201075090384265,1.068607953533287,18,0.4,1.0,1.0,7.807716615642074
adaptive_alpha,byzantine,24,354,6.256571434914833,0.8009915032984881,1.0,0.0,5.193684221468738,1.788474153483496,12,0.4,1.0,1.0,7.811033461841021
adaptive_alpha,burst,0,42,5.4333897136257425,0.6801547214622788,1.0,0.0,4.783926717002123,1.3833466307423006,0,0.4,1.0,1.0,7.988461363532675
adaptive_alpha,burst,1,55,5.788053314987218,0.7224669020353486,1.0,0.0,5.210006948503837,1.101661008507488,0,0.6666666666666666,1.0,1.0,8.011513466819027
adaptive_alpha,burst,2,68,5.587268465929594,0.7195000622995035,1.0,0.0,4.983725686002192,1.70207789723331,0,0.6666666666666666,1.0,1.0,7.76548711903211
adaptive_alpha,burst,3,81,5.615960726503055,0.7258096191733755,1.0,0.0,5.097150464342741,1.0860547625040065,0,0.6666666666666666,1.0,1.0,7.737512121841362
adaptive_alpha,burst,4,94,5.866256908323259,0.746223341607911,1.0,0.0,5.303774310136115,1.3451995525125824,0,0.4,1.0,1.0,7.8612616106098345
adaptive_alpha,burst,5,107,5.307055585930031,0.6814089486957724,1.0,0.0,4.729474390773476,1.3129260321861835,0,0.6666666666666666,1.0,1.0,7.788356164220942
adaptive_alpha,burst,6,120,5.402812920119983,0.6959824089076401,1.0,0.0,4.877778270248097,1.0261677353364744,0,0.4,1.0,1.0,7.762858444367607
adaptive_alpha,burst,7,133,5.617455868766702,0.7128079880766954,1.0,0.0,4.944508479479288,1.3690051634804465,0,0.6666666666666666,1.0,1.0,7.880742026928976
adaptive_alpha,burst,8,146,5.497672933295381,0.7003444377392367,1.0,0.0,5.029813280277535,1.1025400495632756,121,0.4,1.0,1.0,7.849955874629737
adaptive_alpha,burst,9,159,5.744548332079759,0.7282664463054924,1.0,0.0,4.956218569982216,2.083526308663699,0,0.4,1.0,1.0,7.887976112619147
adaptive_alpha,burst,10,172,5.492555015082159,0.7052253161773586,1.0,0.0,4.624105126329527,1.5583278387920192,0,0.6666666666666666,1.0,1.0,7.7883690348133
adaptive_alpha,burst,11,185,5.8820017886154785,0.7460555659043802,1.0,0.0,5.183212012829809,1.5578858630114594,0,0.4,1.0,1.0,7.8841336455753455
adaptive_alpha,burst,12,198,5.572030880493348,0.6991609453762276,1.0,0.0,4.923913869610545,1.4258338557680386,130,0.6666666666666666,1.0,1.0,7.969596867992914
adaptive_alpha,burst,13,211,5.685182522480045,0.7466266554365889,1.0,0.0,4.718119691937408,2.0615958139184754,0,0.6666666666666666,1.0,1.0,7.614491769190376
adaptive_alpha,burst,14,224,5.571233181405613,0.7285437702030608,1.0,0.0,5.100511684653352,0.9770442624377242,1,0.4,1.0,1.0,7.647080943198224
adaptive_alpha,burst,15,237,5.302184553335283,0.7003218341915128,1.0,0.0,4.435020710134484,1.6243406661873925,0,0.4,1.0,1.0,7.571068463767654
adaptive_alpha,burst,16,250,5.3279374133203055,0.6793925748140487,1.0,0.0,4.94565120636911,0.8566477813036997,191,0.6666666666666666,1.0,1.0,7.842207305221983
adaptive_alpha,burst,17,263,5.783695439617269,0.7191737633675189,1.0,0.0,5.192485055185113,1.307820362185967,104,0.4,1.0,1.0,8.042139096586634
adaptive_alpha,burst,18,276,5.857674899671763,0.7390344256542604,1.0,0.0,5.232840248430419,1.3542339443747062,0,0.4,1.0,1.0,7.92611913103509
adaptive_alpha,burst,19,289,5.613434361191477,0.7066982139770009,1.0,0.0,4.860316895641046,1.4367030935819454,0,0.4,1.0,1.0,7.943184587380553
adaptive_alpha,burst,20,302,5.603219353164437,0.729445176591039,1.0,0.0,4.882903811692663,1.1162163242929628,0,0.4,1.0,1.0,7.681481121515268
adaptive_alpha,burst,21,315,5.3761858436756915,0.699716130083637,1.0,0.0,4.902826605238717,1.1543913635830716,0,0.4,1.0,1.0,7.6833813206979755
adaptive_alpha,burst,22,328,5.819453819114068,0.7253059376189472,1.0,0.0,5.134744563349346,1.37115549574668,2,0.6666666666666666,1.0,1.0,8.02344709629473
adaptive_alpha,burst,23,341,5.364463761042702,0.6870720372068154,1.0,0.0,4.698602313344171,1.0768637140504866,152,0.4,1.0,1.0,7.807716615642074
adaptive_alpha,burst,24,354,5.294594700026903,0.6778353627458401,1.0,0.0,4.4082704192214015,1.517542437664181,0,0.4,1.0,1.0,7.811033461841021
adaptive_alpha,reputation_poison,0,42,4.831756702667628,0.604841969283922,0.0,0.0,4.217013772296033,1.2719886106684744,400,0.4,1.0,0.0,7.988461363532675
adaptive_alpha,reputation_poison,1,55,4.88442250865824,0.6096753789265739,0.0,0.0,4.391197320364001,0.9095625048682638,400,0.6666666666666666,1.0,0.0,8.011513466819027
adaptive_alpha,reputation_poison,2,68,4.687595220659086,0.6036447100878518,0.0,0.0,3.9682897084166533,1.6762597849677845,400,0.4,1.0,0.0,7.76548711903211
adaptive_alpha,reputation_poison,3,81,4.735619060156563,0.6120338146920521,0.0,0.0,4.225889295517764,1.0263740510735708,400,0.6666666666666666,1.0,0.0,7.737512121841362
adaptive_alpha,reputation_poison,4,94,4.780066722030851,0.6080533836425829,0.0,0.0,4.206846025072127,1.5329414563417583,400,0.4,1.0,0.0,7.8612616106098345
adaptive_alpha,reputation_poison,5,107,4.712453542680901,0.6050639497368545,0.0,0.0,3.9261322453105025,1.3918045565222439,400,0.4,1.0,0.0,7.788356164220942
adaptive_alpha,reputation_poison,6,120,4.787107241920165,0.6166681095922187,0.0,0.0,4.493751931156005,0.7240613521188592,400,0.4,1.0,0.0,7.762858444367607
adaptive_alpha,reputation_poison,7,133,4.7779419135025645,0.6062807153407694,0.0,0.0,4.015414639311441,1.34879890938939,400,0.6666666666666666,1.0,0.0,7.880742026928976
adaptive_alpha,reputation_poison,8,146,4.809148787798213,0.6126338624833415,0.0,0.0,4.304496381132625,1.1648775175501829,400,0.4,1.0,0.0,7.849955874629737
adaptive_alpha,reputation_poison,9,159,4.796181546661381,0.6080370272659006,0.0,0.0,3.8899817804263765,2.1698471295268584,0,0.4,1.0,0.0,7.887976112619147
adaptive_alpha,reputation_poison,10,172,4.650346185707208,0.5970885772002564,0.0,0.0,3.777876372654747,1.6047036153090515,400,0.4,1.0,0.0,7.7883690348133
adaptive_alpha,reputation_poison,11,185,4.867665879981567,0.6174002241468027,0.0,0.0,4.236743292392238,1.262590803112344,400,0.4,1.0,0.0,7.8841336455753455
adaptive_alpha,reputation_poison,12,198,4.8315439350829505,0.6062469677088874,0.0,0.0,4.121883184809782,1.3176225794003162,400,0.4,1.0,0.0,7.969596867992914
adaptive_alpha,reputation_poison,13,211,4.557421483678404,0.5985194576108891,0.0,0.0,3.709867535808029,1.708770454970125,400,0.4,1.0,0.0,7.614491769190376
adaptive_alpha,reputation_poison,14,224,4.755620202362259,0.621886996840565,0.0,0.0,4.453760705434644,0.9237649742538698,400,0.4,1.0,0.0,7.647080943198224
adaptive_alpha,reputation_poison,15,237,4.5561558521023695,0.601785055029743,0.0,0.0,3.8418366947024496,1.4840556740195026,400,0.4,1.0,0.0,7.571068463767654
adaptive_alpha,reputation_poison,16,250,4.781196054202812,0.6096747851869588,0.0,0.0,4.357515941415285,0.7871825379063182,400,0.4,1.0,0.0,7.842207305221983
adaptive_alpha,reputation_poison,17,263,4.862017799456155,0.6045677326719909,0.0,0.0,4.402298524727537,1.1601899436459737,400,0.6666666666666666,1.0,0.0,8.042139096586634
adaptive_alpha,reputation_poison,18,276,4.912145972889924,0.6197416278612552,0.0,0.0,4.270277546373821,1.1652021448264493,400,0.4,1.0,0.0,7.92611913103509
adaptive_alpha,reputation_poison,19,289,4.737697709023856,0.596448144557877,0.0,0.0,4.012211155113528,1.481187604200045,400,0.4,1.0,0.0,7.943184587380553
adaptive_alpha,reputation_poison,20,302,4.583437366795955,0.5966866668406021,0.0,0.0,4.030608608005605,1.0581437082770915,400,0.6666666666666666,1.0,0.0,7.681481121515268
adaptive_alpha,reputation_poison,21,315,4.781819129645667,0.6223586894957436,0.0,0.0,4.190006140736463,1.3484415240473062,400,0.4,1.0,0.0,7.6833813206979755
adaptive_alpha,reputation_poison,22,328,4.809934933395518,0.5994848443154529,0.0,0.0,4.211395096284197,1.0491328027525872,400,0.4,1.0,0.0,8.02344709629473
adaptive_alpha,reputation_poison,23,341,4.841590948335597,0.6201033140260105,0.0,0.0,4.300433305661183,0.9083570031070387,400,0.4,1.0,0.0,7.807716615642074
adaptive_alpha,reputation_poison,24,354,4.761280478580036,0.6095583256479645,0.0,0.0,3.750405229716001,1.735923855382945,400,0.4,1.0,0.0,7.811033461841021
adaptive_alpha,trust_mimicry,0,42,4.85153357164551,0.6073176486516866,0.0,0.0,4.30836735238768,1.1565853943483155,0,0.4,1.0,0.0,7.988461363532675
adaptive_alpha,trust_mimicry,1,55,4.868933173970973,0.6077419945852234,0.0,0.0,4.3757339700104865,0.899380147683229,0,0.6666666666666666,1.0,0.0,8.011513466819027
adaptive_alpha,trust_mimicry,2,68,4.68402479191599,0.6031849284040544,0.0,0.0,3.952467784295147,1.5676195537955278,0,0.4,1.0,0.0,7.76548711903211
adaptive_alpha,trust_mimicry,3,81,4.692963490378839,0.6065209871699708,0.0,0.0,4.193890333582877,1.045615821289922,0,0.6666666666666666,1.0,0.0,7.737512121841362
adaptive_alpha,trust_mimicry,4,94,4.7681916990779305,0.6065428089357326,0.0,0.0,4.2337877648284055,1.5108653865013455,0,0.4,1.0,0.0,7.8612616106098345
adaptive_alpha,trust_mimicry,5,107,4.711829766124827,0.6049838588238401,0.0,0.0,3.921957631952953,1.3970067119676655,2,0.4,1.0,0.0,7.788356164220942
adaptive_alpha,trust_mimicry,6,120,4.787957163580941,0.6167775952497079,0.0,0.0,4.502446058995477,0.6290010364990763,0,0.6666666666666666,1.0,0.0,7.762858444367607
adaptive_alpha,trust_mimicry,7,133,4.733327951682053,0.6006195781447969,0.0,0.0,3.9675562321313573,1.3709499028154473,400,0.6666666666666666,1.0,0.0,7.880742026928976
adaptive_alpha,trust_mimicry,8,146,4.806130764608233,0.6122493987693818,0.0,0.0,4.286017577375662,1.1768989740234597,400,0.6666666666666666,1.0,0.0,7.849955874629737
adaptive_alpha,trust_mimicry,9,159,4.7810404050921855,0.6061175055339607,0.0,0.0,3.902569214246534,2.2010749584992624,0,0.4,1.0,0.0,7.887976112619147
adaptive_alpha,trust_mimicry,10,172,4.620312024296878,0.5932322933908889,0.0,0.0,3.7607447343125995,1.6241287498017631,0,0.4,1.0,0.0,7.7883690348133
adaptive_alpha,trust_mimicry,11,185,4.868995064893127,0.6175688139971671,0.0,0.0,4.318620441945344,1.1929098213118952,400,0.4,1.0,0.0,7.8841336455753455
adaptive_alpha,trust_mimicry,12,198,4.821718734212497,0.6050141323430344,0.0,0.0,4.107227808490394,1.2892427578730787,400,0.4,1.0,0.0,7.969596867992914
adaptive_alpha,trust_mimicry,13,211,4.590989536061347,0.6029279005379359,0.0,0.0,3.7299539062428724,1.7564712964059939,0,0.4,1.0,0.0,7.614491769190376
adaptive_alpha,trust_mimicry,14,224,4.734683563194434,0.6191491365611538,0.0,0.0,4.44485529107702,0.928055962456046,400,0.4,1.0,0.0,7.647080943198224
adaptive_alpha,trust_mimicry,15,237,4.550164818884065,0.6009937488558555,0.0,0.0,3.8674341511485433,1.4222697019089101,0,0.4,1.0,0.0,7.571068463767654
adaptive_alpha,trust_mimicry,16,250,4.774669879522138,0.6088425992440639,0.0,0.0,4.335719507983609,0.8996175139939053,400,0.4,1.0,0.0,7.842207305221983
adaptive_alpha,trust_mimicry,17,263,4.883778876877042,0.6072736144230443,0.0,0.0,4.478094135286051,1.0854976362373998,400,0.6666666666666666,1.0,0.0,8.042139096586634
adaptive_alpha,trust_mimicry,18,276,4.89061770142631,0.6170255102874832,0.0,0.0,4.275153352075567,1.2017085846189381,400,0.4,1.0,0.0,7.92611913103509
adaptive_alpha,trust_mimicry,19,289,4.718967527988504,0.5940901254498848,0.0,0.0,3.991187713245729,1.4906950592288615,0,0.4,1.0,0.0,7.943184587380553
adaptive_alpha,trust_mimicry,20,302,4.566152489758091,0.5944364657707263,0.0,0.0,4.037203067624559,1.0105009144479045,0,0.6666666666666666,1.0,0.0,7.681481121515268
adaptive_alpha,trust_mimicry,21,315,4.785949526868697,0.6228962649525158,0.0,0.0,4.186655984377672,1.3435924501915908,0,0.6666666666666666,1.0,0.0,7.6833813206979755
adaptive_alpha,trust_mimicry,22,328,4.824225943196893,0.6012660001740083,0.0,0.0,4.241391919712765,1.055196264766482,400,0.4,1.0,0.0,8.02344709629473
adaptive_alpha,trust_mimicry,23,341,4.791931605157431,0.6137430238640087,0.0,0.0,4.254102115764744,0.920388958265562,400,0.4,1.0,0.0,7.807716615642074
adaptive_alpha,trust_mimicry,24,354,4.7704535668755,0.6107327013999411,0.0,0.0,3.734788094862485,1.7383722116411713,400,0.4,1.0,0.0,7.811033461841021
pace_trusted,byzantine,0,42,5.392575680837663,0.6750455983244495,1.0,0.0,4.542531263889858,1.9011226214181907,0,0.4,1.0,1.0,7.988461363532675
pace_trusted,byzantine,1,55,5.268919103995773,0.6576683826118311,1.0,0.0,4.4186110402592655,1.7197039687818005,0,0.6666666666666666,1.0,1.0,8.011513466819027
pace_trusted,byzantine,2,68,5.07003355368092,0.6528931766888114,1.0,0.0,4.427459734897843,1.1955607519878768,0,0.6666666666666666,1.0,1.0,7.76548711903211
pace_trusted,byzantine,3,81,5.189175868259838,0.6706517271374466,1.0,0.0,4.393816812976682,2.162885936427828,0,0.6666666666666666,1.0,1.0,7.737512121841362
pace_trusted,byzantine,4,94,5.266813176261399,0.6699704751147225,1.0,0.0,4.496107767599969,1.3263511932541316,0,0.6666666666666666,1.0,1.0,7.8612616106098345
pace_trusted,byzantine,5,107,5.126409146787371,0.6582145241813243,1.0,0.0,4.063730868994354,2.047738274632292,1,0.4,1.0,1.0,7.788356164220942
pace_trusted,byzantine,6,120,4.9792739879864465,0.6414227470036107,1.0,0.0,4.10496266764574,2.0266554801175767,0,0.6666666666666666,1.0,1.0,7.762858444367607
pace_trusted,byzantine,7,133,5.26308906331617,0.6678418155716649,1.0,0.0,4.714157983947699,1.9144366891682827,9,0.4,1.0,1.0,7.880742026928976
pace_trusted,byzantine,8,146,5.1032079742149214,0.6500938420186505,1.0,0.0,4.3546221735890605,2.13035345083287,4,0.4,1.0,1.0,7.849955874629737
pace_trusted,byzantine,9,159,5.019641552664494,0.636366221321854,1.0,0.0,3.997339935541177,2.2405694666354776,0,0.4,1.0,1.0,7.887976112619147
pace_trusted,byzantine,10,172,5.230058318145528,0.671521636271682,1.0,0.0,4.695277383150082,1.5233461181825625,0,0.4,1.0,1.0,7.7883690348133
pace_trusted,byzantine,11,185,5.1086475507425515,0.6479656206246042,1.0,0.0,4.010685935776042,2.082628049325474,9,0.4,1.0,1.0,7.8841336455753455
pace_trusted,byzantine,12,198,5.129445626903076,0.6436267369437082,1.0,0.0,4.1968211084972165,2.007436454073969,15,0.4,1.0,1.0,7.969596867992914
pace_trusted,byzantine,13,211,5.139383496530992,0.6749476724534493,1.0,0.0,4.271259555469403,1.7938023572929254,0,0.6666666666666666,1.0,1.0,7.614491769190376
pace_trusted,byzantine,14,224,5.121684235787492,0.6697567704370944,1.0,0.0,4.257905104958458,1.6585595459262557,1,0.4,1.0,1.0,7.647080943198224
pace_trusted,byzantine,15,237,4.897635014896979,0.646888221700181,1.0,0.0,4.065640555904145,1.9472386457430249,0,0.6666666666666666,1.0,1.0,7.571068463767654
pace_trusted,byzantine,16,250,5.066090374594641,0.6460031184359566,1.0,0.0,3.906184114768183,2.6070642755629647,9,0.4,1.0,1.0,7.842207305221983
pace_trusted,byzantine,17,263,5.429057998284133,0.6750763612865656,1.0,0.0,5.010325093724592,1.0584828694986612,32,0.4,1.0,1.0,8.042139096586634
pace_trusted,byzantine,18,276,5.371633906787955,0.6777129914380257,1.0,0.0,4.962457311831123,0.9247280286855606,14,0.6666666666666666,1.0,1.0,7.92611913103509
pace_trusted,byzantine,19,289,5.272066201112017,0.6637219799081369,1.0,0.0,4.405065564387115,1.76636991194027,0,0.6666666666666666,1.0,1.0,7.943184587380553
pace_trusted,byzantine,20,302,5.030112334763288,0.6548362555594013,1.0,0.0,3.868987661961211,2.3296381480397246,0,0.4,1.0,1.0,7.681481121515268
pace_trusted,byzantine,21,315,5.242710812945905,0.6823442172293026,1.0,0.0,4.714852728800557,1.4344734284914082,0,0.6666666666666666,1.0,1.0,7.6833813206979755
pace_trusted,byzantine,22,328,5.231525014513275,0.6520296017068798,1.0,0.0,4.1352552357990335,2.5329530348247884,2,0.4,1.0,1.0,8.02344709629473
pace_trusted,byzantine,23,341,5.1621176236797215,0.6611558638460151,1.0,0.0,4.360302464230974,1.720648012138147,18,0.4,1.0,1.0,7.807716615642074
pace_trusted,byzantine,24,354,4.948803465325994,0.633565774554957,1.0,0.0,3.8249012980150834,2.4349145657579667,12,0.4,1.0,1.0,7.811033461841021
pace_trusted,burst,0,42,4.768779525558938,0.5969584515146328,1.0,0.0,4.244576403794336,1.2723340603008824,0,0.4,1.0,1.0,7.988461363532675
pace_trusted,burst,1,55,4.868911949007939,0.6077393452776834,1.0,0.0,3.965380085611296,1.7769397757399594,0,0.6666666666666666,1.0,1.0,8.011513466819027
pace_trusted,burst,2,68,4.818553886001524,0.6205089020355118,1.0,0.0,4.069465092813443,1.218247297161148,0,0.6666666666666666,1.0,1.0,7.76548711903211
pace_trusted,burst,3,81,4.968160764782834,0.6420876228107955,1.0,0.0,4.061353188571476,2.390937241710482,0,0.6666666666666666,1.0,1.0,7.737512121841362
pace_trusted,burst,4,94,4.862528469514086,0.6185430164226371,1.0,0.0,3.942143497420448,1.6238615008515738,0,0.4,1.0,1.0,7.8612616106098345
pace_trusted,burst,5,107,4.71779213505587,0.6057494079083097,1.0,0.0,3.641431044034486,2.0111209461200374,0,0.6666666666666666,1.0,1.0,7.788356164220942
pace_trusted,burst,6,120,4.512680272514258,0.5813168312747559,1.0,0.0,3.794587780355123,1.4731759942129332,0,0.4,1.0,1.0,7.762858444367607
pace_trusted,burst,7,133,4.641323567141071,0.5889449941745822,1.0,0.0,3.90111613916057,2.543859164511228,0,0.6666666666666666,1.0,1.0,7.880742026928976
pace_trusted,burst,8,146,4.8147380966684175,0.613345880354457,1.0,0.0,3.9798590995290977,2.2934043499171364,121,0.4,1.0,1.0,7.849955874629737
pace_trusted,burst,9,159,4.883529553763074,0.619110591112266,1.0,0.0,3.8938861579264064,2.219617284829959,0,0.4,1.0,1.0,7.887976112619147
pace_trusted,burst,10,172,4.8590200063038544,0.6238815834977102,1.0,0.0,4.3461924316051785,1.7232024912845194,0,0.6666666666666666,1.0,1.0,7.7883690348133
pace_trusted,burst,11,185,4.873161831749402,0.6180973142793272,1.0,0.0,3.8851520935312873,1.9900804791527307,0,0.4,1.0,1.0,7.8841336455753455
pace_trusted,burst,12,198,4.844427994403477,0.6078636190319011,1.0,0.0,3.7755579060523505,1.9299817059953357,130,0.6666666666666666,1.0,1.0,7.969596867992914
pace_trusted,burst,13,211,4.976477667164038,0.6535534895841342,1.0,0.0,4.175045896468045,1.6841342212614245,0,0.6666666666666666,1.0,1.0,7.614491769190376
pace_trusted,burst,14,224,4.881400102681891,0.6383350900742986,1.0,0.0,3.920415911238415,1.7446283140593706,1,0.4,1.0,1.0,7.647080943198224
pace_trusted,burst,15,237,4.430745451277585,0.5852206293578642,1.0,0.0,3.8016976803880476,1.5365087532121193,0,0.4,1.0,1.0,7.571068463767654
pace_trusted,burst,16,250,4.543031965956986,0.5793052630643752,1.0,0.0,3.307120119036705,2.4723506605592647,191,0.6666666666666666,1.0,1.0,7.842207305221983
pace_trusted,burst,17,263,5.167526886338807,0.6425562682112881,1.0,0.0,4.730790437954094,1.0767147296470077,104,0.4,1.0,1.0,8.042139096586634
pace_trusted,burst,18,276,5.162834767644893,0.6513698169674957,1.0,0.0,4.75967311181157,0.9217600799133274,0,0.4,1.0,1.0,7.92611913103509
pace_trusted,burst,19,289,4.934214844012661,0.6211884905522298,1.0,0.0,4.021789661491587,1.874760955767914,0,0.4,1.0,1.0,7.943184587380553
pace_trusted,burst,20,302,4.748437517232675,0.618166918868374,1.0,0.0,3.861302979598391,2.0164420936910608,0,0.4,1.0,1.0,7.681481121515268
pace_trusted,burst,21,315,4.762208432956109,0.6198063371041306,1.0,0.0,4.135243344005761,1.6799703348112596,0,0.4,1.0,1.0,7.6833813206979755
pace_trusted,burst,22,328,4.942379942372821,0.6159920895664955,1.0,0.0,3.9101655016954937,2.0735135610453406,2,0.6666666666666666,1.0,1.0,8.02344709629473
pace_trusted,burst,23,341,4.679628020441328,0.5993593582874287,1.0,0.0,3.8722305217533974,1.8224018937461657,152,0.4,1.0,1.0,7.807716615642074
pace_trusted,burst,24,354,4.6004941961031225,0.5889738174311712,1.0,0.0,3.543419469432016,2.5543950644503077,0,0.4,1.0,1.0,7.811033461841021
pace_trusted,reputation_poison,0,42,3.792465319266934,0.47474290062658847,0.0,0.0,3.3652251501429187,1.2164995504528036,400,0.4,1.0,0.0,7.988461363532675
pace_trusted,reputation_poison,1,55,3.912959231539824,0.48841698235245745,0.0,0.0,3.2876007271414247,1.187323477748107,400,0.6666666666666666,1.0,0.0,8.011513466819027
pace_trusted,reputation_poison,2,68,3.9074831665027587,0.5031858409662506,0.0,0.0,3.486610809490237,0.8331778994593617,400,0.4,1.0,0.0,7.76548711903211
pace_trusted,reputation_poison,3,81,3.905666211956435,0.5047702866831788,0.0,0.0,3.264049073824408,1.7255678865160728,400,0.6666666666666666,1.0,0.0,7.737512121841362
pace_trusted,reputation_poison,4,94,4.149634456207782,0.5278585883221707,0.0,0.0,3.3129173754659504,1.31809091710348,400,0.4,1.0,0.0,7.8612616106098345
pace_trusted,reputation_poison,5,107,3.85540144896412,0.49502120443278036,0.0,0.0,2.9346814887125654,1.774786878690508,400,0.4,1.0,0.0,7.788356164220942
pace_trusted,reputation_poison,6,120,3.699300726619723,0.47653847524474374,0.0,0.0,2.7423264371581006,1.6969703622912928,400,0.4,1.0,0.0,7.762858444367607
pace_trusted,reputation_poison,7,133,3.8568956855510215,0.4894076817096377,0.0,0.0,3.262329020545822,1.8430815134439236,400,0.6666666666666666,1.0,0.0,7.880742026928976
pace_trusted,reputation_poison,8,146,3.762517684166324,0.47930431001865886,0.0,0.0,3.2483439489403483,1.6333086903755967,400,0.4,1.0,0.0,7.849955874629737
pace_trusted,reputation_poison,9,159,3.903523883043246,0.49487014505513105,0.0,0.0,3.1062181675659613,1.7243633826641291,0,0.4,1.0,0.0,7.887976112619147
pace_trusted,reputation_poison,10,172,3.839266687816203,0.4929487381318259,0.0,0.0,3.3332323314368604,1.5055300135070353,400,0.4,1.0,0.0,7.7883690348133
pace_trusted,reputation_poison,11,185,3.80803287717,0.4829995340460909,0.0,0.0,2.870713355397176,1.6463908343369713,400,0.4,1.0,0.0,7.8841336455753455
pace_trusted,reputation_poison,12,198,3.7342070063660184,0.4685565742180949,0.0,0.0,3.1482669233835945,1.5512302641852025,400,0.4,1.0,0.0,7.969596867992914
pace_trusted,reputation_poison,13,211,3.8967961000874327,0.5117604980354147,0.0,0.0,3.1158359398002573,1.3532380658199359,400,0.4,1.0,0.0,7.614491769190376
pace_trusted,reputation_poison,14,224,4.108936114484462,0.5373208607317277,0.0,0.0,3.163115276931275,1.6407185981458734,400,0.4,1.0,0.0,7.647080943198224
pace_trusted,reputation_poison,15,237,3.638011898071742,0.4805149914416872,0.0,0.0,3.162783920170351,1.5006457265059931,400,0.4,1.0,0.0,7.571068463767654
pace_trusted,reputation_poison,16,250,3.7686255627070726,0.48055673817722383,0.0,0.0,2.921808340483591,1.6505590841559696,400,0.4,1.0,0.0,7.842207305221983
pace_trusted,reputation_poison,17,263,3.9593585918220033,0.492326549475188,0.0,0.0,3.707297590394064,0.7896022003680319,400,0.6666666666666666,1.0,0.0,8.042139096586634
pace_trusted,reputation_poison,18,276,3.8547520714542602,0.4863353688895235,0.0,0.0,3.5664043630964692,0.6711895134343737,400,0.4,1.0,0.0,7.92611913103509
pace_trusted,reputation_poison,19,289,3.8574016441865524,0.48562407202708846,0.0,0.0,3.2666823994464775,1.4003969570167896,400,0.4,1.0,0.0,7.943184587380553
pace_trusted,reputation_poison,20,302,3.8280111205284135,0.49834284039394877,0.0,0.0,2.952255533066942,1.7560992818349175,400,0.6666666666666666,1.0,0.0,7.681481121515268
pace_trusted,reputation_poison,21,315,3.8714670987054207,0.5038754341498345,0.0,0.0,3.507458233608828,0.8411211281933042,400,0.4,1.0,0.0,7.6833813206979755
pace_trusted,reputation_poison,22,328,3.981218853012208,0.49619805617597407,0.0,0.0,3.2887201870593454,1.7410031757169673,400,0.4,1.0,0.0,8.02344709629473
pace_trusted,reputation_poison,23,341,4.069845058020574,0.5212593205377097,0.0,0.0,3.415810136645152,1.3192305416912418,400,0.4,1.0,0.0,7.807716615642074
pace_trusted,reputation_poison,24,354,3.7311396580003637,0.47767554398889406,0.0,0.0,3.1482330770816387,1.559513091850072,400,0.4,1.0,0.0,7.811033461841021
pace_trusted,trust_mimicry,0,42,3.791533250908975,0.4746262237954012,0.0,0.0,3.310938802682139,1.389626423070157,0,0.4,1.0,0.0,7.988461363532675
pace_trusted,trust_mimicry,1,55,3.8993202701764864,0.4867145622766721,0.0,0.0,3.274325581195268,1.1162580096099415,0,0.6666666666666666,1.0,0.0,8.011513466819027
pace_trusted,trust_mimicry,2,68,3.8880721237167184,0.5006861854406537,0.0,0.0,3.3854505846469154,0.9284071019064317,0,0.4,1.0,0.0,7.76548711903211
pace_trusted,trust_mimicry,3,81,3.933039571324183,0.5083080335631454,0.0,0.0,3.258559743624549,1.7459322823318337,0,0.6666666666666666,1.0,0.0,7.737512121841362
pace_trusted,trust_mimicry,4,94,4.1235344152345705,0.5245385053296412,0.0,0.0,3.342266388042433,1.2625548530530515,0,0.4,1.0,0.0,7.8612616106098345
pace_trusted,trust_mimicry,5,107,3.8551409461791506,0.49498775670909173,0.0,0.0,2.9250699765100237,1.8365469254241837,2,0.4,1.0,0.0,7.788356164220942
pace_trusted,trust_mimicry,6,120,3.7173254446513257,0.4788603928941221,0.0,0.0,2.7447341595891928,1.7392100609053767,0,0.6666666666666666,1.0,0.0,7.762858444367607
pace_trusted,trust_mimicry,7,133,3.858112255557098,0.48956205422962623,0.0,0.0,3.2696488040180878,1.8052812793198187,400,0.6666666666666666,1.0,0.0,7.880742026928976
pace_trusted,trust_mimicry,8,146,3.770960277367115,0.48037980564380967,0.0,0.0,3.2522270707519203,1.6328629719355616,400,0.6666666666666666,1.0,0.0,7.849955874629737
pace_trusted,trust_mimicry,9,159,3.910628613809803,0.4957708489448387,0.0,0.0,3.077977011953639,1.7385950612469254,0,0.4,1.0,0.0,7.887976112619147
pace_trusted,trust_mimicry,10,172,3.8366948151388116,0.49261851845863175,0.0,0.0,3.2843647400591265,1.5122614756204737,0,0.4,1.0,0.0,7.7883690348133
pace_trusted,trust_mimicry,11,185,3.8070828425716896,0.4828790344907791,0.0,0.0,2.83630823248915,1.6200728391895631,400,0.4,1.0,0.0,7.8841336455753455
pace_trusted,trust_mimicry,12,198,3.7411231670807603,0.46942439235611366,0.0,0.0,3.1355113389894282,1.5745149136009595,400,0.4,1.0,0.0,7.969596867992914
pace_trusted,trust_mimicry,13,211,3.8911358724250484,0.5110171486650356,0.0,0.0,3.0700048834019777,1.3960661279761948,0,0.4,1.0,0.0,7.614491769190376
pace_trusted,trust_mimicry,14,224,4.091434181626947,0.5350321530552277,0.0,0.0,3.148797013260299,1.5573112276742678,400,0.4,1.0,0.0,7.647080943198224
pace_trusted,trust_mimicry,15,237,3.66489936622436,0.4840663353875637,0.0,0.0,3.1823948869865366,1.4942687119901303,0,0.4,1.0,0.0,7.571068463767654
pace_trusted,trust_mimicry,16,250,3.7692337475573052,0.4806342909409499,0.0,0.0,2.842904742712929,1.6823281144559243,400,0.4,1.0,0.0,7.842207305221983
pace_trusted,trust_mimicry,17,263,3.9662100405215353,0.49317849304607697,0.0,0.0,3.736753403737233,0.7662941016356264,400,0.6666666666666666,1.0,0.0,8.042139096586634
pace_trusted,trust_mimicry,18,276,3.8666428262769483,0.487835567741712,0.0,0.0,3.569157332350499,0.6289655282143434,400,0.4,1.0,0.0,7.92611913103509
pace_trusted,trust_mimicry,19,289,3.8541965314370654,0.48522056727226015,0.0,0.0,3.250132031721448,1.3836944724753875,0,0.4,1.0,0.0,7.943184587380553
pace_trusted,trust_mimicry,20,302,3.7926257539273442,0.4937362591837239,0.0,0.0,2.9265605588608343,1.75805654859509,0,0.6666666666666666,1.0,0.0,7.681481121515268
pace_trusted,trust_mimicry,21,315,3.926902678895022,0.5110904320623115,0.0,0.0,3.5365714336942387,0.828647440632452,0,0.6666666666666666,1.0,0.0,7.6833813206979755
pace_trusted,trust_mimicry,22,328,3.9494568917274484,0.4922394133503203,0.0,0.0,3.266481881781721,1.7228947438668847,400,0.4,1.0,0.0,8.02344709629473
pace_trusted,trust_mimicry,23,341,4.085273691853246,0.5232353955660685,0.0,0.0,3.3395896503164098,1.321005603777862,400,0.4,1.0,0.0,7.807716615642074
pace_trusted,trust_mimicry,24,354,3.7517853264530427,0.4803186857131663,0.0,0.0,3.146515506257288,1.5448806433225246,400,0.4,1.0,0.0,7.811033461841021
generalized_mean_greedy,byzantine,0,42,5.146050459282302,0.6441854351044397,1.0,0.0,4.7335355055334745,0.915847859028494,0,0.4,1.0,1.0,7.988461363532675
generalized_mean_greedy,byzantine,1,55,5.151027426956136,0.6429531009702406,1.0,0.0,4.894111722375157,0.6656843797737997,0,0.6666666666666666,1.0,1.0,8.011513466819027
generalized_mean_greedy,byzantine,2,68,5.009034285618623,0.6450380006866779,1.0,0.0,4.474843379292512,1.2589564194154281,0,0.6666666666666666,1.0,1.0,7.76548711903211
generalized_mean_greedy,byzantine,3,81,5.0549097986580165,0.6532991120477956,1.0,0.0,4.671946237687157,0.7029132006736418,0,0.6666666666666666,1.0,1.0,7.737512121841362
generalized_mean_greedy,byzantine,4,94,5.120926648078184,0.6514128268122767,1.0,0.0,4.766420515337203,0.8007855300976807,0,0.6666666666666666,1.0,1.0,7.8612616106098345
generalized_mean_greedy,byzantine,5,107,5.019401769948229,0.6444751195389524,1.0,0.0,4.509981976613334,0.8913154138129817,1,0.4,1.0,1.0,7.788356164220942
generalized_mean_greedy,byzantine,6,120,4.999106203049971,0.6439775037605001,1.0,0.0,4.609997389260915,0.9622688588115036,0,0.6666666666666666,1.0,1.0,7.762858444367607
generalized_mean_greedy,byzantine,7,133,5.1025486653449095,0.6474705868951413,1.0,0.0,4.648890656786262,0.7907474689053879,9,0.4,1.0,1.0,7.880742026928976
generalized_mean_greedy,byzantine,8,146,5.084897222490017,0.6477612490694235,1.0,0.0,4.648556856572664,0.8301903469481795,4,0.4,1.0,1.0,7.849955874629737
generalized_mean_greedy,byzantine,9,159,5.053436844407507,0.6406506272658512,1.0,0.0,4.6513988049562425,1.1446170709666,0,0.4,1.0,1.0,7.887976112619147
generalized_mean_greedy,byzantine,10,172,5.022891880459743,0.644922172794827,1.0,0.0,4.571668524096498,0.9382842258371111,0,0.4,1.0,1.0,7.7883690348133
generalized_mean_greedy,byzantine,11,185,5.087412489148845,0.6452722287380239,1.0,0.0,4.671859754572073,0.9175288893788354,9,0.4,1.0,1.0,7.8841336455753455
generalized_mean_greedy,byzantine,12,198,5.142526330600828,0.6452680625859482,1.0,0.0,4.7979551555001825,0.8950770047580461,15,0.4,1.0,1.0,7.969596867992914
generalized_mean_greedy,byzantine,13,211,4.918593343229659,0.6459516264934695,1.0,0.0,4.4101338601815,0.9013649305532505,0,0.6666666666666666,1.0,1.0,7.614491769190376
generalized_mean_greedy,byzantine,14,224,5.008124904065267,0.6549067469358744,1.0,0.0,4.765506500988512,0.583892773765621,1,0.4,1.0,1.0,7.647080943198224
generalized_mean_greedy,byzantine,15,237,4.896908924076838,0.6467923183513187,1.0,0.0,4.486345484974002,0.787151406345389,0,0.6666666666666666,1.0,1.0,7.571068463767654
generalized_mean_greedy,byzantine,16,250,5.070818540616597,0.6466060310902558,1.0,0.0,4.8239073444727385,0.6778127200210431,9,0.4,1.0,1.0,7.842207305221983
generalized_mean_greedy,byzantine,17,263,5.20921897847535,0.6477404725176074,1.0,0.0,4.884554063286709,0.9342467512659054,32,0.4,1.0,1.0,8.042139096586634
generalized_mean_greedy,byzantine,18,276,5.173459276082363,0.6527102596560075,1.0,0.0,4.73479832444435,0.9012485873054672,14,0.6666666666666666,1.0,1.0,7.92611913103509
generalized_mean_greedy,byzantine,19,289,5.147212502734366,0.6480036370943479,1.0,0.0,4.7370326237337395,0.8594135754086114,0,0.6666666666666666,1.0,1.0,7.943184587380553
generalized_mean_greedy,byzantine,20,302,4.92998934280436,0.6418019213763111,1.0,0.0,4.515886019792707,0.8351122674394711,0,0.4,1.0,1.0,7.681481121515268
generalized_mean_greedy,byzantine,21,315,5.023356086562593,0.653794973448781,1.0,0.0,4.520128733646095,0.8734944736768275,0,0.6666666666666666,1.0,1.0,7.6833813206979755
generalized_mean_greedy,byzantine,22,328,5.2160813492491505,0.6501047849692889,1.0,0.0,4.949602810480644,0.6674605608753028,2,0.4,1.0,1.0,8.02344709629473
generalized_mean_greedy,byzantine,23,341,5.0712738583321935,0.6495207380058264,1.0,0.0,4.758008160706445,0.7439684687729233,18,0.4,1.0,1.0,7.807716615642074
generalized_mean_greedy,byzantine,24,354,5.04877372201179,0.6463643699231855,1.0,0.0,4.684635347799604,0.9762157572497205,12,0.4,1.0,1.0,7.811033461841021
generalized_mean_greedy,burst,0,42,4.571693589538442,0.572287125329068,1.0,0.0,4.162491862391801,0.8758284998904795,0,0.4,1.0,1.0,7.988461363532675
generalized_mean_greedy,burst,1,55,4.735451270557504,0.5910807352655821,1.0,0.0,4.4784667248053145,0.6576124178137137,0,0.6666666666666666,1.0,1.0,8.011513466819027
generalized_mean_greedy,burst,2,68,4.6621598771343855,0.6003692757030131,1.0,0.0,4.134311245727108,1.2424444086248831,0,0.6666666666666666,1.0,1.0,7.76548711903211
generalized_mean_greedy,burst,3,81,4.787322702477104,0.6187160197091651,1.0,0.0,4.398167923002961,0.6985352517647883,0,0.6666666666666666,1.0,1.0,7.737512121841362
generalized_mean_greedy,burst,4,94,4.879476996508599,0.6206989715140742,1.0,0.0,4.528781126363272,0.7859889886207103,0,0.4,1.0,1.0,7.8612616106098345
generalized_mean_greedy,burst,5,107,4.4782011026514725,0.574986686307947,1.0,0.0,4.028663926097218,0.8224318857285882,0,0.6666666666666666,1.0,1.0,7.788356164220942
generalized_mean_greedy,burst,6,120,4.439687649262934,0.5719140289726884,1.0,0.0,4.097762631648742,0.8540028491558251,0,0.4,1.0,1.0,7.762858444367607
generalized_mean_greedy,burst,7,133,4.571044920800529,0.5800272239823343,1.0,0.0,4.164884097534244,0.7552283149998038,0,0.6666666666666666,1.0,1.0,7.880742026928976
generalized_mean_greedy,burst,8,146,4.597504276098498,0.5856726266394906,1.0,0.0,4.1970761177711955,0.800044168487867,121,0.4,1.0,1.0,7.849955874629737
generalized_mean_greedy,burst,9,159,4.8249020827327245,0.6116780798833643,1.0,0.0,4.428268343297872,1.1107713945895314,0,0.4,1.0,1.0,7.887976112619147
generalized_mean_greedy,burst,10,172,4.610857499463817,0.5920183646734899,1.0,0.0,4.176625559505116,0.9064634930755728,0,0.6666666666666666,1.0,1.0,7.7883690348133
generalized_mean_greedy,burst,11,185,4.858507193465767,0.6162385636616409,1.0,0.0,4.46528663050847,0.8919395417858498,0,0.4,1.0,1.0,7.8841336455753455
generalized_mean_greedy,burst,12,198,4.740439969129795,0.5948155280185008,1.0,0.0,4.3989979982139005,0.8500095521806914,130,0.6666666666666666,1.0,1.0,7.969596867992914
generalized_mean_greedy,burst,13,211,4.680039252495163,0.6146226687684471,1.0,0.0,4.180051447023133,0.8827223952026904,0,0.6666666666666666,1.0,1.0,7.614491769190376
generalized_mean_greedy,burst,14,224,4.779520260084441,0.625012379963839,1.0,0.0,4.5392669449466965,0.5834887694449042,1,0.4,1.0,1.0,7.647080943198224
generalized_mean_greedy,burst,15,237,4.425375424772371,0.5845113468396949,1.0,0.0,4.044897857649859,0.747296555564378,0,0.4,1.0,1.0,7.571068463767654
generalized_mean_greedy,burst,16,250,4.51176044819704,0.5753176717469253,1.0,0.0,4.2762397795454214,0.6562943005191206,191,0.6666666666666666,1.0,1.0,7.842207305221983
generalized_mean_greedy,burst,17,263,4.885179858939501,0.6074478195748868,1.0,0.0,4.553897758426098,0.9270737838310588,104,0.4,1.0,1.0,8.042139096586634
generalized_mean_greedy,burst,18,276,4.855262799243648,0.6125649537908961,1.0,0.0,4.44755348206724,0.8705959189569707,0,0.4,1.0,1.0,7.92611913103509
generalized_mean_greedy,burst,19,289,4.771975778211439,0.6007635509053564,1.0,0.0,4.404411967882146,0.8017139676513096,0,0.4,1.0,1.0,7.943184587380553
generalized_mean_greedy,burst,20,302,4.660282676112281,0.6066906371818281,1.0,0.0,4.258284202641491,0.8157942033018859,0,0.4,1.0,1.0,7.681481121515268
generalized_mean_greedy,burst,21,315,4.564300769248351,0.5940484506414839,1.0,0.0,4.082452154025598,0.8624023129172773,0,0.4,1.0,1.0,7.6833813206979755
generalized_mean_greedy,burst,22,328,4.89159182721012,0.6096621275747033,1.0,0.0,4.636751097129242,0.6132453157766022,2,0.6666666666666666,1.0,1.0,8.02344709629473
generalized_mean_greedy,burst,23,341,4.520813094494512,0.5790185936612325,1.0,0.0,4.224400577606817,0.7260485200676516,152,0.4,1.0,1.0,7.807716615642074
generalized_mean_greedy,burst,24,354,4.5185986850979285,0.5784892238872726,1.0,0.0,4.173825774327562,0.8995043506613536,0,0.4,1.0,1.0,7.811033461841021
generalized_mean_greedy,reputation_poison,0,42,3.820368264298365,0.47823580667715887,0.0,0.0,3.5155234945451723,0.672958583231869,400,0.4,1.0,0.0,7.988461363532675
generalized_mean_greedy,reputation_poison,1,55,3.7783823496453244,0.47161904742394845,0.0,0.0,3.54715396280149,0.5659465338503589,400,0.6666666666666666,1.0,0.0,8.011513466819027
generalized_mean_greedy,reputation_poison,2,68,3.715623432492114,0.47847911863579645,0.0,0.0,3.2902836476786317,0.9926028916691929,400,0.4,1.0,0.0,7.76548711903211
generalized_mean_greedy,reputation_poison,3,81,3.805717909215058,0.4918529172280481,0.0,0.0,3.513346116643193,0.4931411187743935,400,0.6666666666666666,1.0,0.0,7.737512121841362
generalized_mean_greedy,reputation_poison,4,94,3.8137650002475736,0.4851339631160961,0.0,0.0,3.5443714861058466,0.6493264531378862,400,0.4,1.0,0.0,7.8612616106098345
generalized_mean_greedy,reputation_poison,5,107,3.748436777797346,0.4812872830620345,0.0,0.0,3.348811111992013,0.7484282134734959,400,0.4,1.0,0.0,7.788356164220942
generalized_mean_greedy,reputation_poison,6,120,3.677798622250115,0.47376860580506475,0.0,0.0,3.376046233298273,0.7038172564321217,400,0.4,1.0,0.0,7.762858444367607
generalized_mean_greedy,reputation_poison,7,133,3.7476422040919264,0.4755443321562874,0.0,0.0,3.4072972557905956,0.6239170285006033,400,0.6666666666666666,1.0,0.0,7.880742026928976
generalized_mean_greedy,reputation_poison,8,146,3.801897125224241,0.48432082752357725,0.0,0.0,3.4695806295682607,0.6722172921757834,400,0.4,1.0,0.0,7.849955874629737
generalized_mean_greedy,reputation_poison,9,159,3.7169428818928774,0.4712162953874226,0.0,0.0,3.3724285595454164,0.9279136468929501,0,0.4,1.0,0.0,7.887976112619147
generalized_mean_greedy,reputation_poison,10,172,3.7312388649454418,0.4790783344070041,0.0,0.0,3.349891993745694,0.781011581256001,400,0.4,1.0,0.0,7.7883690348133
generalized_mean_greedy,reputation_poison,11,185,3.815718951412108,0.4839744127819964,0.0,0.0,3.4791090107913805,0.7132185792338879,400,0.4,1.0,0.0,7.8841336455753455
generalized_mean_greedy,reputation_poison,12,198,3.8310650077246002,0.48071001221037,0.0,0.0,3.544963229637983,0.7366317884613784,400,0.4,1.0,0.0,7.969596867992914
generalized_mean_greedy,reputation_poison,13,211,3.6384676599531156,0.4778346040999112,0.0,0.0,3.2492475614713867,0.6703310075671687,400,0.4,1.0,0.0,7.614491769190376
generalized_mean_greedy,reputation_poison,14,224,3.7878765127825837,0.4953362650295666,0.0,0.0,3.6366716797451177,0.4245543834302934,400,0.4,1.0,0.0,7.647080943198224
generalized_mean_greedy,reputation_poison,15,237,3.6325908016204007,0.47979896351547247,0.0,0.0,3.3147374932772395,0.6278798100634342,400,0.4,1.0,0.0,7.571068463767654
generalized_mean_greedy,reputation_poison,16,250,3.7075074848812717,0.47276325919266504,0.0,0.0,3.509041077958014,0.5341868766516829,400,0.4,1.0,0.0,7.842207305221983
generalized_mean_greedy,reputation_poison,17,263,3.8361454863922178,0.4770056126013056,0.0,0.0,3.6178485333611237,0.6571962374425997,400,0.6666666666666666,1.0,0.0,8.042139096586634
generalized_mean_greedy,reputation_poison,18,276,3.87383661394023,0.4887431730330726,0.0,0.0,3.502543980696782,0.7492513026146725,400,0.4,1.0,0.0,7.92611913103509
generalized_mean_greedy,reputation_poison,19,289,3.76646685090591,0.47417591892422445,0.0,0.0,3.4885874026883212,0.6378797681298569,400,0.4,1.0,0.0,7.943184587380553
generalized_mean_greedy,reputation_poison,20,302,3.6631585722585953,0.47688180369256594,0.0,0.0,3.3656054485557907,0.5542548098280569,400,0.6666666666666666,1.0,0.0,7.681481121515268
generalized_mean_greedy,reputation_poison,21,315,3.7550779116659383,0.48872726146628614,0.0,0.0,3.3233461430844016,0.7686892227082827,400,0.4,1.0,0.0,7.6833813206979755
generalized_mean_greedy,reputation_poison,22,328,3.8322795376567576,0.4776350478370481,0.0,0.0,3.6355438772189586,0.4880395000115434,400,0.4,1.0,0.0,8.02344709629473
generalized_mean_greedy,reputation_poison,23,341,3.7835729587590583,0.484594042665304,0.0,0.0,3.5365060257605156,0.631022854833371,400,0.4,1.0,0.0,7.807716615642074
generalized_mean_greedy,reputation_poison,24,354,3.7779041390012487,0.48366252141375615,0.0,0.0,3.5082080932556248,0.7710632139626905,400,0.4,1.0,0.0,7.811033461841021
generalized_mean_greedy,trust_mimicry,0,42,3.8274610244192666,0.47912368230152874,0.0,0.0,3.521763539364147,0.6748754856750425,0,0.4,1.0,0.0,7.988461363532675
generalized_mean_greedy,trust_mimicry,1,55,3.777045301532678,0.4714521565963684,0.0,0.0,3.5435746193849007,0.5681516401145887,0,0.6666666666666666,1.0,0.0,8.011513466819027
generalized_mean_greedy,trust_mimicry,2,68,3.7131879916227026,0.47816549492718935,0.0,0.0,3.2853169610650714,0.9954632324814283,0,0.4,1.0,0.0,7.76548711903211
generalized_mean_greedy,trust_mimicry,3,81,3.803970529230882,0.4916270849506105,0.0,0.0,3.5147065858137307,0.4963814015833532,0,0.6666666666666666,1.0,0.0,7.737512121841362
generalized_mean_greedy,trust_mimicry,4,94,3.8084495488881513,0.4844578055700543,0.0,0.0,3.5398053353512253,0.6489788937106571,0,0.4,1.0,0.0,7.8612616106098345
generalized_mean_greedy,trust_mimicry,5,107,3.7486733751010233,0.4813176613984496,0.0,0.0,3.3491492713930935,0.7480532074253459,2,0.4,1.0,0.0,7.788356164220942
generalized_mean_greedy,trust_mimicry,6,120,3.6653085185827554,0.47215964903265034,0.0,0.0,3.364123156987693,0.7049384017874893,0,0.6666666666666666,1.0,0.0,7.762858444367607
generalized_mean_greedy,trust_mimicry,7,133,3.7391258023673797,0.4744636722773768,0.0,0.0,3.4046018177000845,0.60756606223431,400,0.6666666666666666,1.0,0.0,7.880742026928976
generalized_mean_greedy,trust_mimicry,8,146,3.797510272436183,0.4837619896322413,0.0,0.0,3.4635511961906045,0.6694705262252509,400,0.6666666666666666,1.0,0.0,7.849955874629737
generalized_mean_greedy,trust_mimicry,9,159,3.7167257808320238,0.47118877235011186,0.0,0.0,3.3707620516406798,0.9303549223807042,0,0.4,1.0,0.0,7.887976112619147
generalized_mean_greedy,trust_mimicry,10,172,3.7219165298865384,0.47788137840540307,0.0,0.0,3.340272715507372,0.7813499231272072,0,0.4,1.0,0.0,7.7883690348133
generalized_mean_greedy,trust_mimicry,11,185,3.8219569836178833,0.4847656261842801,0.0,0.0,3.4830543587617058,0.7180832605649421,400,0.4,1.0,0.0,7.8841336455753455
generalized_mean_greedy,trust_mimicry,12,198,3.83308154535142,0.48096304102226867,0.0,0.0,3.5457984174659956,0.7328672307192656,400,0.4,1.0,0.0,7.969596867992914
generalized_mean_greedy,trust_mimicry,13,211,3.641814328349271,0.47827411713605317,0.0,0.0,3.2482411331872405,0.6876947755784317,0,0.4,1.0,0.0,7.614491769190376
generalized_mean_greedy,trust_mimicry,14,224,3.7802572995230896,0.4943399092545867,0.0,0.0,3.627172811809704,0.4264701240858604,400,0.4,1.0,0.0,7.647080943198224
generalized_mean_greedy,trust_mimicry,15,237,3.6363038955610727,0.4802893954747714,0.0,0.0,3.3180969476741846,0.6296830846077008,0,0.4,1.0,0.0,7.571068463767654
generalized_mean_greedy,trust_mimicry,16,250,3.717113437829842,0.4739881634287688,0.0,0.0,3.5183929245443077,0.5370813693196808,400,0.4,1.0,0.0,7.842207305221983
generalized_mean_greedy,trust_mimicry,17,263,3.8420550183529625,0.4777404335102417,0.0,0.0,3.6211591649840145,0.6600906999623124,400,0.6666666666666666,1.0,0.0,8.042139096586634
generalized_mean_greedy,trust_mimicry,18,276,3.8704936706532127,0.4883214100956562,0.0,0.0,3.498291254503819,0.7561537066497266,400,0.4,1.0,0.0,7.92611913103509
generalized_mean_greedy,trust_mimicry,19,289,3.7692005956353745,0.4745200812308398,0.0,0.0,3.492042244557086,0.635355831309965,0,0.4,1.0,0.0,7.943184587380553
generalized_mean_greedy,trust_mimicry,20,302,3.660620101482683,0.47655133737549044,0.0,0.0,3.3631050777350566,0.5525250829688639,0,0.6666666666666666,1.0,0.0,7.681481121515268
generalized_mean_greedy,trust_mimicry,21,315,3.7606999710011393,0.4894589782847728,0.0,0.0,3.3272899308318946,0.767923915529007,0,0.6666666666666666,1.0,0.0,7.6833813206979755
generalized_mean_greedy,trust_mimicry,22,328,3.830497575558954,0.477412953508212,0.0,0.0,3.635418751501515,0.48667577786096405,400,0.4,1.0,0.0,8.02344709629473
generalized_mean_greedy,trust_mimicry,23,341,3.790796875648724,0.48551927051939814,0.0,0.0,3.5424711614319024,0.6304433646270038,400,0.4,1.0,0.0,7.807716615642074
generalized_mean_greedy,trust_mimicry,24,354,3.7810632797571837,0.48406696735184723,0.0,0.0,3.5078130344567104,0.7721418429231073,400,0.4,1.0,0.0,7.811033461841021
sample_resolving,byzantine,0,42,4.472911835651096,0.5599215708884739,1.0,0.0,4.158161682225967,0.6814399945787732,0,0.4,1.0,1.0,7.988461363532675
sample_resolving,byzantine,1,55,4.467183043951378,0.5575953984790684,1.0,0.0,4.274543251318207,0.5170362399246455,0,0.6666666666666666,1.0,1.0,8.011513466819027
sample_resolving,byzantine,2,68,4.356635249234648,0.5610253654992423,1.0,0.0,3.894168751033312,0.9818975264384258,0,0.6666666666666666,1.0,1.0,7.76548711903211
sample_resolving,byzantine,3,81,4.372456077987709,0.5650984462622282,1.0,0.0,4.0291541370269925,0.5780319372204481,0,0.6666666666666666,1.0,1.0,7.737512121841362
sample_resolving,byzantine,4,94,4.430773160450968,0.5636211310498866,1.0,0.0,4.16177612789144,0.61320522997827,0,0.6666666666666666,1.0,1.0,7.8612616106098345
sample_resolving,byzantine,5,107,4.364849895546743,0.5604327541668548,1.0,0.0,4.001088991918501,0.6758099224811254,1,0.4,1.0,1.0,7.788356164220942
sample_resolving,byzantine,6,120,4.356993792831535,0.5612615280899241,1.0,0.0,4.051750421481446,0.7668537868200875,0,0.6666666666666666,1.0,1.0,7.762858444367607
sample_resolving,byzantine,7,133,4.425445782317858,0.5615519156947202,1.0,0.0,4.077602666130944,0.6703966006826052,9,0.4,1.0,1.0,7.880742026928976
sample_resolving,byzantine,8,146,4.414161106469646,0.5623166775670381,1.0,0.0,4.079542546506172,0.6393374765758244,4,0.4,1.0,1.0,7.849955874629737
sample_resolving,byzantine,9,159,4.409879298683477,0.5590634702390355,1.0,0.0,4.106647259871871,0.9029383066265888,0,0.4,1.0,1.0,7.887976112619147
sample_resolving,byzantine,10,172,4.372651402496095,0.5614335148926228,1.0,0.0,4.026096783573215,0.7418267502424802,0,0.4,1.0,1.0,7.7883690348133
sample_resolving,byzantine,11,185,4.412736445312401,0.5596983313174647,1.0,0.0,4.081487202842921,0.7273034914642604,9,0.4,1.0,1.0,7.8841336455753455
sample_resolving,byzantine,12,198,4.4703521378619175,0.560925754703543,1.0,0.0,4.197521752038757,0.7022899093369563,15,0.4,1.0,1.0,7.969596867992914
sample_resolving,byzantine,13,211,4.266977412508756,0.5603758651068119,1.0,0.0,3.8913716290118647,0.7071827748692905,0,0.6666666666666666,1.0,1.0,7.614491769190376
sample_resolving,byzantine,14,224,4.3762205548023,0.5722733402861094,1.0,0.0,4.148476646627333,0.5088717759068144,1,0.4,1.0,1.0,7.647080943198224
sample_resolving,byzantine,15,237,4.2565269391775935,0.5622095427544691,1.0,0.0,3.900004960923434,0.6777240375657811,0,0.6666666666666666,1.0,1.0,7.571068463767654
sample_resolving,byzantine,16,250,4.412013819953808,0.5625984685479978,1.0,0.0,4.182155979259711,0.5343145415922601,9,0.4,1.0,1.0,7.842207305221983
sample_resolving,byzantine,17,263,4.506896113667886,0.5604101172013762,1.0,0.0,4.251942321218086,0.7825521465316418,32,0.4,1.0,1.0,8.042139096586634
sample_resolving,byzantine,18,276,4.464925432737298,0.5633179818424219,1.0,0.0,4.17384549996281,0.6758532301543108,14,0.6666666666666666,1.0,1.0,7.92611913103509
sample_resolving,byzantine,19,289,4.4748181317731595,0.5633531592457721,1.0,0.0,4.165317460871888,0.6655085836576866,0,0.6666666666666666,1.0,1.0,7.943184587380553
sample_resolving,byzantine,20,302,4.32151527297369,0.5625888034625823,1.0,0.0,3.980836993089369,0.6484217373995325,0,0.4,1.0,1.0,7.681481121515268
sample_resolving,byzantine,21,315,4.37164217597301,0.5689737361070972,1.0,0.0,3.927212046947904,0.7449500744577797,0,0.6666666666666666,1.0,1.0,7.6833813206979755
sample_resolving,byzantine,22,328,4.537432517981289,0.5655215848655248,1.0,0.0,4.314520333321128,0.5398254054104674,2,0.4,1.0,1.0,8.02344709629473
sample_resolving,byzantine,23,341,4.396075996861471,0.5630424634078444,1.0,0.0,4.168597346435109,0.5481010774565602,18,0.4,1.0,1.0,7.807716615642074
sample_resolving,byzantine,24,354,4.385737792884724,0.5614798367348215,1.0,0.0,4.132541702458392,0.7048287774855622,12,0.4,1.0,1.0,7.811033461841021
sample_resolving,burst,0,42,3.9780837074978255,0.4979787128542396,1.0,0.0,3.683742125364308,0.6343869053788609,0,0.4,1.0,1.0,7.988461363532675
sample_resolving,burst,1,55,4.111635031899618,0.5132157673988338,1.0,0.0,3.919961289886013,0.5113355131102146,0,0.6666666666666666,1.0,1.0,8.011513466819027
sample_resolving,burst,2,68,4.07455683873914,0.524700740118798,1.0,0.0,3.62031776012318,0.965972692946448,0,0.6666666666666666,1.0,1.0,7.76548711903211
sample_resolving,burst,3,81,4.150137436686773,0.5363658720445571,1.0,0.0,3.8028717652019424,0.5745189935691286,0,0.6666666666666666,1.0,1.0,7.737512121841362
sample_resolving,burst,4,94,4.227732415400311,0.5377931208515456,1.0,0.0,3.95411182385759,0.6095703966714114,0,0.4,1.0,1.0,7.8612616106098345
sample_resolving,burst,5,107,3.9045057330659216,0.501326037322599,1.0,0.0,3.585962052000288,0.6196090417314108,0,0.6666666666666666,1.0,1.0,7.788356164220942
sample_resolving,burst,6,120,3.871676752883891,0.49874370125775147,1.0,0.0,3.600625574786387,0.6881680314872605,0,0.4,1.0,1.0,7.762858444367607
sample_resolving,burst,7,133,3.9911303234878983,0.5064409302893005,1.0,0.0,3.678028184949096,0.6383742696233452,0,0.6666666666666666,1.0,1.0,7.880742026928976
sample_resolving,burst,8,146,4.0122405929388,0.5111163243485171,1.0,0.0,3.6995133805569798,0.6234938826850329,121,0.4,1.0,1.0,7.849955874629737
sample_resolving,burst,9,159,4.204623076783199,0.5330420651321018,1.0,0.0,3.9045110315909017,0.876614904527024,0,0.4,1.0,1.0,7.887976112619147
sample_resolving,burst,10,172,3.9985160738779375,0.5133958157356097,1.0,0.0,3.6660656074099864,0.718054592654513,0,0.6666666666666666,1.0,1.0,7.7883690348133
sample_resolving,burst,11,185,4.204749083402884,0.5333178345806747,1.0,0.0,3.889699452518117,0.7061042568704807,0,0.4,1.0,1.0,7.8841336455753455
sample_resolving,burst,12,198,4.11554426913373,0.5164055770075859,1.0,0.0,3.8488034703462843,0.6620234165763068,130,0.6666666666666666,1.0,1.0,7.969596867992914
sample_resolving,burst,13,211,4.060777343442055,0.5332959134413542,1.0,0.0,3.6936058361245845,0.6874283025996561,0,0.6666666666666666,1.0,1.0,7.614491769190376
sample_resolving,burst,14,224,4.160617333350446,0.5440791544191971,1.0,0.0,3.9363555114169144,0.5030788309182541,1,0.4,1.0,1.0,7.647080943198224
sample_resolving,burst,15,237,3.850025737945685,0.5085181512187468,1.0,0.0,3.5188127798846747,0.6533878443463692,0,0.4,1.0,1.0,7.571068463767654
sample_resolving,burst,16,250,3.920987687234806,0.49998521266122253,1.0,0.0,3.7086636585004658,0.5143141738475738,191,0.6666666666666666,1.0,1.0,7.842207305221983
sample_resolving,burst,17,263,4.219574372506407,0.5246830876498196,1.0,0.0,3.9625539527717426,0.7723667982846947,104,0.4,1.0,1.0,8.042139096586634
sample_resolving,burst,18,276,4.1891069761001605,0.5285193052041719,1.0,0.0,3.92084514233496,0.6507895789206111,0,0.4,1.0,1.0,7.92611913103509
sample_resolving,burst,19,289,4.1613581069843635,0.52389039448933,1.0,0.0,3.880471672838581,0.6231678618543417,0,0.4,1.0,1.0,7.943184587380553
sample_resolving,burst,20,302,4.094136635787349,0.5329879187387405,1.0,0.0,3.76344534024067,0.6332200508614396,0,0.4,1.0,1.0,7.681481121515268
sample_resolving,burst,21,315,3.969167724712068,0.5165912713481595,1.0,0.0,3.5459403001879646,0.7291679223069658,0,0.4,1.0,1.0,7.6833813206979755
sample_resolving,burst,22,328,4.24068901206612,0.5285370441371132,1.0,0.0,4.028193774591056,0.5004705916232606,2,0.6666666666666666,1.0,1.0,8.02344709629473
sample_resolving,burst,23,341,3.929116953552144,0.503235087410896,1.0,0.0,3.713316956582074,0.5329014878589184,152,0.4,1.0,1.0,7.807716615642074
sample_resolving,burst,24,354,3.938344705631508,0.5042027696938403,1.0,0.0,3.6895443070281284,0.6517285954786538,0,0.4,1.0,1.0,7.811033461841021
sample_resolving,reputation_poison,0,42,3.2947372873698395,0.4124370310420871,0.0,0.0,3.067672440989227,0.49665686537094356,400,0.4,1.0,0.0,7.988461363532675
sample_resolving,reputation_poison,1,55,3.2468277335276547,0.4052702085535916,0.0,0.0,3.0747978826909197,0.4273139633289835,400,0.6666666666666666,1.0,0.0,8.011513466819027
sample_resolving,reputation_poison,2,68,3.2112054386628275,0.41352273069806755,0.0,0.0,2.858169229994119,0.7502786693183117,400,0.4,1.0,0.0,7.76548711903211
sample_resolving,reputation_poison,3,81,3.258929573876741,0.4211857148084423,0.0,0.0,3.000783546848982,0.41420557064718055,400,0.6666666666666666,1.0,0.0,7.737512121841362
sample_resolving,reputation_poison,4,94,3.266842523454288,0.4155621177961108,0.0,0.0,3.050053553122877,0.4938925156575693,400,0.4,1.0,0.0,7.8612616106098345
sample_resolving,reputation_poison,5,107,3.2160710067427343,0.412933222226931,0.0,0.0,2.935693251648899,0.5428909164085476,400,0.4,1.0,0.0,7.788356164220942
sample_resolving,reputation_poison,6,120,3.1809906577527607,0.40977053498389493,0.0,0.0,2.9502249572376185,0.5559388779438805,400,0.4,1.0,0.0,7.762858444367607
sample_resolving,reputation_poison,7,133,3.244894464576888,0.4117498648590305,0.0,0.0,2.984425137047344,0.4730085151837149,400,0.6666666666666666,1.0,0.0,7.880742026928976
sample_resolving,reputation_poison,8,146,3.2581108372383385,0.41504829954117617,0.0,0.0,3.00947835892097,0.49766148379852027,400,0.4,1.0,0.0,7.849955874629737
sample_resolving,reputation_poison,9,159,3.1975141692528632,0.405365599946163,0.0,0.0,2.954046984573987,0.7002857658353436,0,0.4,1.0,0.0,7.887976112619147
sample_resolving,reputation_poison,10,172,3.2085280068126267,0.4119640443937362,0.0,0.0,2.9296591720669065,0.5977774593850884,400,0.4,1.0,0.0,7.7883690348133
sample_resolving,reputation_poison,11,185,3.275835266039271,0.41549717613902987,0.0,0.0,3.031032802325044,0.5383842831718724,400,0.4,1.0,0.0,7.8841336455753455
sample_resolving,reputation_poison,12,198,3.287369973691104,0.4124888658915322,0.0,0.0,3.0723003689134463,0.5503832214259341,400,0.4,1.0,0.0,7.969596867992914
sample_resolving,reputation_poison,13,211,3.1413765884288587,0.4125523651019549,0.0,0.0,2.858346451147,0.5249741118388056,400,0.4,1.0,0.0,7.614491769190376
sample_resolving,reputation_poison,14,224,3.2450832814063557,0.424355817011814,0.0,0.0,3.09611648353002,0.36844653764398183,400,0.4,1.0,0.0,7.647080943198224
sample_resolving,reputation_poison,15,237,3.132451439304168,0.4137396794514443,0.0,0.0,2.8648131219925124,0.525280571954299,400,0.4,1.0,0.0,7.571068463767654
sample_resolving,reputation_poison,16,250,3.191044479026383,0.40690641739367495,0.0,0.0,3.034673946403343,0.3883844729224051,400,0.4,1.0,0.0,7.842207305221983
sample_resolving,reputation_poison,17,263,3.2850098320956627,0.4084746349997771,0.0,0.0,3.108518608148475,0.5533632552096033,400,0.6666666666666666,1.0,0.0,8.042139096586634
sample_resolving,reputation_poison,18,276,3.3290839649673063,0.4200143739869014,0.0,0.0,3.0867084992332594,0.5408037803347097,400,0.4,1.0,0.0,7.92611913103509
sample_resolving,reputation_poison,19,289,3.2381545549991504,0.40766452288464394,0.0,0.0,3.0249352904046503,0.4880370577589934,400,0.4,1.0,0.0,7.943184587380553
sample_resolving,reputation_poison,20,302,3.1700995935104213,0.4126937947723654,0.0,0.0,2.9234617656972794,0.447955953651356,400,0.6666666666666666,1.0,0.0,7.681481121515268
sample_resolving,reputation_poison,21,315,3.232498343044312,0.42071299186159156,0.0,0.0,2.8761063632349955,0.6100496611185426,400,0.4,1.0,0.0,7.6833813206979755
sample_resolving,reputation_poison,22,328,3.2842201858192994,0.4093278295978258,0.0,0.0,3.1237264317572184,0.37370930105747524,400,0.4,1.0,0.0,8.02344709629473
sample_resolving,reputation_poison,23,341,3.2540800376489107,0.41677742646674026,0.0,0.0,3.076634401497812,0.44654059212952246,400,0.4,1.0,0.0,7.807716615642074
sample_resolving,reputation_poison,24,354,3.2500997376065834,0.4160908736960591,0.0,0.0,3.076444625502141,0.5297561233379628,400,0.4,1.0,0.0,7.811033461841021
sample_resolving,trust_mimicry,0,42,3.2923791440053827,0.4121418373549496,0.0,0.0,3.065810005899471,0.49626317804829734,0,0.4,1.0,0.0,7.988461363532675
sample_resolving,trust_mimicry,1,55,3.2460625551247198,0.4051746987094025,0.0,0.0,3.0742209849291675,0.42739590934987737,0,0.6666666666666666,1.0,0.0,8.011513466819027
sample_resolving,trust_mimicry,2,68,3.2114866241194733,0.4135589403333854,0.0,0.0,2.856987475845055,0.7518770193786386,0,0.4,1.0,0.0,7.76548711903211
sample_resolving,trust_mimicry,3,81,3.254743462454892,0.42064469964026796,0.0,0.0,2.99828192305291,0.4108399381022898,0,0.6666666666666666,1.0,0.0,7.737512121841362
sample_resolving,trust_mimicry,4,94,3.261572958900844,0.4148917973291858,0.0,0.0,3.0451020809155187,0.4935346990965632,0,0.4,1.0,0.0,7.8612616106098345
sample_resolving,trust_mimicry,5,107,3.2219214919702255,0.4136844058020181,0.0,0.0,2.940893460562358,0.5434949552405768,2,0.4,1.0,0.0,7.788356164220942
sample_resolving,trust_mimicry,6,120,3.1584309153123535,0.40686442216448937,0.0,0.0,2.9289371104165514,0.5544836002026998,0,0.6666666666666666,1.0,0.0,7.762858444367607
sample_resolving,trust_mimicry,7,133,3.2419800647069046,0.4113800519835392,0.0,0.0,2.9841828020136094,0.47124494531712324,400,0.6666666666666666,1.0,0.0,7.880742026928976
sample_resolving,trust_mimicry,8,146,3.2679770029248116,0.41630514299915783,0.0,0.0,3.017558901182277,0.496573739333106,400,0.6666666666666666,1.0,0.0,7.849955874629737
sample_resolving,trust_mimicry,9,159,3.208291251879952,0.40673186709418946,0.0,0.0,2.963776832227493,0.7033520739618253,0,0.4,1.0,0.0,7.887976112619147
sample_resolving,trust_mimicry,10,172,3.215379207934197,0.4128437152325146,0.0,0.0,2.9355024251666335,0.5990208800458694,0,0.4,1.0,0.0,7.7883690348133
sample_resolving,trust_mimicry,11,185,3.2816306266394446,0.4162322423949686,0.0,0.0,3.0363209561703135,0.5403222314720844,400,0.4,1.0,0.0,7.8841336455753455
sample_resolving,trust_mimicry,12,198,3.2881640000630186,0.4125884978283875,0.0,0.0,3.0724027696492096,0.5484497948236098,400,0.4,1.0,0.0,7.969596867992914
sample_resolving,trust_mimicry,13,211,3.1414758201954482,0.41256539706385037,0.0,0.0,2.8562918173712415,0.5339370066020996,0,0.4,1.0,0.0,7.614491769190376
sample_resolving,trust_mimicry,14,224,3.2285522659987067,0.42219407509611573,0.0,0.0,3.078905124524236,0.36850231065082184,400,0.4,1.0,0.0,7.647080943198224
sample_resolving,trust_mimicry,15,237,3.132807610704249,0.41378672319458115,0.0,0.0,2.864303338607627,0.526903026949098,0,0.4,1.0,0.0,7.571068463767654
sample_resolving,trust_mimicry,16,250,3.1918208189715678,0.4070054124743926,0.0,0.0,3.0342503951683435,0.3905729175202137,400,0.4,1.0,0.0,7.842207305221983
sample_resolving,trust_mimicry,17,263,3.2913258857653935,0.4092600048614364,0.0,0.0,3.1131938092392497,0.5551296719590106,400,0.6666666666666666,1.0,0.0,8.042139096586634
sample_resolving,trust_mimicry,18,276,3.306458662140407,0.41715984928788336,0.0,0.0,3.0653963856345867,0.5418673557770801,400,0.4,1.0,0.0,7.92611913103509
sample_resolving,trust_mimicry,19,289,3.2492983789905314,0.40906746447171033,0.0,0.0,3.035883521335051,0.48829105758956537,0,0.4,1.0,0.0,7.943184587380553
sample_resolving,trust_mimicry,20,302,3.1617494783583764,0.4116067498366359,0.0,0.0,2.9149517122437447,0.44720328173662693,0,0.6666666666666666,1.0,0.0,7.681481121515268
sample_resolving,trust_mimicry,21,315,3.2259420761890154,0.4198596869712518,0.0,0.0,2.8693316490949905,0.6092254056904332,0,0.6666666666666666,1.0,0.0,7.6833813206979755
sample_resolving,trust_mimicry,22,328,3.287941583883156,0.4097916449653597,0.0,0.0,3.128104963414411,0.3718406626932165,400,0.4,1.0,0.0,8.02344709629473
sample_resolving,trust_mimicry,23,341,3.255566643612419,0.4169678286081973,0.0,0.0,3.077408865745662,0.4467055510597313,400,0.4,1.0,0.0,7.807716615642074
sample_resolving,trust_mimicry,24,354,3.2500044537538253,0.41607867507301854,0.0,0.0,3.0749782000645163,0.5293675194261809,400,0.4,1.0,0.0,7.811033461841021
expert_advice,byzantine,0,42,6.51854070858831,0.8159945215915354,1.0,0.0,5.802210713553914,1.5918647029259292,0,0.4,1.0,1.0,7.988461363532675
expert_advice,byzantine,1,55,6.550787629835676,0.8176716742681415,1.0,0.0,6.068131083646772,1.029217756451981,0,0.6666666666666666,1.0,1.0,8.011513466819027
expert_advice,byzantine,2,68,6.465805139031463,0.8326335540734708,1.0,0.0,5.705347521563508,1.8256740221619987,0,0.6666666666666666,1.0,1.0,7.76548711903211
expert_advice,byzantine,3,81,6.43765833601667,0.8320062359378438,1.0,0.0,5.8722854249692285,1.1547714670895308,0,0.6666666666666666,1.0,1.0,7.737512121841362
expert_advice,byzantine,4,94,6.561509141593372,0.8346636286391651,1.0,0.0,5.947402404967239,1.4430827075524695,0,0.6666666666666666,1.0,1.0,7.8612616106098345
expert_advice,byzantine,5,107,6.433973516216853,0.8261016035417064,1.0,0.0,5.684104577829986,1.5650052797157628,1,0.4,1.0,1.0,7.788356164220942
expert_advice,byzantine,6,120,6.441344249042852,0.8297644862655471,1.0,0.0,5.987273829248488,1.154106812096205,0,0.6666666666666666,1.0,1.0,7.762858444367607
expert_advice,byzantine,7,133,6.518830062822479,0.8271848057641322,1.0,0.0,5.720540504623836,1.7860922279032572,9,0.4,1.0,1.0,7.880742026928976
expert_advice,byzantine,8,146,6.4712227950786465,0.8243642255357108,1.0,0.0,5.8109615067732925,1.3586850766214127,4,0.4,1.0,1.0,7.849955874629737
expert_advice,byzantine,9,159,6.472520824715069,0.8205553277931915,1.0,0.0,5.745854470561102,2.2724558454919306,0,0.4,1.0,1.0,7.887976112619147
expert_advice,byzantine,10,172,6.4413595371392285,0.8270485782513564,1.0,0.0,5.471185890101431,1.7776857649043576,0,0.4,1.0,1.0,7.7883690348133
expert_advice,byzantine,11,185,6.54140737146696,0.8296926035922872,1.0,0.0,5.881507528883904,1.490201732974846,9,0.4,1.0,1.0,7.8841336455753455
expert_advice,byzantine,12,198,6.515112535543025,0.8174958713041918,1.0,0.0,5.705321028670171,1.624051883956934,15,0.4,1.0,1.0,7.969596867992914
expert_advice,byzantine,13,211,6.335534963097846,0.8320364845271193,1.0,0.0,5.3215887581340215,2.1640968546889594,0,0.6666666666666666,1.0,1.0,7.614491769190376
expert_advice,byzantine,14,224,6.352896646350079,0.8307610045635425,1.0,0.0,5.905966615794973,0.924864336392841,1,0.4,1.0,1.0,7.647080943198224
expert_advice,byzantine,15,237,6.279909020311112,0.829461396415109,1.0,0.0,5.378388770029866,1.7524356136649448,0,0.6666666666666666,1.0,1.0,7.571068463767654
expert_advice,byzantine,16,250,6.496419721325529,0.8283917357042679,1.0,0.0,5.9291960941991535,1.0241447414782332,9,0.4,1.0,1.0,7.842207305221983
expert_advice,byzantine,17,263,6.5299739681358835,0.8119697868577569,1.0,0.0,5.800103556503436,1.639864340742605,32,0.4,1.0,1.0,8.042139096586634
expert_advice,byzantine,18,276,6.560378881566884,0.8276911781302169,1.0,0.0,5.795468846879331,1.6113363865755987,14,0.6666666666666666,1.0,1.0,7.92611913103509
expert_advice,byzantine,19,289,6.589085250341566,0.8295268953978152,1.0,0.0,5.744801120362708,1.659490788442632,0,0.6666666666666666,1.0,1.0,7.943184587380553
expert_advice,byzantine,20,302,6.382932091663821,0.8309506969672417,1.0,0.0,5.561630100612205,1.2768534113453427,0,0.4,1.0,1.0,7.681481121515268
expert_advice,byzantine,21,315,6.434730395199881,0.8374867947612595,1.0,0.0,5.824681951144608,1.1779149237503006,0,0.6666666666666666,1.0,1.0,7.6833813206979755
expert_advice,byzantine,22,328,6.658109179117212,0.8298315049889171,1.0,0.0,5.932670838502769,1.5876454496658798,2,0.4,1.0,1.0,8.02344709629473
expert_advice,byzantine,23,341,6.451661926126618,0.8263186593121579,1.0,0.0,5.795185554209127,1.0977262208077878,18,0.4,1.0,1.0,7.807716615642074
expert_advice,byzantine,24,354,6.431560552824664,0.8233943157771056,1.0,0.0,5.3331823653527906,1.9503642315503082,12,0.4,1.0,1.0,7.811033461841021
expert_advice,burst,0,42,5.76936965399269,0.722212875727216,1.0,0.0,5.071725181135599,1.44053522243449,0,0.4,1.0,1.0,7.988461363532675
expert_advice,burst,1,55,6.04251066085624,0.7542283597078469,1.0,0.0,5.556891874419786,0.9796241948634297,0,0.6666666666666666,1.0,1.0,8.011513466819027
expert_advice,burst,2,68,5.957785802796857,0.7672134035474951,1.0,0.0,5.299908765523923,1.7445874074774288,0,0.6666666666666666,1.0,1.0,7.76548711903211
expert_advice,burst,3,81,6.022047142266572,0.7782924339811508,1.0,0.0,5.38455481064104,1.1794824752667292,0,0.6666666666666666,1.0,1.0,7.737512121841362
expert_advice,burst,4,94,6.225504817599331,0.7919218474038787,1.0,0.0,5.583614314193862,1.4524120837834156,0,0.4,1.0,1.0,7.8612616106098345
expert_advice,burst,5,107,5.731160598642052,0.7358626747156898,1.0,0.0,5.099159794888496,1.3881060766872304,0,0.6666666666666666,1.0,1.0,7.788356164220942
expert_advice,burst,6,120,5.721202605854135,0.7369968996414189,1.0,0.0,5.2922089540789345,1.0083881452235826,0,0.4,1.0,1.0,7.762858444367607
expert_advice,burst,7,133,5.874830562551564,0.7454666759141346,1.0,0.0,5.145673546276257,1.5520176750510934,0,0.6666666666666666,1.0,1.0,7.880742026928976
expert_advice,burst,8,146,5.821255989534405,0.7415654409406447,1.0,0.0,5.242550673117738,1.1317464515687572,121,0.4,1.0,1.0,7.849955874629737
expert_advice,burst,9,159,6.186822241178341,0.7843358236443809,1.0,0.0,5.428557673716642,2.166023997607865,0,0.4,1.0,1.0,7.887976112619147
expert_advice,burst,10,172,5.890696897499184,0.7563453749004837,1.0,0.0,4.973181410030835,1.6126403480715936,0,0.6666666666666666,1.0,1.0,7.7883690348133
expert_advice,burst,11,185,6.238938013475524,0.7913282922311798,1.0,0.0,5.494694151974847,1.6063241406520765,0,0.4,1.0,1.0,7.8841336455753455
expert_advice,burst,12,198,5.986336020228574,0.7511466538879262,1.0,0.0,5.211675711100322,1.6294562187333756,130,0.6666666666666666,1.0,1.0,7.969596867992914
expert_advice,burst,13,211,6.00936913048251,0.7892016056537764,1.0,0.0,4.996197866235253,2.1616024153522186,0,0.6666666666666666,1.0,1.0,7.614491769190376
expert_advice,burst,14,224,6.012027559321409,0.7861859451963654,1.0,0.0,5.551988165703093,0.964444175683326,1,0.4,1.0,1.0,7.647080943198224
expert_advice,burst,15,237,5.652071562243863,0.7465355239214382,1.0,0.0,4.819314294359793,1.6020097206380877,0,0.4,1.0,1.0,7.571068463767654
expert_advice,burst,16,250,5.655027726701277,0.7211015351424971,1.0,0.0,5.179241759756325,0.9964217103502859,191,0.6666666666666666,1.0,1.0,7.842207305221983
expert_advice,burst,17,263,6.120349367332851,0.7610350049690812,1.0,0.0,5.434411679384366,1.506829372423601,104,0.4,1.0,1.0,8.042139096586634
expert_advice,burst,18,276,6.187045224284741,0.7805894816870814,1.0,0.0,5.455124870126803,1.5461813704822926,0,0.4,1.0,1.0,7.92611913103509
expert_advice,burst,19,289,6.069830857339859,0.7641558358070998,1.0,0.0,5.2832351282205865,1.5049288266405139,0,0.4,1.0,1.0,7.943184587380553
expert_advice,burst,20,302,6.005495221982897,0.7818147473098571,1.0,0.0,5.188779464171565,1.2734515577704695,0,0.4,1.0,1.0,7.681481121515268
expert_advice,burst,21,315,5.715202293484637,0.7438394705321557,1.0,0.0,5.110331496335479,1.2274960567108675,0,0.4,1.0,1.0,7.6833813206979755
expert_advice,burst,22,328,6.23867685801476,0.7775556793906965,1.0,0.0,5.546473507638337,1.4744542246176504,2,0.6666666666666666,1.0,1.0,8.02344709629473
expert_advice,burst,23,341,5.702287085069726,0.730339914443833,1.0,0.0,5.059172356618855,1.1410242805855697,152,0.4,1.0,1.0,7.807716615642074
expert_advice,burst,24,354,5.6522780895685445,0.723627432551842,1.0,0.0,4.687491273244666,1.691199373388411,0,0.4,1.0,1.0,7.811033461841021
expert_advice,reputation_poison,0,42,5.104966601808981,0.639042535163674,0.0,0.0,4.370619146468808,1.412359082893894,400,0.4,1.0,0.0,7.988461363532675
expert_advice,reputation_poison,1,55,5.179793551477785,0.6465436990065279,0.0,0.0,4.56691898826434,1.0450718445239726,400,0.6666666666666666,1.0,0.0,8.011513466819027
expert_advice,reputation_poison,2,68,4.994995838348113,0.6432302007308833,0.0,0.0,4.173666313189744,1.7816159739161428,400,0.4,1.0,0.0,7.76548711903211
expert_advice,reputation_poison,3,81,5.088950371630941,0.6576985330033809,0.0,0.0,4.491603664651223,1.0749980273676858,400,0.6666666666666666,1.0,0.0,7.737512121841362
expert_advice,reputation_poison,4,94,5.101585815683573,0.6489525560119122,0.0,0.0,4.478612124253486,1.594029687411819,400,0.4,1.0,0.0,7.8612616106098345
expert_advice,reputation_poison,5,107,5.009011417675596,0.643141031567942,0.0,0.0,4.178345797686102,1.4705257925518112,400,0.4,1.0,0.0,7.788356164220942
expert_advice,reputation_poison,6,120,5.043921137254657,0.6497504976294276,0.0,0.0,4.7111079721243545,0.7816243078217369,400,0.4,1.0,0.0,7.762858444367607
expert_advice,reputation_poison,7,133,5.02984390480722,0.6382449631798549,0.0,0.0,4.220943353745602,1.4767212780986023,400,0.6666666666666666,1.0,0.0,7.880742026928976
expert_advice,reputation_poison,8,146,5.12589308078457,0.6529836807555743,0.0,0.0,4.468278685519647,1.2630937871183976,400,0.4,1.0,0.0,7.849955874629737
expert_advice,reputation_poison,9,159,5.0906883625445944,0.6453731971120621,0.0,0.0,4.166435169052154,2.282603623997569,0,0.4,1.0,0.0,7.887976112619147
expert_advice,reputation_poison,10,172,4.960559108912948,0.6369188576889078,0.0,0.0,4.054757234346899,1.6677763796185001,400,0.4,1.0,0.0,7.7883690348133
expert_advice,reputation_poison,11,185,5.220939569928224,0.6622084054673867,0.0,0.0,4.568066287379464,1.317225146376975,400,0.4,1.0,0.0,7.8841336455753455
expert_advice,reputation_poison,12,198,5.157260356382837,0.6471168418938681,0.0,0.0,4.359586895814788,1.4968081019936381,400,0.4,1.0,0.0,7.969596867992914
expert_advice,reputation_poison,13,211,4.828175589915257,0.6340771959923756,0.0,0.0,3.8985139289217337,1.7854535390358368,400,0.4,1.0,0.0,7.614491769190376
expert_advice,reputation_poison,14,224,5.0648833621461575,0.6623289853694004,0.0,0.0,4.716613834147721,0.9726558572327315,400,0.4,1.0,0.0,7.647080943198224
expert_advice,reputation_poison,15,237,4.861256978312005,0.6420833468322458,0.0,0.0,4.161415599327359,1.5237048680429641,400,0.4,1.0,0.0,7.571068463767654
expert_advice,reputation_poison,16,250,5.048309417856852,0.6437357776164977,0.0,0.0,4.548446069209447,0.8548388026529441,400,0.4,1.0,0.0,7.842207305221983
expert_advice,reputation_poison,17,263,5.145210019430459,0.6397812768016243,0.0,0.0,4.656958668049847,1.2305477117553494,400,0.6666666666666666,1.0,0.0,8.042139096586634
expert_advice,reputation_poison,18,276,5.240141743088904,0.6611232630318264,0.0,0.0,4.477480945238277,1.384282431578855,400,0.4,1.0,0.0,7.92611913103509
expert_advice,reputation_poison,19,289,5.113332138992309,0.6437382995122549,0.0,0.0,4.311484341240509,1.6258186365429594,400,0.4,1.0,0.0,7.943184587380553
expert_advice,reputation_poison,20,302,4.958666711358942,0.6455352337546049,0.0,0.0,4.405306090516091,1.1046696131661378,400,0.6666666666666666,1.0,0.0,7.681481121515268
expert_advice,reputation_poison,21,315,5.067714480293438,0.6595682641237277,0.0,0.0,4.348177022276826,1.641912270441817,400,0.4,1.0,0.0,7.6833813206979755
expert_advice,reputation_poison,22,328,5.198392646333581,0.6479001586156437,0.0,0.0,4.604122870035324,1.1211479764719234,400,0.4,1.0,0.0,8.02344709629473
expert_advice,reputation_poison,23,341,5.08375122007576,0.6511188187710234,0.0,0.0,4.59676251657923,0.927453327089963,400,0.4,1.0,0.0,7.807716615642074
expert_advice,reputation_poison,24,354,5.09057933852546,0.6517164935209018,0.0,0.0,4.046990233434361,1.8768923751651734,400,0.4,1.0,0.0,7.811033461841021
expert_advice,trust_mimicry,0,42,5.1217263674124,0.6411405318667597,0.0,0.0,4.4564093223377235,1.2955216182476175,0,0.4,1.0,0.0,7.988461363532675
expert_advice,trust_mimicry,1,55,5.181616029755622,0.6467711814023803,0.0,0.0,4.567613375749753,1.0240050745394536,0,0.6666666666666666,1.0,0.0,8.011513466819027
expert_advice,trust_mimicry,2,68,4.993363602970051,0.6430200097469769,0.0,0.0,4.155361856160765,1.6807492511936042,0,0.4,1.0,0.0,7.76548711903211
expert_advice,trust_mimicry,3,81,5.058288351638566,0.6537357579524932,0.0,0.0,4.488389678573285,1.0562741483721476,0,0.6666666666666666,1.0,0.0,7.737512121841362
expert_advice,trust_mimicry,4,94,5.093803951630753,0.6479626558612395,0.0,0.0,4.492799170826217,1.6027188593953978,0,0.4,1.0,0.0,7.8612616106098345
expert_advice,trust_mimicry,5,107,5.019818535683437,0.6445286309252348,0.0,0.0,4.1750876118485625,1.4917433594089164,2,0.4,1.0,0.0,7.788356164220942
expert_advice,trust_mimicry,6,120,5.050028895722661,0.6505372900863267,0.0,0.0,4.723593504150142,0.7151402684195167,0,0.6666666666666666,1.0,0.0,7.762858444367607
expert_advice,trust_mimicry,7,133,4.99412008889865,0.6337119108623829,0.0,0.0,4.163471640112123,1.531705840673852,400,0.6666666666666666,1.0,0.0,7.880742026928976
expert_advice,trust_mimicry,8,146,5.1311824453796735,0.6536574889501144,0.0,0.0,4.446144856826015,1.2710670272865086,400,0.6666666666666666,1.0,0.0,7.849955874629737
expert_advice,trust_mimicry,9,159,5.097330802963099,0.646215294035743,0.0,0.0,4.19033438024564,2.319062850368244,0,0.4,1.0,0.0,7.887976112619147
expert_advice,trust_mimicry,10,172,4.942750471710124,0.634632289458355,0.0,0.0,4.039579624022327,1.6911541607399307,0,0.4,1.0,0.0,7.7883690348133
expert_advice,trust_mimicry,11,185,5.221110075840881,0.6622300319288752,0.0,0.0,4.645060282003553,1.2638380001174667,400,0.4,1.0,0.0,7.8841336455753455
expert_advice,trust_mimicry,12,198,5.156076417705301,0.6469682849847613,0.0,0.0,4.350270850231448,1.4562085778398943,400,0.4,1.0,0.0,7.969596867992914
expert_advice,trust_mimicry,13,211,4.863529739083537,0.638720204382158,0.0,0.0,3.9095612304114082,1.8287122512722425,0,0.4,1.0,0.0,7.614491769190376
expert_advice,trust_mimicry,14,224,5.058400269428085,0.6614811987739363,0.0,0.0,4.718332569449418,0.9633695160437039,400,0.4,1.0,0.0,7.647080943198224
expert_advice,trust_mimicry,15,237,4.8658062027903455,0.6426842163792736,0.0,0.0,4.192986211743968,1.467403087332289,0,0.4,1.0,0.0,7.571068463767654
expert_advice,trust_mimicry,16,250,5.0562952123957015,0.6447540871597218,0.0,0.0,4.551228319498348,0.9534406491886847,400,0.4,1.0,0.0,7.842207305221983
expert_advice,trust_mimicry,17,263,5.178603315575349,0.6439335670994959,0.0,0.0,4.756722826177848,1.137226208594698,400,0.6666666666666666,1.0,0.0,8.042139096586634
expert_advice,trust_mimicry,18,276,5.217874243157599,0.6583138805883914,0.0,0.0,4.492631642952231,1.4146392734109705,400,0.4,1.0,0.0,7.92611913103509
expert_advice,trust_mimicry,19,289,5.102687372001274,0.6423981862523985,0.0,0.0,4.291797308773755,1.6298452654989886,0,0.4,1.0,0.0,7.943184587380553
expert_advice,trust_mimicry,20,302,4.958430883028609,0.6455045328615605,0.0,0.0,4.403888406317317,1.1009212808723188,0,0.6666666666666666,1.0,0.0,7.681481121515268
expert_advice,trust_mimicry,21,315,5.087058043725686,0.6620858488465032,0.0,0.0,4.362490161811148,1.6430303085380338,0,0.6666666666666666,1.0,0.0,7.6833813206979755
expert_advice,trust_mimicry,22,328,5.225726040788252,0.6513068482998435,0.0,0.0,4.633744056730425,1.1267273690395028,400,0.4,1.0,0.0,8.02344709629473
expert_advice,trust_mimicry,23,341,5.059202457303103,0.6479746520471088,0.0,0.0,4.5793309521873,0.9125898659623815,400,0.4,1.0,0.0,7.807716615642074
expert_advice,trust_mimicry,24,354,5.098433417041914,0.6527220043223626,0.0,0.0,4.0305822408040335,1.8900763264885416,400,0.4,1.0,0.0,7.811033461841021
robust_aggregation,byzantine,0,42,5.099720341880074,0.6383858054518855,1.0,0.0,4.621534856758842,1.0593819555620891,0,0.4,1.0,1.0,7.988461363532675
robust_aggregation,byzantine,1,55,5.117617662830051,0.6387828821639617,1.0,0.0,4.384156518401745,1.3157131815740861,0,0.6666666666666666,1.0,1.0,8.011513466819027
robust_aggregation,byzantine,2,68,5.088193533377101,0.6552317266622797,1.0,0.0,4.8149839169690605,1.1626177929798596,0,0.6666666666666666,1.0,1.0,7.76548711903211
robust_aggregation,byzantine,3,81,5.068415590092492,0.6550446073984719,1.0,0.0,4.615117912501815,1.0294774185129674,0,0.6666666666666666,1.0,1.0,7.737512121841362
robust_aggregation,byzantine,4,94,5.152966903209144,0.6554885409556297,1.0,0.0,4.646348131923135,0.989923863896859,0,0.6666666666666666,1.0,1.0,7.8612616106098345
robust_aggregation,byzantine,5,107,4.96156981292233,0.6370496813840343,1.0,0.0,4.613882699371421,0.8886963498955387,1,0.4,1.0,1.0,7.788356164220942
robust_aggregation,byzantine,6,120,5.110874947580673,0.6583753889379372,1.0,0.0,4.5617788853517425,1.0326962994615636,0,0.6666666666666666,1.0,1.0,7.762858444367607
robust_aggregation,byzantine,7,133,5.150425750262559,0.6535457870164053,1.0,0.0,4.726366565824169,0.735552516834157,9,0.4,1.0,1.0,7.880742026928976
robust_aggregation,byzantine,8,146,5.05807494036885,0.644344378637342,1.0,0.0,4.74226588941329,0.837307152648564,4,0.4,1.0,1.0,7.849955874629737
robust_aggregation,byzantine,9,159,5.0952427125806405,0.6459505758935167,1.0,0.0,4.4699963382569425,1.1675567780374,0,0.4,1.0,1.0,7.887976112619147
robust_aggregation,byzantine,10,172,5.080422654433786,0.6523089278030817,1.0,0.0,4.5290334539266155,0.9985286907826945,0,0.4,1.0,1.0,7.7883690348133
robust_aggregation,byzantine,11,185,5.048479402661782,0.6403340721519908,1.0,0.0,4.518228896562918,1.323657064884035,9,0.4,1.0,1.0,7.8841336455753455
robust_aggregation,byzantine,12,198,5.081676902713261,0.6376328673689922,1.0,0.0,4.640735698471164,0.8267572564968342,15,0.4,1.0,1.0,7.969596867992914
robust_aggregation,byzantine,13,211,4.984186604260428,0.6545658929499873,1.0,0.0,4.530745469194526,1.170782832073984,0,0.6666666666666666,1.0,1.0,7.614491769190376
robust_aggregation,byzantine,14,224,4.918636027567092,0.6432043892437184,1.0,0.0,4.496438012735948,0.9232538096576262,1,0.4,1.0,1.0,7.647080943198224
robust_aggregation,byzantine,15,237,4.942394658090375,0.6528001538676946,1.0,0.0,4.177853932396556,1.3810697195782229,0,0.6666666666666666,1.0,1.0,7.571068463767654
robust_aggregation,byzantine,16,250,5.117451993580482,0.6525525014077177,1.0,0.0,4.846319157506787,0.7388804915599216,9,0.4,1.0,1.0,7.842207305221983
robust_aggregation,byzantine,17,263,5.004653113709597,0.622303724618957,1.0,0.0,4.694142779726729,0.5540235817327357,32,0.4,1.0,1.0,8.042139096586634
robust_aggregation,byzantine,18,276,5.126987340425094,0.646847120976284,1.0,0.0,4.805735217102721,1.1351843158325012,14,0.6666666666666666,1.0,1.0,7.92611913103509
robust_aggregation,byzantine,19,289,5.197999913559151,0.6543974719934478,1.0,0.0,4.663682163940898,0.9408113735067944,0,0.6666666666666666,1.0,1.0,7.943184587380553
robust_aggregation,byzantine,20,302,5.055212018353666,0.6581038133641163,1.0,0.0,4.766225441150241,0.620613576235308,0,0.4,1.0,1.0,7.681481121515268
robust_aggregation,byzantine,21,315,5.050360560518337,0.6573096335741346,1.0,0.0,4.593297790999054,1.0095961295167655,0,0.6666666666666666,1.0,1.0,7.6833813206979755
robust_aggregation,byzantine,22,328,5.139492511940715,0.6405591574616551,1.0,0.0,4.643878645385128,0.9660119783711094,2,0.4,1.0,1.0,8.02344709629473
robust_aggregation,byzantine,23,341,5.075143198438093,0.6500163169690982,1.0,0.0,4.704613473026541,0.8798961098802414,18,0.4,1.0,1.0,7.807716615642074
robust_aggregation,byzantine,24,354,5.084071249587317,0.6508833017326529,1.0,0.0,4.386981602236832,1.0574334069163402,12,0.4,1.0,1.0,7.811033461841021
robust_aggregation,burst,0,42,4.542263367384462,0.568603033885836,1.0,0.0,4.075496684305392,1.0427323409462694,0,0.4,1.0,1.0,7.988461363532675
robust_aggregation,burst,1,55,4.790763974103352,0.5979848868687636,1.0,0.0,4.0435291344611715,1.366827552571797,0,0.6666666666666666,1.0,1.0,8.011513466819027
robust_aggregation,burst,2,68,4.6853011702137835,0.6033492939201165,1.0,0.0,4.387174172271347,1.1967589800072203,0,0.6666666666666666,1.0,1.0,7.76548711903211
robust_aggregation,burst,3,81,4.745383028138747,0.6132957148775939,1.0,0.0,4.270109244437572,1.0446493848306568,0,0.6666666666666666,1.0,1.0,7.737512121841362
robust_aggregation,burst,4,94,4.947011989445247,0.629289830880146,1.0,0.0,4.445944572890999,0.9803216924847904,0,0.4,1.0,1.0,7.8612616106098345
robust_aggregation,burst,5,107,4.46516680014,0.5733131235898793,1.0,0.0,4.1045248486165935,0.9615004128528541,0,0.6666666666666666,1.0,1.0,7.788356164220942
robust_aggregation,burst,6,120,4.6036526065256655,0.593035753455723,1.0,0.0,4.06356465277706,1.0540765818738818,0,0.4,1.0,1.0,7.762858444367607
robust_aggregation,burst,7,133,4.661485402479517,0.5915033618091973,1.0,0.0,4.243952190628847,0.7707481100132103,0,0.6666666666666666,1.0,1.0,7.880742026928976
robust_aggregation,burst,8,146,4.640959242189263,0.5912083222261635,1.0,0.0,4.319684004558755,0.8492264738198338,121,0.4,1.0,1.0,7.849955874629737
robust_aggregation,burst,9,159,4.905049535392626,0.6218387917713837,1.0,0.0,4.292064895012068,1.1377418627080944,0,0.4,1.0,1.0,7.887976112619147
robust_aggregation,burst,10,172,4.620192525847409,0.5932169501978616,1.0,0.0,4.160871338900427,0.8355231654171309,0,0.6666666666666666,1.0,1.0,7.7883690348133
robust_aggregation,burst,11,185,4.852581899359168,0.6154870170272273,1.0,0.0,4.321815072353037,1.3308772965685929,0,0.4,1.0,1.0,7.8841336455753455
robust_aggregation,burst,12,198,4.694027339102249,0.5889918168827536,1.0,0.0,4.237351123931562,0.8611319190743121,130,0.6666666666666666,1.0,1.0,7.969596867992914
robust_aggregation,burst,13,211,4.741643994297716,0.622713128863475,1.0,0.0,4.292205248416948,1.160597139910485,0,0.6666666666666666,1.0,1.0,7.614491769190376
robust_aggregation,burst,14,224,4.732098085673027,0.6188110366324866,1.0,0.0,4.295420003342139,0.9372925487226222,1,0.4,1.0,1.0,7.647080943198224
robust_aggregation,burst,15,237,4.614713946286542,0.6095195108023211,1.0,0.0,3.890916100790482,1.3437448784031365,0,0.4,1.0,1.0,7.571068463767654
robust_aggregation,burst,16,250,4.611277942476536,0.5880076569011342,1.0,0.0,4.331121626804052,0.7238568042405404,191,0.6666666666666666,1.0,1.0,7.842207305221983
robust_aggregation,burst,17,263,4.775470830642782,0.5938060475315156,1.0,0.0,4.448244262830221,0.5841097303221785,104,0.4,1.0,1.0,8.042139096586634
robust_aggregation,burst,18,276,4.874537297748666,0.614996723763864,1.0,0.0,4.559682944090645,1.086958345861114,0,0.4,1.0,1.0,7.92611913103509
robust_aggregation,burst,19,289,4.6823592867913515,0.5894813642163472,1.0,0.0,4.168321784789837,0.9096468293010895,0,0.4,1.0,1.0,7.943184587380553
robust_aggregation,burst,20,302,4.727635345232308,0.6154588249902153,1.0,0.0,4.404924628923753,0.6910402485809648,0,0.4,1.0,1.0,7.681481121515268
robust_aggregation,burst,21,315,4.547584999938065,0.5918728760327819,1.0,0.0,4.109844255369106,0.9900275006039916,0,0.4,1.0,1.0,7.6833813206979755
robust_aggregation,burst,22,328,4.8566144108631,0.605302727440667,1.0,0.0,4.371226934607083,0.9598798158093285,2,0.6666666666666666,1.0,1.0,8.02344709629473
robust_aggregation,burst,23,341,4.543799591756483,0.5819626678885066,1.0,0.0,4.119846066533566,0.9186928121688425,152,0.4,1.0,1.0,7.807716615642074
robust_aggregation,burst,24,354,4.459607221118576,0.5709368987989804,1.0,0.0,3.8301701476135928,0.9219720889948619,0,0.4,1.0,1.0,7.811033461841021
robust_aggregation,reputation_poison,0,42,3.770317780495587,0.4719704595063935,0.0,0.0,3.4467467500234648,0.8640507332910641,400,0.4,1.0,0.0,7.988461363532675
robust_aggregation,reputation_poison,1,55,3.916663472978697,0.48887934710466247,0.0,0.0,3.3441134818712324,0.9762724976264141,400,0.6666666666666666,1.0,0.0,8.011513466819027
robust_aggregation,reputation_poison,2,68,3.79694910474676,0.4889518257574563,0.0,0.0,3.5112875502956666,0.9163795879230556,400,0.4,1.0,0.0,7.76548711903211
robust_aggregation,reputation_poison,3,81,3.90082274343915,0.5041443143498221,0.0,0.0,3.5627239619352666,0.864997966163096,400,0.6666666666666666,1.0,0.0,7.737512121841362
robust_aggregation,reputation_poison,4,94,3.9402825844438505,0.5012277646536921,0.0,0.0,3.5902228192090124,0.7061028328122969,400,0.4,1.0,0.0,7.8612616106098345
robust_aggregation,reputation_poison,5,107,3.8315405262930793,0.49195753834356687,0.0,0.0,3.5554734975371263,0.7202826372430371,400,0.4,1.0,0.0,7.788356164220942
robust_aggregation,reputation_poison,6,120,3.809107253689933,0.49068359045676735,0.0,0.0,3.51250608937508,0.5422442229478328,400,0.4,1.0,0.0,7.762858444367607
robust_aggregation,reputation_poison,7,133,3.901438950983318,0.49505984812748133,0.0,0.0,3.6687179961803733,0.4840160677542502,400,0.6666666666666666,1.0,0.0,7.880742026928976
robust_aggregation,reputation_poison,8,146,3.8980706925655633,0.4965723062423489,0.0,0.0,3.609821272893892,0.636453181531476,400,0.4,1.0,0.0,7.849955874629737
robust_aggregation,reputation_poison,9,159,3.8175518067717795,0.4839710151586892,0.0,0.0,3.278919831552039,0.9743616267527182,0,0.4,1.0,0.0,7.887976112619147
robust_aggregation,reputation_poison,10,172,3.841655849983046,0.4932554983991121,0.0,0.0,3.483638991383526,0.6316667299297776,400,0.4,1.0,0.0,7.7883690348133
robust_aggregation,reputation_poison,11,185,3.8624576044554657,0.4899026041527233,0.0,0.0,3.596672810017901,0.5161805127795138,400,0.4,1.0,0.0,7.8841336455753455
robust_aggregation,reputation_poison,12,198,3.824091908382596,0.4798350495921215,0.0,0.0,3.521918432727484,0.5567849063851118,400,0.4,1.0,0.0,7.969596867992914
robust_aggregation,reputation_poison,13,211,3.7826380400516615,0.49676828798435446,0.0,0.0,3.427386655945051,0.9818496838694393,400,0.4,1.0,0.0,7.614491769190376
robust_aggregation,reputation_poison,14,224,3.850924236163457,0.503580943469508,0.0,0.0,3.575347488824067,0.6017522572767402,400,0.4,1.0,0.0,7.647080943198224
robust_aggregation,reputation_poison,15,237,3.7747315252968696,0.4985731595693983,0.0,0.0,3.2964849270227594,0.8177561621004052,400,0.4,1.0,0.0,7.571068463767654
robust_aggregation,reputation_poison,16,250,3.921085228734107,0.49999765067714136,0.0,0.0,3.7788781314734017,0.5060606853792056,400,0.4,1.0,0.0,7.842207305221983
robust_aggregation,reputation_poison,17,263,3.8535904554036478,0.47917480773731536,0.0,0.0,3.4712306300942184,0.5745462195317477,400,0.6666666666666666,1.0,0.0,8.042139096586634
robust_aggregation,reputation_poison,18,276,3.913748516669163,0.49377866418190686,0.0,0.0,3.665888898136671,0.6762295136326046,400,0.4,1.0,0.0,7.92611913103509
robust_aggregation,reputation_poison,19,289,3.7801847047261825,0.4759029156557452,0.0,0.0,3.5236268337722065,0.6727649582004687,400,0.4,1.0,0.0,7.943184587380553
robust_aggregation,reputation_poison,20,302,3.753109860444316,0.48859195265508487,0.0,0.0,3.515766236397948,0.475797211443727,400,0.6666666666666666,1.0,0.0,7.681481121515268
robust_aggregation,reputation_poison,21,315,3.8755323795020176,0.5044045346365753,0.0,0.0,3.4883934830413694,0.8527631324967051,400,0.4,1.0,0.0,7.6833813206979755
robust_aggregation,reputation_poison,22,328,3.91268077989427,0.4876558333264473,0.0,0.0,3.5630422702621396,0.8233255294105137,400,0.4,1.0,0.0,8.02344709629473
robust_aggregation,reputation_poison,23,341,3.8291746816863457,0.49043463924073916,0.0,0.0,3.4467562881982188,0.8667278012578912,400,0.4,1.0,0.0,7.807716615642074
robust_aggregation,reputation_poison,24,354,3.8220755608066943,0.489317524944497,0.0,0.0,3.4993797751516498,0.5226653606042007,400,0.4,1.0,0.0,7.811033461841021
robust_aggregation,trust_mimicry,0,42,3.7873305842780702,0.4741001316683127,0.0,0.0,3.5275839601610652,0.7612956124526935,0,0.4,1.0,0.0,7.988461363532675
robust_aggregation,trust_mimicry,1,55,3.917141944120086,0.48893907004507453,0.0,0.0,3.337394405626393,0.9683239637550698,0,0.6666666666666666,1.0,0.0,8.011513466819027
robust_aggregation,trust_mimicry,2,68,3.772160250980639,0.48575964304101515,0.0,0.0,3.494162683437358,0.9444126796125007,0,0.4,1.0,0.0,7.76548711903211
robust_aggregation,trust_mimicry,3,81,3.8388854597835795,0.49613950832428644,0.0,0.0,3.519229817798076,0.8287540093407579,0,0.6666666666666666,1.0,0.0,7.737512121841362
robust_aggregation,trust_mimicry,4,94,3.9361214559098667,0.5006984439491925,0.0,0.0,3.618542239131125,0.6826889807959788,0,0.4,1.0,0.0,7.8612616106098345
robust_aggregation,trust_mimicry,5,107,3.817224035105106,0.49011934670388013,0.0,0.0,3.544215149187161,0.7147438457558146,2,0.4,1.0,0.0,7.788356164220942
robust_aggregation,trust_mimicry,6,120,3.8418393914304634,0.4949000962677524,0.0,0.0,3.543810354515417,0.5380273738689829,0,0.6666666666666666,1.0,0.0,7.762858444367607
robust_aggregation,trust_mimicry,7,133,3.8512481771679403,0.4886910603098021,0.0,0.0,3.643336201556654,0.44089464795551825,400,0.6666666666666666,1.0,0.0,7.880742026928976
robust_aggregation,trust_mimicry,8,146,3.8967125500303905,0.4963992934819126,0.0,0.0,3.5896277253705295,0.6543421393920874,400,0.6666666666666666,1.0,0.0,7.849955874629737
robust_aggregation,trust_mimicry,9,159,3.830492320619381,0.48561155180114923,0.0,0.0,3.288144056178227,0.9885810295581954,0,0.4,1.0,0.0,7.887976112619147
robust_aggregation,trust_mimicry,10,172,3.812773121099709,0.4895470545960214,0.0,0.0,3.469097726929524,0.6439391922820312,0,0.4,1.0,0.0,7.7883690348133
robust_aggregation,trust_mimicry,11,185,3.8708297850126554,0.49096450656756735,0.0,0.0,3.601105158133984,0.5294083723154404,400,0.4,1.0,0.0,7.8841336455753455
robust_aggregation,trust_mimicry,12,198,3.8301226933654493,0.480591773562323,0.0,0.0,3.517823637390089,0.5582285050460705,400,0.4,1.0,0.0,7.969596867992914
robust_aggregation,trust_mimicry,13,211,3.787787088646669,0.49744450495996945,0.0,0.0,3.4329111201071867,0.9755334383794456,0,0.4,1.0,0.0,7.614491769190376
robust_aggregation,trust_mimicry,14,224,3.8513933788043984,0.5036422927143278,0.0,0.0,3.563924677441721,0.6208031195187762,400,0.4,1.0,0.0,7.647080943198224
robust_aggregation,trust_mimicry,15,237,3.782291706010918,0.4995717214963216,0.0,0.0,3.3131545229360304,0.8151535111097088,0,0.4,1.0,0.0,7.571068463767654
robust_aggregation,trust_mimicry,16,250,3.9074062889318353,0.49825337903653283,0.0,0.0,3.749663056713059,0.5208330276875293,400,0.4,1.0,0.0,7.842207305221983
robust_aggregation,trust_mimicry,17,263,3.854129839644488,0.47924187748509794,0.0,0.0,3.461762125596739,0.5813997872442571,400,0.6666666666666666,1.0,0.0,8.042139096586634
robust_aggregation,trust_mimicry,18,276,3.9055561709705557,0.49274507566738024,0.0,0.0,3.6728642729137033,0.6737043942584848,400,0.4,1.0,0.0,7.92611913103509
robust_aggregation,trust_mimicry,19,289,3.790876919100124,0.4772490022607233,0.0,0.0,3.5335663152058205,0.6625510182615542,0,0.4,1.0,0.0,7.943184587380553
robust_aggregation,trust_mimicry,20,302,3.7548993056910867,0.4888249084117239,0.0,0.0,3.5257187875628393,0.4764819082635947,0,0.6666666666666666,1.0,0.0,7.681481121515268
robust_aggregation,trust_mimicry,21,315,3.8676359918693572,0.5033768116454765,0.0,0.0,3.474391776836104,0.8395619845557847,0,0.6666666666666666,1.0,0.0,7.6833813206979755
robust_aggregation,trust_mimicry,22,328,3.928451662138025,0.4896214326573182,0.0,0.0,3.606522601968505,0.7836908042219481,400,0.4,1.0,0.0,8.02344709629473
robust_aggregation,trust_mimicry,23,341,3.8157992084876073,0.4887215297802931,0.0,0.0,3.461137037378243,0.8596300523538347,400,0.4,1.0,0.0,7.807716615642074
robust_aggregation,trust_mimicry,24,354,3.8290127884284915,0.49020565679743133,0.0,0.0,3.5057248989833485,0.5413987294104987,400,0.4,1.0,0.0,7.811033461841021
